Time_s,Gyro_X,Gyro_Y,Gyro_Z
0.0,0.109,-0.398,0.029
0.02,-0.022,-0.209,0.125
0.04,0.13,-0.108,0.07
0.06,0.314,0.027,-0.24
0.08,-0.065,0.203,-0.023
0.1,-0.077,0.133,0.14
0.12,0.288,-0.25,0.102
0.14,0.134,-0.095,-0.133
0.16,-0.105,-0.0,0.108
0.18,0.07,-0.083,0.202
0.2,-0.136,-0.093,-0.179
0.22,-0.128,-0.387,-0.371
0.24,0.003,-0.268,0.373
0.26,-0.43,-0.123,0.078
0.28,-0.388,-0.669,-0.084
0.3,-0.155,0.074,-0.083
0.32,-0.24,-0.315,0.039
0.34,0.024,0.116,0.223
0.36,-0.215,0.101,-0.287
0.38,-0.31,-0.153,-0.07
0.4,0.274,0.164,0.359
0.42,-0.056,0.102,0.195
0.44,0.012,-0.104,0.166
0.46,-0.291,-0.141,0.119
0.48,-0.119,0.152,0.111
0.5,0.014,-0.022,-0.049
0.52,-0.219,0.145,-0.066
0.54,0.089,-0.567,0.215
0.56,-0.09,-0.079,-0.049
0.58,-0.013,-0.405,0.125
0.6,-0.06,-0.103,0.1
0.62,0.445,0.034,0.504
0.64,0.062,0.235,0.035
0.66,-0.158,-0.285,0.29
0.68,0.21,-0.194,0.195
0.7,-0.188,-0.104,0.031
0.72,0.096,-0.282,-0.19
0.74,-0.344,0.116,0.065
0.76,-0.222,-0.086,0.246
0.78,0.088,-0.054,-0.163
0.8,0.189,0.038,0.253
0.82,0.071,-0.103,0.331
0.84,0.01,-0.243,0.094
0.86,-0.018,-0.083,0.257
0.88,-0.27,-0.246,0.117
0.9,-0.118,-0.06,0.197
0.92,-0.07,0.126,0.378
0.94,0.24,-0.311,-0.224
0.96,0.096,-0.372,-0.083
0.98,-0.334,-0.056,0.313
1.0,0.105,-0.213,0.335
1.02,-0.022,-0.06,-0.243
1.04,-0.078,0.013,0.367
1.06,0.186,-0.491,-0.469
1.08,0.262,0.082,0.163
1.1,0.244,-0.299,0.053
1.12,-0.083,-0.056,-0.144
1.14,0.035,-0.196,-0.162
1.16,0.153,-0.156,-0.152
1.18,0.286,0.311,-0.058
1.2,-0.004,0.045,0.385
1.22,0.06,0.17,0.137
1.24,-0.107,0.026,0.258
1.26,-0.134,0.114,-0.089
1.28,0.266,0.069,0.018
1.3,0.363,0.041,-0.255
1.32,0.08,0.225,-0.087
1.34,0.296,0.042,-0.154
1.36,0.189,0.451,0.059
1.38,-0.021,0.194,-0.18
1.4,0.189,-0.232,-0.191
1.42,0.398,-0.032,0.078
1.44,0.103,0.077,-0.017
1.46,0.423,0.016,-0.158
1.48,-0.412,0.152,-0.186
1.5,0.274,0.173,-0.157
1.52,0.131,-0.269,0.152
1.54,0.048,0.271,0.065
1.56,0.128,-0.082,-0.177
1.58,-0.274,-0.103,-0.17
1.6,0.075,-0.102,-0.253
1.62,0.188,0.168,-0.114
1.64,0.409,-0.041,-0.012
1.66,0.019,-0.123,-0.213
1.68,-0.04,-0.075,0.407
1.7,0.017,-0.347,0.094
1.72,0.302,-0.173,-0.026
1.74,0.195,-0.273,0.004
1.76,0.01,-0.095,-0.309
1.78,0.226,0.084,-0.273
1.8,0.147,0.059,0.243
1.82,0.325,0.183,0.296
1.84,-0.009,0.125,-0.471
1.86,0.066,-0.187,0.07
1.88,0.06,-0.089,0.253
1.9,-0.169,-0.106,-0.095
1.92,0.174,-0.518,0.278
1.94,0.151,-0.328,0.122
1.96,0.117,-0.134,0.051
1.98,0.082,-0.134,-0.079
2.0,-0.176,0.007,-0.014
2.02,0.027,0.006,-0.099
2.04,0.04,-0.435,0.035
2.06,-0.046,0.028,0.028
2.08,0.086,-0.039,-0.118
2.1,0.197,0.054,-0.412
2.12,0.493,0.152,-0.073
2.14,0.161,-0.091,-0.227
2.16,0.172,0.179,-0.24
2.18,0.102,-0.249,-0.164
2.2,-0.261,-0.265,0.136
2.22,0.126,0.009,-0.247
2.24,0.146,-0.17,-0.193
2.26,0.622,-0.034,0.132
2.28,0.074,0.315,-0.165
2.3,0.157,0.006,-0.216
2.32,0.088,-0.04,0.183
2.34,-0.138,-0.251,-0.014
2.36,0.321,-0.42,0.025
2.38,0.233,-0.093,-0.012
2.4,0.228,0.141,0.121
2.42,-0.11,-0.129,0.174
2.44,0.366,0.011,0.008
2.46,-0.203,0.211,-0.278
2.48,0.195,0.209,0.081
2.5,0.509,-0.016,-0.048
2.52,-0.122,-0.06,0.176
2.54,-0.038,-0.395,-0.183
2.56,0.105,-0.215,-0.057
2.58,-0.014,-0.143,-0.303
2.6,-0.223,-0.275,0.148
2.62,0.093,-0.057,0.242
2.64,-0.142,0.278,-0.096
2.66,0.17,0.201,-0.021
2.68,-0.106,-0.032,-0.148
2.7,0.408,0.07,-0.128
2.72,-0.07,-0.227,0.17
2.74,0.032,0.197,-0.075
2.76,0.261,-0.419,0.12
2.78,-0.158,0.09,0.023
2.8,0.107,0.003,0.175
2.82,0.316,-0.246,-0.044
2.84,-0.272,-0.134,0.228
2.86,0.082,-0.305,0.381
2.88,0.106,-0.297,-0.327
2.9,0.206,-0.403,-0.014
2.92,-0.195,0.062,-0.022
2.94,-0.226,0.151,-0.151
2.96,0.146,-0.515,0.089
2.98,0.088,0.279,0.233
3.0,0.086,-0.099,-0.387
3.02,0.115,-0.031,-0.414
3.04,-0.106,-0.373,0.33
3.06,0.096,0.201,-0.064
3.08,0.104,-0.022,-0.019
3.1,-0.094,0.17,-0.255
3.12,0.429,0.191,-0.056
3.14,0.144,0.192,0.206
3.16,-0.196,-0.193,0.043
3.18,0.17,-0.096,-0.002
3.2,-0.152,-0.174,-0.386
3.22,0.206,0.131,0.126
3.24,0.294,0.019,-0.024
3.26,-0.089,0.188,-0.155
3.28,0.28,0.179,0.1
3.3,0.179,-0.394,-0.19
3.32,0.269,0.222,0.096
3.34,0.479,0.154,0.227
3.36,0.045,-0.106,0.002
3.38,-0.072,0.031,-0.134
3.4,-0.085,-0.073,-0.163
3.42,-0.07,0.077,0.04
3.44,0.082,-0.124,-0.134
3.46,0.137,0.067,0.429
3.48,0.118,-0.013,-0.322
3.5,0.237,-0.12,-0.061
3.52,0.078,0.024,0.01
3.54,0.359,0.517,-0.031
3.56,0.015,-0.16,-0.183
3.58,0.631,-0.079,0.176
3.6,0.21,-0.17,0.056
3.62,-0.085,-0.146,0.068
3.64,-0.128,0.139,-0.216
3.66,0.185,0.126,-0.166
3.68,0.055,-0.026,0.014
3.7,0.268,0.192,-0.314
3.72,0.234,0.15,0.045
3.74,0.128,-0.065,-0.118
3.76,-0.015,-0.331,0.117
3.78,-0.164,0.153,-0.187
3.8,0.05,0.022,0.254
3.82,0.303,-0.001,-0.027
3.84,0.169,-0.08,-0.007
3.86,-0.113,0.136,-0.248
3.88,0.184,0.063,-0.056
3.9,0.213,-0.063,-0.236
3.92,-0.042,-0.249,-0.43
3.94,0.159,0.206,-0.158
3.96,0.146,0.118,0.114
3.98,-0.083,0.032,-0.124
4.0,0.24,-0.543,-0.166
4.02,0.292,-0.031,-0.182
4.04,0.408,-0.075,0.344
4.06,0.393,-0.138,0.021
4.08,-0.101,0.143,-0.431
4.1,-0.012,0.132,-0.227
4.12,0.304,0.062,-0.204
4.14,0.305,0.181,-0.264
4.16,0.319,-0.236,-0.099
4.18,0.983,-0.128,-0.225
4.2,0.326,-0.03,-0.208
4.22,0.439,-0.173,-0.07
4.24,0.398,0.094,-0.432
4.26,0.344,-0.136,-0.563
4.28,0.138,0.217,0.091
4.3,0.334,-0.218,0.002
4.32,0.025,0.407,-0.094
4.34,0.138,0.364,-0.12
4.36,0.081,-0.069,-0.222
4.38,0.217,0.178,0.423
4.4,0.664,-0.13,-0.14
4.42,-0.172,0.138,0.338
4.44,0.329,-0.102,0.218
4.46,-0.125,-0.32,-0.096
4.48,0.114,-0.784,-0.223
4.5,0.428,-0.132,-0.165
4.52,0.226,-0.032,-0.256
4.54,0.0,0.176,-0.102
4.56,0.064,-0.091,-0.056
4.58,0.357,0.099,-0.454
4.6,0.072,-0.197,0.313
4.62,0.279,-0.156,-0.378
4.64,0.232,0.143,-0.76
4.66,0.102,-0.54,-0.254
4.68,0.663,-0.068,-0.473
4.7,0.362,-0.144,-0.262
4.72,-0.176,0.205,-0.236
4.74,0.273,-0.183,-0.148
4.76,0.109,0.04,-0.032
4.78,0.43,0.12,-0.439
4.8,0.107,-0.354,-0.3
4.82,0.239,-0.073,-0.088
4.84,0.358,-0.125,-0.379
4.86,0.434,0.148,-0.629
4.88,0.035,0.09,-0.135
4.9,0.213,-0.091,-0.376
4.92,0.195,-0.239,-0.393
4.94,0.162,0.189,-0.245
4.96,0.627,-0.035,-0.259
4.98,0.359,-0.346,-0.044
5.0,0.024,-0.311,-0.494
5.02,0.472,0.071,0.209
5.04,0.73,-0.291,-0.514
5.06,0.53,0.328,-0.326
5.08,0.018,-0.21,-0.431
5.1,0.22,-0.035,-0.248
5.12,0.567,-0.012,-0.257
5.14,0.171,-0.187,-0.222
5.16,0.403,-0.487,-0.207
5.18,0.46,0.01,0.004
5.2,0.12,-0.166,-0.209
5.22,0.273,0.004,0.044
5.24,-0.342,-0.04,-0.559
5.26,0.099,0.039,-0.649
5.28,0.249,0.291,-0.188
5.3,0.056,-0.125,-0.142
5.32,0.64,-0.108,-0.314
5.34,0.007,-0.344,-0.211
5.36,0.198,-0.056,-0.0
5.38,0.327,0.077,-0.079
5.4,0.598,-0.112,-0.284
5.42,0.011,0.06,-0.177
5.44,0.542,-0.039,-0.071
5.46,0.319,-0.268,-0.462
5.48,0.113,0.056,-0.384
5.5,0.401,-0.05,-0.044
5.52,0.332,0.004,-0.589
5.54,0.18,-0.147,-0.448
5.56,0.329,-0.169,-0.476
5.58,0.235,-0.01,-0.047
5.6,0.335,-0.096,-0.465
5.62,0.449,0.299,-0.082
5.64,0.631,0.123,-0.335
5.66,0.046,0.075,0.108
5.68,0.731,-0.073,-0.227
5.7,-0.074,-0.433,-0.038
5.72,0.293,-0.183,-0.162
5.74,0.455,-0.136,-0.344
5.76,0.392,-0.068,-0.26
5.78,0.216,-0.027,-0.252
5.8,0.291,0.118,-0.322
5.82,0.226,0.042,-0.053
5.84,0.193,0.221,0.291
5.86,0.485,-0.05,-0.177
5.88,0.387,0.054,-0.053
5.9,0.188,0.076,-0.08
5.92,0.489,0.058,-0.689
5.94,0.373,0.277,-0.087
5.96,0.492,0.161,-0.099
5.98,0.456,-0.268,-0.421
6.0,0.174,-0.021,-0.53
6.02,0.251,-0.001,-0.091
6.04,0.526,0.434,0.148
6.06,0.484,-0.069,-0.257
6.08,0.355,-0.194,-0.255
6.1,0.386,0.102,0.274
6.12,0.618,0.131,-0.022
6.14,0.257,0.018,-0.447
6.16,0.484,-0.012,-0.348
6.18,0.334,0.225,0.212
6.2,0.342,-0.144,-0.358
6.22,0.591,-0.044,-0.324
6.24,0.541,-0.089,-0.088
6.26,0.532,0.238,-0.282
6.28,0.638,0.069,-0.141
6.3,0.378,-0.2,-0.162
6.32,0.515,-0.179,-0.245
6.34,0.311,0.387,0.035
6.36,0.418,0.244,-0.465
6.38,0.331,0.205,-0.187
6.4,0.364,0.045,-0.32
6.42,0.478,0.353,0.126
6.44,0.201,-0.175,-0.25
6.46,0.79,0.189,0.164
6.48,0.168,-0.044,-0.321
6.5,0.126,-0.014,-0.212
6.52,0.577,0.174,-0.008
6.54,0.508,-0.001,-0.41
6.56,0.463,-0.088,0.078
6.58,0.467,-0.108,-0.227
6.6,0.328,-0.398,-0.148
6.62,0.157,0.153,-0.123
6.64,0.353,-0.195,-0.232
6.66,0.189,0.385,-0.39
6.68,0.533,-0.053,-0.21
6.7,0.307,0.246,-0.641
6.72,0.162,-0.376,-0.508
6.74,0.274,0.129,-0.267
6.76,0.415,0.174,0.072
6.78,0.218,0.231,0.062
6.8,0.182,-0.324,-0.027
6.82,0.399,-0.168,-0.532
6.84,0.405,0.093,-0.16
6.86,0.254,0.015,-0.408
6.88,0.254,0.054,-0.256
6.9,0.392,-0.09,-0.06
6.92,0.032,0.29,-0.099
6.94,0.047,0.526,0.016
6.96,0.19,0.052,-0.517
6.98,0.277,0.142,-0.434
7.0,0.385,0.07,0.084
7.02,0.588,0.318,0.083
7.04,0.486,0.22,-0.215
7.06,0.277,-0.176,-0.229
7.08,0.3,-0.076,0.012
7.1,0.111,-0.16,-0.103
7.12,0.312,0.567,-0.098
7.14,0.243,0.16,-0.404
7.16,0.365,-0.057,0.022
7.18,0.14,-0.068,-0.254
7.2,0.401,0.223,-0.483
7.22,0.611,0.25,-0.356
7.24,0.27,0.222,-0.327
7.26,0.378,-0.027,0.082
7.28,0.421,0.124,-0.374
7.3,0.199,0.069,-0.157
7.32,0.307,-0.138,-0.657
7.34,0.273,-0.138,-0.035
7.36,0.303,0.129,-0.383
7.38,0.145,0.08,-0.15
7.4,0.301,0.167,-0.155
7.42,0.388,0.204,-0.115
7.44,0.589,0.342,-0.162
7.46,0.491,-0.11,0.171
7.48,0.723,0.187,-0.177
7.5,0.133,0.198,0.224
7.52,0.461,-0.01,-0.102
7.54,0.335,0.075,-0.181
7.56,0.726,0.015,-0.054
7.58,0.14,0.501,-0.186
7.6,0.131,0.098,-0.153
7.62,0.192,0.154,-0.154
7.64,-0.115,0.011,-0.171
7.66,0.213,-0.033,0.194
7.68,0.158,-0.222,0.215
7.7,0.344,0.257,-0.181
7.72,0.389,0.206,0.007
7.74,0.677,-0.003,0.021
7.76,0.508,-0.123,0.015
7.78,0.188,0.092,-0.093
7.8,0.135,-0.048,-0.069
7.82,0.408,0.001,-0.098
7.84,0.053,-0.204,-0.356
7.86,0.688,0.088,-0.222
7.88,0.554,0.094,-0.455
7.9,0.215,0.272,-0.113
7.92,-0.036,0.007,-0.138
7.94,0.573,-0.044,-0.087
7.96,0.283,-0.296,-0.381
7.98,0.554,0.231,-0.022
8.0,-0.02,0.181,-0.125
8.02,0.166,0.0,0.208
8.04,0.283,-0.28,-0.074
8.06,0.291,-0.264,-0.343
8.08,0.184,-0.125,-0.498
8.1,0.402,0.172,-0.181
8.12,0.062,0.047,-0.444
8.14,0.257,-0.299,-0.407
8.16,0.313,0.086,-0.445
8.18,0.398,-0.177,-0.379
8.2,0.431,-0.121,0.022
8.22,0.077,0.184,-0.461
8.24,-0.002,0.159,-0.349
8.26,0.573,0.206,-0.551
8.28,0.393,-0.009,-0.598
8.3,0.175,0.164,-0.329
8.32,0.629,-0.148,-0.231
8.34,0.342,-0.075,-0.503
8.36,0.552,-0.102,-0.57
8.38,0.323,-0.046,-0.648
8.4,0.711,-0.283,-0.242
8.42,0.669,-0.088,-0.079
8.44,0.255,0.235,-0.543
8.46,0.48,-0.274,-0.368
8.48,0.418,-0.329,-0.031
8.5,0.556,-0.31,-0.294
8.52,0.086,0.477,-0.291
8.54,0.402,0.028,-0.214
8.56,0.481,-0.098,-0.374
8.58,-0.08,-0.046,-0.438
8.6,0.045,-0.017,-0.206
8.62,-0.121,-0.192,-0.528
8.64,0.23,-0.167,-0.589
8.66,0.412,-0.088,-0.412
8.68,0.561,-0.194,-0.126
8.7,0.266,-0.13,-0.027
8.72,0.566,0.031,-0.365
8.74,-0.022,-0.253,-0.117
8.76,-0.073,0.47,-0.008
8.78,0.251,0.108,-0.289
8.8,0.347,-0.297,-0.167
8.82,0.267,-0.541,0.082
8.84,-0.146,-0.184,-0.437
8.86,0.25,0.092,-0.36
8.88,-0.012,0.056,0.007
8.9,0.367,-0.057,-0.492
8.92,0.31,-0.148,-0.276
8.94,0.058,-0.211,-0.439
8.96,0.153,-0.108,-0.053
8.98,0.033,-0.234,-0.563
9.0,0.241,-0.128,-0.352
9.02,0.451,0.231,-0.537
9.04,0.068,-0.174,-0.622
9.06,0.364,0.105,-0.709
9.08,0.152,0.132,-0.365
9.1,0.107,-0.242,-0.243
9.12,0.252,-0.181,-0.331
9.14,0.065,0.194,-0.285
9.16,0.165,-0.212,-0.399
9.18,0.041,-0.061,-0.112
9.2,0.672,0.365,-0.146
9.22,0.28,0.168,-0.276
9.24,0.133,-0.006,-0.264
9.26,0.325,0.14,-0.391
9.28,0.251,-0.058,0.107
9.3,0.241,0.162,-0.126
9.32,0.4,-0.448,-0.317
9.34,0.447,-0.073,-0.316
9.36,0.198,-0.464,-0.344
9.38,0.184,-0.008,-0.343
9.4,0.231,-0.08,-0.225
9.42,-0.18,0.246,-0.614
9.44,-0.026,0.129,-0.329
9.46,0.547,-0.116,-0.309
9.48,0.596,-0.085,-0.292
9.5,0.218,0.069,-0.256
9.52,0.382,-0.132,-0.275
9.54,0.321,-0.019,-0.188
9.56,0.885,0.255,-0.278
9.58,0.504,-0.179,-0.056
9.6,0.255,-0.093,-0.116
9.62,0.099,-0.067,0.204
9.64,-0.025,0.606,-0.104
9.66,0.331,0.098,-0.383
9.68,0.144,0.189,-0.255
9.7,0.002,0.085,-0.324
9.72,0.147,0.096,-0.226
9.74,0.066,0.03,-0.007
9.76,0.625,0.004,-0.296
9.78,0.469,-0.358,-0.344
9.8,0.292,0.0,-0.131
9.82,0.573,-0.096,-0.383
9.84,0.277,0.018,-0.389
9.86,0.093,-0.129,-0.13
9.88,0.577,0.039,-0.57
9.9,0.373,0.069,-0.305
9.92,0.075,-0.716,-0.036
9.94,0.238,-0.223,-0.574
9.96,0.113,-0.521,-0.571
9.98,-0.005,-0.103,-0.487
10.0,0.448,-0.238,-0.737
10.02,0.648,0.105,0.193
10.04,-0.016,-0.114,-0.166
10.06,0.384,-0.263,-0.314
10.08,0.144,0.026,-0.428
10.1,0.191,-0.231,0.263
10.12,0.165,-0.245,-0.049
10.14,0.1,-0.082,-0.212
10.16,0.28,0.173,0.056
10.18,0.1,0.031,-0.12
10.2,0.314,-0.038,-0.304
10.22,0.241,0.409,-0.339
10.24,0.189,-0.292,-0.337
10.26,0.068,-0.304,-0.418
10.28,0.12,-0.122,-0.001
10.3,0.385,0.15,-0.325
10.32,0.336,-0.34,0.036
10.34,0.043,0.192,-0.411
10.36,0.258,-0.447,-0.36
10.38,0.374,-0.173,-0.332
10.4,-0.118,-0.124,-0.409
10.42,0.324,-0.332,-0.347
10.44,0.083,-0.286,-0.118
10.46,0.318,-0.01,0.016
10.48,0.057,0.143,-0.163
10.5,-0.16,-0.552,-0.461
10.52,-0.108,-0.1,-0.346
10.54,0.208,-0.164,-0.364
10.56,0.256,-0.128,0.092
10.58,0.024,-0.205,-0.061
10.6,0.331,-0.413,-0.013
10.62,-0.123,0.158,-0.388
10.64,0.189,0.105,-0.516
10.66,-0.043,-0.146,-0.138
10.68,0.058,-0.213,-0.344
10.7,0.211,-0.228,-0.198
10.72,0.024,-0.628,-0.168
10.74,0.113,-0.054,-0.331
10.76,0.404,0.042,-0.055
10.78,0.071,-0.076,-0.563
10.8,0.37,-0.102,-0.251
10.82,-0.024,-0.058,-0.13
10.84,0.318,-0.265,0.068
10.86,0.505,-0.194,-0.242
10.88,-0.297,-0.134,-0.031
10.9,0.045,0.047,-0.054
10.92,0.309,0.191,0.168
10.94,0.15,-0.124,-0.251
10.96,0.282,-0.294,0.093
10.98,0.082,-0.08,-0.149
11.0,0.231,0.299,-0.612
11.02,0.173,-0.304,-0.3
11.04,0.452,0.058,-0.492
11.06,0.268,0.137,-0.01
11.08,0.289,-0.208,-0.263
11.1,0.139,-0.274,-0.566
11.12,0.124,-0.03,-0.124
11.14,0.121,-0.085,-0.037
11.16,0.281,-0.014,-0.39
11.18,0.111,0.26,-0.408
11.2,0.24,-0.117,-0.264
11.22,0.598,-0.38,-0.653
11.24,0.371,-0.122,-0.146
11.26,0.123,-0.078,0.043
11.28,0.445,0.132,-0.419
11.3,0.122,-0.192,0.079
11.32,-0.209,-0.243,-0.1
11.34,-0.005,-0.449,-0.31
11.36,-0.156,-0.066,-0.146
11.38,0.152,0.49,0.037
11.4,0.23,-0.216,-0.247
11.42,0.568,-0.098,-0.191
11.44,0.284,-0.311,-0.36
11.46,0.186,-0.464,-0.293
11.48,0.388,-0.116,-0.137
11.5,-0.23,-0.201,-0.315
11.52,0.255,-0.677,-0.367
11.54,0.359,0.12,-0.045
11.56,-0.09,-0.119,-0.186
11.58,0.431,-0.185,-0.38
11.6,0.264,-0.306,0.056
11.62,0.107,-0.136,0.126
11.64,0.317,-0.129,-0.098
11.66,0.627,-0.134,-0.552
11.68,0.209,0.017,-0.226
11.7,0.235,0.076,-0.178
11.72,0.097,0.217,-0.613
11.74,0.026,-0.346,-0.079
11.76,0.376,-0.301,-0.272
11.78,0.045,-0.127,-0.101
11.8,0.225,-0.366,-0.393
11.82,0.11,-0.326,-0.233
11.84,0.302,-0.113,-0.221
11.86,0.261,-0.028,-0.293
11.88,0.427,0.046,-0.246
11.9,0.118,-0.223,-0.391
11.92,0.181,-0.107,-0.595
11.94,0.037,-0.153,-0.764
11.96,0.145,-0.193,-0.466
11.98,0.309,-0.356,-0.191
12.0,0.397,-0.385,-0.561
12.02,0.086,-0.069,-0.156
12.04,0.43,-0.359,-0.091
12.06,0.525,-0.559,-0.27
12.08,0.341,-0.209,-0.4
12.1,0.616,0.081,-0.161
12.12,0.08,-0.777,-0.12
12.14,-0.01,-0.28,-0.398
12.16,-0.122,-0.089,-0.329
12.18,0.533,-0.594,-0.512
12.2,0.37,-0.271,-0.293
12.22,0.223,-0.45,-0.768
12.24,0.28,-0.418,-0.397
12.26,-0.011,-0.297,-0.497
12.28,0.681,-0.441,-0.343
12.3,0.223,-0.456,-0.479
12.32,0.217,-0.226,-0.693
12.34,0.353,0.234,-0.424
12.36,0.31,-0.076,-0.397
12.38,0.26,-0.039,-0.093
12.4,0.06,-0.081,-0.418
12.42,0.295,-0.376,-0.459
12.44,0.581,-0.193,-0.526
12.46,0.472,-0.032,-0.06
12.48,0.514,-0.094,-0.328
12.5,0.089,-0.216,-0.227
12.52,-0.0,-0.163,-0.597
12.54,0.167,0.245,-0.645
12.56,0.201,-0.076,-0.47
12.58,0.414,-0.297,0.034
12.6,-0.146,-0.251,-0.502
12.62,0.501,-0.439,-0.403
12.64,0.162,0.246,-0.274
12.66,0.119,0.092,-0.395
12.68,0.004,-0.215,-0.172
12.7,-0.141,0.219,-0.431
12.72,0.363,-0.079,-0.499
12.74,0.206,-0.306,0.261
12.76,-0.072,-0.028,-0.476
12.78,-0.075,-0.133,-0.128
12.8,0.139,-0.047,-0.464
12.82,0.545,-0.492,-0.577
12.84,0.179,-0.372,-0.29
12.86,-0.069,0.1,-0.528
12.88,0.189,0.149,-0.341
12.9,0.202,0.092,-0.423
12.92,-0.275,0.254,-0.005
12.94,0.258,-0.078,-0.568
12.96,0.209,-0.104,-0.127
12.98,0.384,-0.386,-0.2
13.0,0.618,-0.307,-0.306
13.02,0.483,-0.579,-0.399
13.04,0.203,-0.249,-0.203
13.06,0.042,-0.599,-0.2
13.08,0.77,0.03,-0.177
13.1,0.261,-0.109,-0.315
13.12,0.256,-0.597,-0.468
13.14,0.249,-0.226,-0.058
13.16,0.29,0.198,-0.243
13.18,0.216,-0.217,-0.35
13.2,0.115,-0.378,-0.408
13.22,0.12,-0.542,-0.019
13.24,0.209,-0.534,0.054
13.26,0.103,-0.073,-0.107
13.28,0.068,-0.26,-0.089
13.3,0.246,-0.25,0.036
13.32,0.163,-0.282,-0.266
13.34,0.52,-0.205,0.237
13.36,-0.31,-0.415,-0.396
13.38,0.428,-0.115,-0.217
13.4,0.46,-0.479,-0.326
13.42,-0.217,-0.351,-0.153
13.44,0.13,0.006,0.184
13.46,0.122,-0.131,-0.219
13.48,-0.077,-0.066,-0.097
13.5,0.042,0.227,-0.761
13.52,-0.047,-0.212,-0.095
13.54,0.52,-0.178,0.009
13.56,0.363,-0.222,-0.164
13.58,0.432,-0.267,-0.393
13.6,0.316,-0.392,-0.426
13.62,-0.042,-0.182,-0.304
13.64,0.076,-0.134,-0.449
13.66,0.287,-0.115,0.109
13.68,-0.055,-0.187,-0.104
13.7,0.338,-0.018,0.083
13.72,0.155,-0.183,-0.264
13.74,0.142,-0.269,-0.371
13.76,0.351,-0.367,-0.35
13.78,0.304,-0.505,-0.312
13.8,0.13,0.096,-0.328
13.82,0.44,-0.341,0.025
13.84,-0.025,-0.399,-0.028
13.86,0.334,-0.3,-0.139
13.88,0.332,-0.28,-0.499
13.9,0.154,0.11,-0.118
13.92,0.265,-0.283,-0.226
13.94,-0.041,0.308,0.09
13.96,0.407,-0.221,-0.018
13.98,0.183,0.186,-0.177
14.0,0.111,-0.063,-0.629
14.02,0.422,-0.176,-0.233
14.04,0.088,0.064,-0.347
14.06,-0.054,-0.022,-0.132
14.08,-0.082,-0.123,-0.437
14.1,0.36,0.205,-0.14
14.12,-0.041,-0.35,-0.64
14.14,0.565,-0.466,-0.469
14.16,-0.205,-0.395,-0.367
14.18,0.552,0.095,-0.294
14.2,0.263,0.032,-0.127
14.22,0.211,-0.362,-0.522
14.24,0.119,-0.732,-0.333
14.26,0.307,-0.313,-0.332
14.28,0.219,-0.486,-0.07
14.3,0.455,-0.393,-0.233
14.32,0.269,-0.518,-0.39
14.34,0.262,-0.619,-0.418
14.36,0.163,0.086,-0.304
14.38,0.222,-0.43,-0.504
14.4,0.316,-0.035,0.148
14.42,-0.099,-0.368,-0.188
14.44,-0.038,-0.544,-0.385
14.46,0.374,-0.216,-0.428
14.48,0.266,-0.406,-0.456
14.5,0.201,-0.373,-0.143
14.52,0.236,-0.295,-0.54
14.54,0.312,-0.467,-0.248
14.56,0.13,-0.618,-0.118
14.58,0.091,-0.307,-0.353
14.6,0.272,-0.114,-0.442
14.62,0.027,-0.494,-0.07
14.64,0.3,-0.27,-0.469
14.66,-0.122,-0.001,-0.3
14.68,0.416,-0.344,-0.229
14.7,0.296,-0.329,-0.39
14.72,0.257,-0.345,-0.499
14.74,0.41,-0.522,-0.383
14.76,0.539,-0.575,-0.213
14.78,0.396,-0.552,-0.405
14.8,-0.174,-0.271,-0.174
14.82,-0.058,-0.183,-0.324
14.84,0.063,-0.164,-0.383
14.86,0.21,-0.413,-0.427
14.88,0.299,-0.121,-0.263
14.9,0.048,-0.278,-0.088
14.92,0.228,-0.308,-0.286
14.94,0.031,-0.997,-0.486
14.96,0.078,-0.485,-0.067
14.98,-0.09,-0.634,-0.452
15.001,0.024,-0.216,0.078
15.021,-0.065,-0.334,-0.3
15.041,0.008,-0.584,-0.441
15.061,0.407,-0.31,-0.153
15.081,0.013,-0.648,-0.31
15.101,0.749,-0.546,-0.161
15.121,0.316,-0.472,-0.259
15.141,0.251,-0.23,-0.569
15.161,0.057,-0.048,-0.301
15.181,0.358,-0.437,-0.2
15.201,0.095,-0.057,-0.278
15.221,0.248,-0.322,-0.045
15.241,0.74,-0.302,-0.226
15.261,0.2,-0.37,-0.334
15.281,0.455,-0.396,-0.25
15.301,0.069,-0.254,-0.419
15.321,0.214,-0.202,-0.259
15.341,0.555,-0.526,-0.27
15.361,0.065,-0.382,-0.588
15.381,0.557,-0.017,-0.204
15.401,0.324,-0.328,0.088
15.421,0.07,-0.306,-0.239
15.441,0.314,-0.141,-0.755
15.461,0.375,-0.49,-0.426
15.481,0.304,-0.381,-0.607
15.501,-0.126,-0.217,-0.404
15.521,0.047,-0.128,-0.211
15.541,0.158,-0.846,-0.491
15.561,0.184,-0.532,0.016
15.581,0.313,-0.582,-0.924
15.601,0.238,-0.404,-0.406
15.621,-0.061,-0.562,-0.279
15.641,0.279,-0.245,-0.578
15.661,0.32,-0.338,-0.557
15.681,0.318,-0.19,-0.192
15.701,0.418,-0.171,0.035
15.721,0.376,-0.238,0.069
15.741,0.314,-0.459,-0.401
15.761,0.209,-0.376,-0.048
15.781,-0.123,-0.49,-0.315
15.801,0.301,-0.663,-0.132
15.821,0.268,-0.18,-0.358
15.841,0.293,-0.395,-0.547
15.861,-0.015,-0.667,-0.009
15.881,0.007,-0.258,0.05
15.901,0.429,-0.417,-0.413
15.921,0.206,-0.78,-0.125
15.941,0.358,-0.639,-0.334
15.961,0.232,-0.502,0.121
15.981,0.241,-0.306,-0.614
16.001,0.416,-0.196,-0.345
16.021,0.127,-0.199,-0.585
16.041,0.227,-0.247,-0.628
16.061,0.111,-0.39,-0.326
16.081,0.102,-0.039,-0.384
16.101,0.144,-0.252,-0.495
16.121,0.255,-0.335,-0.112
16.141,0.119,-0.258,-0.038
16.161,0.454,-0.447,-0.199
16.181,0.022,-0.379,-0.686
16.201,0.171,-0.795,-0.243
16.221,0.111,-0.486,-0.243
16.241,0.484,-0.064,-0.476
16.261,0.245,-0.383,-0.254
16.281,0.401,-0.403,-0.412
16.301,-0.106,-0.211,-0.472
16.321,0.236,-0.338,-0.547
16.341,0.364,-0.56,-0.155
16.361,0.21,-0.384,-0.05
16.381,0.423,-0.625,-0.316
16.401,0.11,-0.364,-0.069
16.421,0.508,-0.562,0.042
16.441,0.69,-0.225,-0.227
16.461,0.144,-0.509,-0.263
16.481,0.127,-0.56,-0.163
16.501,0.508,-0.412,-0.417
16.521,0.544,-0.313,-0.129
16.541,0.122,-0.642,-0.225
16.561,0.139,-0.506,-0.527
16.581,0.158,-0.394,-0.533
16.601,-0.057,-0.148,-0.465
16.621,0.027,-0.921,-0.179
16.641,0.016,-0.3,-0.352
16.661,0.055,-0.487,-0.289
16.681,0.225,-0.523,-0.019
16.701,0.27,-0.536,-0.199
16.721,0.521,-0.465,-0.407
16.741,0.016,-0.26,-0.495
16.761,0.4,-0.491,-0.243
16.781,0.16,-0.068,-0.495
16.801,0.186,-0.282,-0.035
16.821,0.338,-0.37,-0.232
16.841,-0.02,-0.445,-0.256
16.861,0.292,-0.181,-0.485
16.881,0.253,-0.136,-0.166
16.901,0.319,-0.645,-0.061
16.921,0.28,-0.557,-0.303
16.941,0.704,-0.3,-0.083
16.961,0.078,-0.241,-0.355
16.981,0.102,-0.509,-0.268
17.001,0.089,-0.602,0.161
17.021,0.099,-0.428,-0.332
17.041,0.081,-0.147,-0.139
17.061,0.442,-0.45,-0.323
17.081,0.492,-0.708,-0.19
17.101,0.094,-0.429,-0.109
17.121,0.048,-0.291,-0.438
17.141,0.303,-0.465,-0.395
17.161,0.097,-0.178,-0.146
17.181,0.349,-0.245,-0.235
17.201,0.284,-0.438,-0.031
17.221,-0.062,-0.423,-0.214
17.241,0.564,-0.808,0.115
17.261,0.626,-0.196,-0.1
17.281,0.152,-0.498,0.127
17.301,0.18,-0.526,0.087
17.321,0.3,-0.554,-0.382
17.341,0.305,-0.36,0.039
17.361,0.365,-0.688,-0.071
17.381,0.626,-0.658,-0.084
17.401,0.194,-0.454,-0.023
17.421,0.076,-0.569,-0.336
17.441,-0.023,-0.366,-0.219
17.461,0.101,-0.55,-0.365
17.481,0.234,-0.114,0.176
17.501,0.602,-0.29,-0.443
17.521,0.126,-0.298,-0.545
17.541,0.293,-0.57,-0.447
17.561,0.242,0.018,-0.268
17.581,0.482,-0.552,-0.274
17.601,0.751,-0.604,-0.069
17.621,0.138,-0.318,-0.23
17.641,0.143,-0.427,-0.353
17.661,0.474,-0.63,-0.144
17.681,0.402,-0.033,-0.009
17.701,0.64,-0.29,-0.215
17.721,0.382,-0.502,-0.075
17.741,0.2,-0.027,-0.209
17.761,0.39,-0.337,-0.286
17.781,0.496,-0.503,-0.093
17.801,0.443,-0.059,-0.181
17.821,0.39,-0.373,-0.037
17.841,0.508,-0.389,0.061
17.861,0.529,-0.613,-0.262
17.881,0.571,-0.528,-0.106
17.901,0.413,-0.609,-0.008
17.921,0.249,-0.238,-0.127
17.941,0.312,-0.859,-0.106
17.961,0.534,-0.274,-0.178
17.981,0.105,-0.712,-0.151
18.001,0.345,-0.555,-0.108
18.021,0.185,-0.616,-0.341
18.041,0.277,-0.673,-0.569
18.061,0.541,-0.435,-0.262
18.081,0.323,-0.562,-0.281
18.101,0.308,-0.688,0.085
18.121,0.036,-0.523,-0.197
18.141,0.458,-0.669,-0.143
18.161,0.422,-0.632,-0.333
18.181,0.729,-0.797,-0.37
18.201,0.227,-0.592,-0.413
18.221,0.304,-0.404,-0.514
18.241,0.299,-0.503,-0.118
18.261,0.578,-0.147,-0.205
18.281,0.245,0.01,0.031
18.301,0.332,-0.574,-0.151
18.321,0.413,-0.651,-0.214
18.341,0.332,-0.247,-0.651
18.361,0.199,-0.407,0.13
18.381,0.317,-0.241,-0.236
18.401,0.492,-0.385,-0.654
18.421,0.063,-0.499,-0.188
18.441,0.284,-0.498,-0.411
18.461,0.111,-0.391,-0.4
18.481,0.487,-0.511,-0.184
18.501,-0.059,-0.244,-0.368
18.521,0.133,-0.734,-0.038
18.541,0.324,-0.226,-0.27
18.561,0.56,-0.841,-0.159
18.581,0.242,-0.437,-0.135
18.601,0.151,-0.519,-0.196
18.621,0.648,-0.743,-0.205
18.641,-0.019,-0.867,-0.209
18.661,-0.181,-0.698,0.057
18.681,0.344,-0.464,-0.064
18.701,0.146,-0.593,-0.383
18.721,0.05,-0.687,-0.455
18.741,0.381,-0.207,-0.378
18.761,0.292,-0.734,-0.126
18.781,0.132,-0.347,-0.432
18.801,-0.004,-0.669,-0.322
18.821,0.429,-0.718,-0.464
18.841,0.384,-0.609,0.002
18.861,0.224,-0.371,-0.038
18.881,0.63,-0.774,-0.007
18.901,0.046,-0.443,-0.27
18.921,-0.049,-0.69,-0.52
18.941,0.119,-0.641,-0.36
18.961,0.26,-0.409,-0.488
18.981,0.315,-0.047,-0.502
19.001,0.23,-0.659,-0.006
19.021,0.35,-0.33,-0.277
19.041,0.037,-0.528,-0.168
19.061,0.579,-0.545,0.002
19.081,0.28,-0.235,-0.422
19.101,0.529,-0.611,-0.104
19.121,0.378,-0.679,-0.512
19.141,0.417,-0.36,-0.171
19.161,0.439,-0.143,-0.003
19.181,0.426,-0.315,-0.444
19.201,0.459,-0.744,-0.041
19.221,0.6,-0.586,-0.151
19.241,0.365,-0.269,-0.292
19.261,0.46,-0.151,-0.445
19.281,0.313,-0.423,-0.17
19.301,0.64,-0.586,-0.096
19.321,0.215,-0.125,-0.262
19.341,0.7,-0.47,-0.4
19.361,0.332,-0.586,-0.056
19.381,0.046,-0.602,0.019
19.401,0.371,-0.686,-0.016
19.421,0.215,0.118,0.113
19.441,0.525,-0.174,-0.337
19.461,0.226,-0.597,-0.506
19.481,0.26,-0.103,-0.137
19.501,-0.018,-0.352,-0.308
19.521,0.268,-0.372,-0.031
19.541,-0.137,-0.604,-0.438
19.561,0.047,-0.579,-0.41
19.581,0.54,-0.474,-0.197
19.601,0.547,-0.853,-0.165
19.621,0.478,-0.559,-0.079
19.641,0.218,-0.456,-0.225
19.661,0.399,-0.18,-0.582
19.681,0.419,-0.557,0.494
19.701,0.182,-0.262,-0.192
19.721,0.72,-0.832,0.382
19.741,0.585,-0.188,-0.23
19.761,0.362,-0.603,-0.41
19.781,0.395,-0.394,-0.26
19.801,0.437,-0.333,0.035
19.821,-0.009,-0.376,-0.062
19.841,0.339,-0.435,-0.138
19.861,0.274,-0.664,-0.215
19.881,0.211,-0.591,-0.157
19.901,0.354,-0.213,-0.214
19.921,0.76,-0.528,0.056
19.941,0.536,-0.426,0.007
19.961,0.285,-0.703,-0.38
19.981,0.521,-0.241,-0.483
20.001,0.678,-0.663,-0.44
20.021,0.587,-0.221,-0.259
20.041,0.412,-0.605,-0.157
20.061,0.279,-0.201,-0.212
20.081,0.535,-0.413,-0.052
20.101,0.479,-0.516,-0.177
20.121,0.569,-0.067,0.152
20.141,0.511,-0.395,-0.059
20.161,0.599,-0.467,-0.139
20.181,0.283,-0.202,-0.438
20.201,0.657,-0.689,-0.064
20.221,0.441,-0.909,-0.03
20.241,0.818,-0.171,-0.266
20.261,0.264,-0.575,-0.358
20.281,0.739,-0.226,0.089
20.301,0.453,-0.385,-0.323
20.321,0.289,-0.63,-0.088
20.341,0.322,-0.27,-0.123
20.361,0.352,-0.451,-0.046
20.381,0.502,-0.587,-0.312
20.401,0.522,-0.578,-0.134
20.421,0.308,-0.708,-0.293
20.441,0.412,-0.276,-0.088
20.461,0.862,-0.522,-0.007
20.481,0.786,-0.331,0.078
20.501,0.51,-0.37,0.192
20.521,0.433,-0.531,-0.166
20.541,0.458,-0.649,-0.165
20.561,0.543,0.169,0.147
20.581,0.227,-0.338,-0.008
20.601,0.386,0.047,0.126
20.621,0.091,-0.085,0.269
20.641,0.503,-0.376,-0.3
20.661,0.541,-0.26,0.034
20.681,0.323,-0.26,-0.25
20.701,0.725,0.082,0.185
20.721,0.155,-0.111,-0.375
20.741,0.108,-0.436,0.03
20.761,0.467,-0.197,-0.277
20.781,0.644,-0.088,-0.058
20.801,0.761,-0.495,0.076
20.821,0.32,-0.163,-0.289
20.841,0.622,0.001,-0.443
20.861,0.384,-0.446,-0.207
20.881,0.365,-0.424,-0.23
20.901,0.583,-0.069,-0.416
20.921,0.546,-0.376,-0.551
20.941,0.101,-0.491,0.084
20.961,0.713,-0.13,0.131
20.981,0.683,-0.208,-0.299
21.001,0.284,-0.311,-0.244
21.021,0.501,-0.112,-0.028
21.041,0.517,-0.09,-0.022
21.061,0.474,-0.328,0.177
21.081,0.313,0.106,-0.05
21.101,0.283,0.02,-0.379
21.121,0.417,-0.687,0.0
21.141,0.675,-0.496,-0.294
21.161,0.563,-0.737,-0.167
21.181,0.372,-0.345,0.075
21.201,0.601,-0.523,-0.31
21.221,-0.115,-0.453,-0.149
21.241,0.685,-0.08,-0.382
21.261,0.094,-0.647,-0.332
21.281,0.362,-0.266,-0.232
21.301,0.217,-0.274,0.192
21.321,0.201,-0.317,-0.131
21.341,0.686,-0.263,0.405
21.361,0.351,-0.735,0.063
21.381,0.525,-0.446,0.085
21.401,0.449,0.039,-0.313
21.421,0.55,-0.507,-0.128
21.441,0.468,0.061,-0.327
21.461,0.194,-0.559,-0.155
21.481,0.658,-0.576,-0.188
21.501,0.362,-0.476,-0.107
21.521,0.134,-0.045,0.057
21.541,0.358,-0.368,-0.168
21.561,0.762,-0.203,0.071
21.581,0.643,-0.263,-0.386
21.601,0.416,-0.294,-0.01
21.621,0.408,-0.022,-0.185
21.641,0.417,-0.131,-0.037
21.661,0.906,-0.537,0.092
21.681,0.568,-0.351,-0.35
21.701,0.589,0.029,0.23
21.721,0.701,-0.238,-0.111
21.741,0.545,-0.608,0.311
21.761,0.439,-0.594,-0.047
21.781,0.466,-0.131,0.202
21.801,0.491,-0.173,-0.061
21.821,0.496,-0.497,-0.029
21.841,0.637,-0.166,-0.041
21.861,0.51,-0.004,-0.093
21.881,0.651,-0.026,-0.091
21.901,0.488,0.001,-0.0
21.921,0.526,-0.189,0.06
21.941,0.121,-0.345,-0.008
21.961,0.706,-0.385,0.073
21.981,0.597,-0.313,-0.33
22.001,0.732,-0.491,0.153
22.021,-0.064,-0.388,-0.187
22.041,0.938,-0.055,-0.356
22.061,0.476,-0.623,0.338
22.081,0.725,-0.611,0.243
22.101,0.301,-0.121,-0.048
22.121,0.614,-0.349,0.169
22.141,0.281,-0.661,-0.108
22.161,0.363,-0.282,-0.151
22.181,0.868,-0.32,-0.176
22.201,0.455,-0.354,-0.188
22.221,0.556,-0.144,-0.119
22.241,0.694,-0.543,-0.203
22.261,0.619,-0.275,-0.631
22.281,0.536,-0.334,-0.115
22.301,0.593,-0.296,-0.28
22.321,0.999,-0.651,-0.024
22.341,0.49,-0.41,-0.142
22.361,0.53,-0.309,0.02
22.381,0.687,-0.208,-0.091
22.401,0.687,0.038,-0.333
22.421,0.714,-0.185,-0.336
22.441,0.606,-0.257,-0.333
22.461,0.255,-0.113,-0.254
22.481,0.782,-0.43,-0.234
22.501,0.234,-0.054,0.088
22.521,0.53,-0.143,-0.05
22.541,0.301,-0.451,-0.469
22.561,0.427,0.015,-0.264
22.581,0.516,-0.3,-0.087
22.601,0.509,0.054,-0.275
22.621,0.539,-0.327,-0.038
22.641,0.778,-0.511,-0.205
22.661,0.541,-0.556,-0.073
22.681,0.4,-0.482,-0.162
22.701,0.621,-0.517,-0.023
22.721,0.67,-0.158,0.235
22.741,0.175,-0.427,0.133
22.761,0.522,-0.745,-0.248
22.781,0.527,-0.379,0.461
22.801,0.319,-0.399,0.19
22.821,0.659,-0.539,-0.194
22.841,0.346,-0.408,-0.236
22.861,0.409,-0.469,0.0
22.881,0.358,-0.345,0.075
22.901,0.405,-0.352,0.284
22.921,0.201,-0.417,0.033
22.941,0.137,-0.755,-0.219
22.961,0.75,-0.084,-0.191
22.981,0.255,-0.834,0.046
23.001,0.203,-0.564,-0.346
23.021,-0.026,-0.761,0.207
23.041,0.263,-0.47,-0.204
23.061,0.112,-0.528,0.099
23.081,0.694,-0.602,0.141
23.101,0.574,-0.256,0.517
23.121,0.244,-0.339,-0.139
23.141,0.834,-0.63,-0.14
23.161,0.568,-0.398,-0.143
23.181,0.304,-0.246,-0.052
23.201,-0.117,-0.347,-0.214
23.221,0.839,-0.591,0.163
23.241,0.098,-0.866,0.109
23.261,0.06,-0.486,-0.137
23.281,0.616,-0.413,-0.239
23.301,0.897,-0.69,-0.178
23.321,0.669,-0.531,-0.179
23.341,0.506,-0.542,0.005
23.361,0.509,-0.251,-0.065
23.381,0.575,-0.181,0.067
23.401,0.543,-0.331,0.179
23.421,0.439,-0.578,-0.054
23.441,0.4,-0.314,0.014
23.461,0.373,-0.422,0.39
23.481,0.224,-0.551,0.018
23.501,0.33,-0.129,-0.213
23.521,0.042,-0.699,-0.135
23.541,0.346,-0.431,-0.459
23.561,0.16,-0.38,-0.03
23.581,0.123,-0.6,-0.255
23.601,0.367,-0.432,-0.321
23.621,0.628,-0.33,-0.329
23.641,0.535,-0.468,0.068
23.661,0.048,-0.429,-0.22
23.681,0.16,-0.484,-0.01
23.701,0.552,-0.344,-0.101
23.721,0.159,-0.536,-0.134
23.741,0.328,-0.569,-0.253
23.761,0.481,-0.501,-0.062
23.781,0.168,-0.272,-0.234
23.801,0.37,-0.863,-0.128
23.821,0.071,-0.694,0.06
23.841,0.205,-0.046,0.101
23.861,0.406,-0.447,-0.267
23.881,0.022,-0.569,-0.114
23.901,0.425,-0.341,-0.071
23.921,0.366,-0.654,-0.148
23.941,0.496,-0.912,-0.045
23.961,0.418,-0.445,-0.044
23.981,0.659,-0.657,0.166
24.001,0.408,-0.493,0.233
24.021,0.296,-0.443,-0.227
24.041,0.4,-0.469,0.128
24.061,0.483,-0.837,-0.111
24.081,0.378,-0.493,-0.221
24.101,0.373,-0.424,-0.051
24.121,0.22,-0.794,-0.205
24.141,0.233,-0.803,-0.149
24.161,0.09,-0.744,-0.343
24.181,0.722,-0.369,-0.12
24.201,0.138,-0.912,0.045
24.221,0.259,-0.347,0.004
24.241,0.267,-0.428,-0.065
24.261,0.582,-0.547,0.2
24.281,0.332,-0.796,0.275
24.301,0.644,-0.658,-0.045
24.321,0.264,-0.342,0.185
24.341,0.444,-0.232,-0.07
24.361,0.224,-0.69,-0.125
24.381,0.803,-0.253,0.057
24.401,0.133,-0.335,-0.151
24.421,0.42,-0.469,-0.627
24.441,0.489,-0.613,-0.209
24.461,0.453,-0.595,-0.464
24.481,0.312,-0.118,-0.243
24.501,0.292,-0.443,-0.258
24.521,0.343,-0.212,-0.251
24.541,0.293,-0.431,-0.36
24.561,0.51,-0.563,-0.39
24.581,0.748,-0.334,-0.29
24.601,0.206,-0.018,-0.224
24.621,0.053,-0.572,-0.214
24.641,0.306,-0.262,-0.09
24.661,0.847,-0.418,0.012
24.681,0.173,-0.749,-0.318
24.701,0.664,-0.752,-0.286
24.721,0.678,-0.549,0.229
24.741,0.232,-0.388,0.055
24.761,0.451,-0.299,-0.248
24.781,0.672,-0.793,-0.354
24.801,0.272,-0.365,-0.222
24.821,0.307,-0.516,-0.161
24.841,0.233,-0.492,0.027
24.861,0.14,-0.377,-0.58
24.881,0.2,-0.16,-0.312
24.901,0.079,-0.45,0.243
24.921,0.332,-0.768,-0.124
24.941,0.171,-0.539,-0.125
24.961,0.36,-0.33,-0.248
24.981,-0.012,-0.322,0.02
25.001,0.354,-0.381,-0.499
25.021,0.452,-0.631,-0.227
25.041,-0.097,-0.817,-0.573
25.061,0.364,-0.422,-0.165
25.081,0.542,-0.77,-0.265
25.101,0.041,-0.371,-0.494
25.121,0.625,-0.373,0.021
25.141,0.367,-0.594,-0.052
25.161,0.142,-0.527,0.003
25.181,0.279,-0.477,-0.501
25.201,0.402,-0.648,-0.39
25.221,0.308,-0.806,0.063
25.241,0.402,-0.538,-0.019
25.261,0.128,-0.517,0.101
25.281,0.334,-0.252,-0.224
25.301,0.016,-0.683,-0.203
25.321,0.276,-0.303,-0.064
25.341,0.109,-0.753,-0.465
25.361,0.15,-0.796,-0.157
25.381,0.54,-0.571,0.318
25.401,0.52,-0.72,-0.27
25.421,0.424,-0.779,-0.517
25.441,0.08,-0.113,-0.124
25.461,0.252,-0.562,-0.399
25.481,0.54,0.004,-0.242
25.501,0.332,-0.659,-0.014
25.521,0.781,-0.815,-0.112
25.541,0.381,-0.199,-0.323
25.561,0.341,-0.619,-0.063
25.581,0.245,-0.441,-0.571
25.601,0.325,-0.75,-0.2
25.621,0.274,-0.477,-0.312
25.641,0.46,-0.759,-0.738
25.661,0.517,-0.492,-0.519
25.681,0.187,-0.567,-0.281
25.701,0.068,-0.424,-0.138
25.721,-0.036,-0.341,-0.278
25.741,0.418,-0.416,-0.363
25.761,0.091,-0.381,-0.144
25.781,-0.114,-0.506,-0.261
25.801,0.397,-0.572,-0.121
25.821,0.813,-0.371,-0.213
25.841,0.311,-0.481,-0.453
25.861,0.461,-0.481,-0.174
25.881,0.31,-0.379,-0.118
25.901,0.289,-0.669,-0.022
25.921,0.477,-0.185,-0.39
25.941,0.235,-0.508,-0.354
25.961,0.36,-0.426,-0.107
25.981,0.361,-0.46,-0.1
26.001,0.161,-0.306,-0.371
26.021,0.505,-0.364,-0.403
26.041,0.297,-0.439,-0.359
26.061,0.184,-0.157,-0.242
26.081,0.446,-1.075,-0.439
26.101,0.147,-0.201,-0.175
26.121,0.336,-0.264,-0.585
26.141,0.325,-0.812,-0.393
26.161,0.548,-0.264,-0.186
26.181,0.43,-0.249,-0.401
26.201,0.328,-0.347,-0.296
26.221,0.509,-0.765,-0.253
26.241,0.629,-0.323,0.194
26.261,0.456,-0.264,-0.479
26.281,0.334,-0.592,-0.168
26.301,0.084,-0.405,-0.4
26.321,0.144,-0.566,-0.407
26.341,0.299,-0.325,-0.361
26.361,0.225,-0.558,-0.224
26.381,0.307,-0.605,0.089
26.401,0.361,-0.491,0.033
26.421,0.446,-0.759,-0.284
26.441,0.345,-0.508,-0.253
26.461,0.444,-0.418,-0.088
26.481,0.348,-0.308,-0.196
26.501,-0.058,-0.427,-0.338
26.521,0.162,-0.757,-0.079
26.541,0.296,-0.214,0.105
26.561,0.074,-0.184,-0.01
26.581,0.409,-0.448,0.035
26.601,0.608,-0.621,-0.264
26.621,0.537,-0.586,-0.456
26.641,0.268,-0.526,-0.625
26.661,0.591,-0.432,-0.636
26.681,0.312,-0.551,-0.259
26.701,0.211,-0.645,-0.117
26.721,0.161,-0.269,-0.057
26.741,0.223,-0.426,-0.171
26.761,0.2,-0.69,-0.371
26.781,0.287,-0.417,-0.094
26.801,0.282,-0.441,-0.49
26.821,0.249,-0.627,-0.469
26.841,0.331,-0.226,-0.127
26.861,0.495,-0.441,-0.511
26.881,0.444,-0.524,-0.421
26.901,-0.029,-0.504,-0.46
26.921,-0.237,-0.399,-0.246
26.941,0.466,-0.485,-0.152
26.961,0.014,-0.49,-0.145
26.981,0.246,-0.269,-0.382
27.001,0.053,-0.769,-0.291
27.021,-0.068,-0.737,-0.108
27.041,0.409,-0.333,-0.371
27.061,0.458,-0.023,-0.461
27.081,0.176,-0.34,-0.408
27.101,-0.219,-0.135,-0.407
27.121,0.197,-0.59,-0.285
27.141,0.393,-0.628,-0.29
27.161,0.016,-0.415,-0.311
27.181,0.341,-0.33,-0.424
27.201,0.301,-0.782,-0.451
27.221,0.429,-0.559,-0.146
27.241,0.323,-0.503,-0.21
27.261,0.105,-0.642,-0.37
27.281,0.519,-0.612,-0.287
27.301,0.233,-0.325,-0.039
27.321,0.271,-0.418,-0.291
27.341,0.092,-0.35,-0.275
27.361,0.179,-0.451,0.04
27.381,0.097,-0.687,-0.062
27.401,0.233,-0.42,-0.415
27.421,0.614,-0.702,-0.065
27.441,0.002,-0.57,-0.315
27.461,-0.04,-0.696,-0.496
27.481,0.586,-0.608,-0.015
27.501,0.248,-0.471,-0.42
27.521,0.154,-0.578,-0.382
27.541,0.509,-0.669,-0.351
27.561,0.171,-0.273,0.142
27.581,0.663,-0.515,-0.445
27.601,0.426,-0.598,-0.365
27.621,0.194,-0.703,-0.314
27.641,0.741,-0.865,-0.138
27.661,0.176,-0.526,-0.256
27.681,0.431,-0.752,-0.386
27.701,0.356,-0.316,-0.127
27.721,0.559,-0.451,0.015
27.741,0.604,-0.145,-0.591
27.761,0.297,-0.416,-0.399
27.781,0.138,-0.603,-0.163
27.801,0.378,-0.834,-0.521
27.821,0.164,-0.292,-0.305
27.841,0.693,-0.722,-0.041
27.861,0.315,-0.541,-0.161
27.881,0.204,-0.124,-0.189
27.901,0.312,-0.334,-0.14
27.921,-0.001,-0.397,-0.212
27.941,0.077,-0.29,-0.345
27.961,0.51,-0.283,-0.092
27.981,0.145,-0.154,-0.369
28.001,0.08,-0.594,-0.306
28.021,0.385,-0.553,-0.597
28.041,0.516,-0.675,-0.358
28.061,0.407,-0.505,-0.234
28.081,0.463,-0.53,-0.241
28.101,0.118,-0.848,-0.057
28.121,-0.018,-0.631,-0.325
28.141,0.57,-0.203,-0.311
28.161,0.209,-0.441,-0.335
28.181,0.229,-0.354,-0.18
28.201,0.533,-0.545,0.077
28.221,0.389,-0.881,-0.693
28.241,0.366,-0.524,-0.328
28.261,0.691,-0.296,-0.328
28.281,0.12,-0.729,-0.669
28.301,0.422,-0.341,-0.272
28.321,0.243,-0.832,-0.321
28.341,0.276,-0.467,-0.348
28.361,0.513,-0.357,-0.493
28.381,0.292,-0.514,-0.288
28.401,0.298,0.057,-0.525
28.421,0.419,-0.54,-0.444
28.441,0.133,-0.563,-0.315
28.461,0.032,-0.397,-0.061
28.481,-0.02,-0.58,-0.178
28.501,-0.217,-0.715,-0.12
28.521,0.585,-0.642,0.153
28.541,-0.049,-0.273,-0.15
28.561,0.133,-0.492,-0.429
28.581,0.118,-0.097,-0.332
28.601,0.249,-0.512,-0.406
28.621,0.338,-0.257,-0.255
28.641,0.336,-0.3,-0.321
28.661,0.051,-0.489,-0.44
28.681,0.129,-0.573,-0.065
28.701,0.214,-0.738,-0.045
28.721,0.1,-0.287,-0.218
28.741,0.457,-0.159,-0.461
28.761,0.213,-0.725,-0.228
28.781,0.255,-0.482,-0.371
28.801,0.229,-0.538,-0.002
28.821,0.334,-0.276,-0.501
28.841,0.135,-0.458,-0.124
28.861,-0.167,-0.122,-0.143
28.881,0.167,-0.444,-0.1
28.901,-0.032,-0.614,-0.238
28.921,-0.016,-0.482,-0.35
28.941,0.217,-0.476,0.209
28.961,0.36,-0.296,-0.459
28.981,0.12,-0.479,-0.146
29.001,0.174,-0.322,-0.285
29.021,0.45,-0.547,-0.214
29.041,0.166,-0.445,-0.214
29.061,0.635,-0.538,-0.508
29.081,0.251,-0.544,-0.572
29.101,-0.222,-0.126,-0.58
29.121,0.288,-0.519,-0.406
29.141,0.223,-0.454,-0.262
29.161,0.388,-0.175,-0.447
29.181,0.267,-0.238,-0.594
29.201,0.102,-0.072,-0.112
29.221,-0.119,-0.306,-0.596
29.241,0.094,-0.525,-0.187
29.261,-0.036,-0.0,-0.423
29.281,0.032,-0.296,-0.025
29.301,0.253,-0.457,-0.372
29.321,0.458,-0.442,-0.627
29.341,0.2,-0.444,-0.302
29.361,-0.125,-0.529,-0.471
29.381,0.195,-0.751,-0.134
29.401,0.323,-0.149,-0.235
29.421,-0.028,-0.467,-0.43
29.441,0.071,-0.421,-0.498
29.461,0.106,-0.046,-0.534
29.481,-0.062,-0.604,-0.425
29.501,0.23,-0.324,-0.027
29.521,0.098,-0.591,-0.329
29.541,0.212,-0.365,-0.111
29.561,-0.05,-0.383,-0.598
29.581,0.041,-0.277,-0.68
29.601,0.286,-0.21,-0.493
29.621,0.055,-0.553,-0.175
29.641,0.474,-0.17,-0.353
29.661,0.049,-0.148,-0.121
29.681,0.178,-0.476,-0.043
29.701,0.312,-0.411,-0.486
29.721,-0.178,-0.511,-0.13
29.741,-0.246,-0.477,-0.013
29.761,-0.175,-0.654,-0.08
29.781,0.387,-0.269,-0.602
29.801,0.012,-0.836,-0.639
29.821,0.629,-0.555,-0.387
29.841,0.002,-0.402,-0.378
29.861,0.167,-0.121,-0.123
29.881,0.438,-0.479,-0.498
29.901,0.541,-0.269,-0.238
29.921,0.554,-0.393,-0.556
29.941,0.385,-0.187,-0.234
29.961,0.338,-0.316,-0.415
29.981,0.259,-0.236,-0.27
30.001,0.291,-0.513,-0.416
30.021,0.037,-0.591,-0.772
30.041,-0.017,-0.318,-0.221
30.061,0.145,-0.495,-0.09
30.081,0.105,-0.392,-0.484
30.101,0.043,-0.335,-0.146
30.121,0.269,-0.166,-0.432
30.141,0.321,-0.245,-0.592
30.161,0.163,-0.54,-0.427
30.181,0.427,-0.641,-0.336
30.201,-0.096,-0.062,-0.562
30.221,0.112,-0.73,-0.028
30.241,-0.005,-0.496,-0.591
30.261,-0.239,-0.277,-0.382
30.281,0.127,-0.093,-0.481
30.301,0.107,-0.453,-0.047
30.321,0.449,-0.425,-0.612
30.341,0.285,-0.607,-0.139
30.361,-0.043,-0.421,-0.278
30.381,0.503,-0.669,-0.572
30.401,0.371,-0.597,-0.385
30.421,0.253,-0.294,-0.355
30.441,0.088,-0.525,-0.19
30.461,-0.059,-0.268,-0.463
30.481,0.079,-0.491,-0.204
30.501,0.375,-0.747,-0.318
30.521,0.536,-0.25,-0.233
30.541,0.464,-0.735,-0.494
30.561,0.073,-0.592,-0.358
30.581,-0.043,-0.516,-0.282
30.601,0.205,-0.286,-0.287
30.621,-0.184,-0.597,-0.32
30.641,0.226,-0.681,0.09
30.661,0.127,-0.471,-0.203
30.681,0.056,-0.543,-0.173
30.701,-0.169,-0.603,-0.278
30.721,0.261,-0.48,-0.231
30.741,0.044,-0.777,-0.299
30.761,-0.09,-0.885,0.025
30.781,-0.437,-0.1,-0.349
30.801,0.135,-0.492,-0.181
30.821,0.485,-0.493,0.069
30.841,0.448,-0.694,-0.226
30.861,0.022,-0.38,-0.412
30.881,-0.006,-0.669,-0.496
30.901,0.207,-1.126,-0.428
30.921,-0.088,-0.68,-0.264
30.941,0.181,-0.632,0.015
30.961,0.285,-0.601,-0.239
30.981,0.377,-0.603,-0.454
31.001,0.112,-0.694,-0.441
31.021,0.11,-0.722,-0.419
31.041,-0.027,-0.611,-0.662
31.061,-0.021,-0.881,-0.497
31.081,0.085,-0.946,-0.513
31.101,0.211,-0.533,0.159
31.121,0.306,-0.549,-0.213
31.141,-0.044,-0.403,-0.61
31.161,0.405,-0.623,-0.708
31.181,0.04,-0.802,-0.666
31.201,0.105,-0.947,-0.113
31.221,-0.039,-0.758,-0.651
31.241,-0.39,-0.498,-0.05
31.261,0.274,-0.303,-0.332
31.281,0.255,-0.576,-0.426
31.301,0.056,-0.828,-0.611
31.321,0.137,-0.753,-0.136
31.341,0.232,-0.751,-0.281
31.361,-0.175,-0.661,-0.199
31.381,0.03,-0.341,-0.421
31.401,0.31,-0.31,-0.232
31.421,-0.091,-0.575,-0.072
31.441,0.221,-0.521,-0.228
31.461,-0.118,-0.722,-0.568
31.481,0.258,-0.891,-0.239
31.501,0.169,-0.192,-0.182
31.521,-0.125,-1.021,-0.002
31.541,0.43,-0.922,-0.215
31.561,0.054,-0.202,-0.109
31.581,0.043,-0.557,-0.216
31.601,0.226,-0.783,-0.609
31.621,0.424,-0.428,-0.168
31.641,-0.004,-0.407,-0.309
31.661,0.207,-0.833,0.054
31.681,0.272,-0.678,-0.652
31.701,0.314,-0.393,-0.6
31.721,0.217,-0.726,-0.227
31.741,0.101,-0.506,-0.072
31.761,0.015,-0.288,-0.406
31.781,0.197,-1.061,-0.395
31.801,-0.032,-0.638,-0.354
31.821,-0.389,-0.52,-0.482
31.841,0.288,-0.937,-0.187
31.861,0.386,-0.665,-0.464
31.881,-0.273,-0.337,-0.229
31.901,0.003,-0.676,-0.638
31.921,0.328,-0.832,-0.038
31.941,0.603,-0.311,-0.793
31.961,0.194,-0.45,-0.581
31.981,0.057,-0.556,0.082
32.001,0.157,-0.558,-0.351
32.021,0.472,-0.324,-0.488
32.041,0.067,-0.497,-0.609
32.061,0.036,-0.436,-0.447
32.081,0.098,-0.709,-0.284
32.101,0.006,-0.971,-0.256
32.121,0.211,-0.461,-0.28
32.141,0.517,-0.378,-0.704
32.161,0.253,-0.631,-0.311
32.181,0.139,-0.41,-0.272
32.201,0.134,-0.653,-0.254
32.221,-0.118,-0.597,-0.327
32.241,0.369,-0.225,-0.576
32.261,0.164,-0.633,-0.525
32.281,0.138,-0.648,-0.086
32.301,0.81,-0.954,-0.495
32.321,0.213,-0.449,-0.483
32.341,-0.002,-0.72,-0.397
32.361,0.074,-0.543,-0.588
32.381,0.379,-0.615,-0.211
32.401,0.179,-0.636,-0.607
32.421,-0.136,-0.569,-0.137
32.441,0.329,-0.551,-0.62
32.461,0.01,-0.314,-0.401
32.481,0.521,-0.234,-0.286
32.501,0.358,-0.409,-0.179
32.521,0.048,-0.306,-0.37
32.541,0.407,-0.403,-0.455
32.561,0.166,-0.477,-0.054
32.581,0.309,-0.3,-0.303
32.601,0.214,-0.862,-0.362
32.621,-0.038,-0.729,-0.686
32.641,0.012,-0.748,-0.271
32.661,0.348,-0.638,-0.306
32.681,0.077,-0.433,-0.577
32.701,0.063,-0.787,-0.468
32.721,-0.046,-0.455,-0.293
32.741,0.232,-0.67,-0.223
32.761,0.57,-0.616,-0.518
32.781,-0.047,-0.49,-0.521
32.801,0.174,-0.196,-0.31
32.821,0.453,-0.652,-0.511
32.841,0.163,-0.529,-0.387
32.861,0.276,-0.734,0.001
32.881,-0.028,-0.659,-0.348
32.901,0.242,-0.736,-0.139
32.921,0.126,-0.492,-0.612
32.941,0.372,-0.465,-0.51
32.961,0.409,-0.418,-0.536
32.981,0.679,-0.71,-0.594
33.001,0.286,-0.476,-0.718
33.021,0.245,-0.562,-0.338
33.041,0.21,-0.602,-0.302
33.061,0.105,-0.847,-0.56
33.081,0.239,-0.571,-0.507
33.101,0.116,-0.557,-0.337
33.121,0.222,-0.564,-0.341
33.141,0.457,-0.502,-0.149
33.161,-0.014,-0.433,-0.148
33.181,0.41,-0.791,-0.509
33.201,0.465,-0.603,-0.412
33.221,0.191,-0.453,-0.597
33.241,-0.214,-0.616,-0.099
33.261,0.087,-0.377,-0.351
33.281,0.465,-0.545,-0.199
33.301,0.203,-0.947,-0.477
33.321,0.015,-0.398,-0.214
33.341,0.119,-0.569,-0.266
33.361,0.396,-0.89,-0.141
33.381,0.33,-0.591,-0.659
33.401,0.174,-0.804,-0.364
33.421,0.157,-0.415,-0.156
33.441,0.167,-0.559,-0.554
33.461,0.039,-0.728,-0.255
33.481,0.552,-0.381,-0.243
33.501,0.176,-0.448,-0.224
33.521,0.464,-0.609,-0.286
33.541,0.538,-0.834,-0.224
33.561,0.456,-0.749,-0.261
33.581,0.172,-0.749,-0.11
33.601,0.344,-0.427,-0.483
33.621,0.249,-0.897,-0.274
33.641,0.094,-0.563,-0.082
33.661,0.342,-0.609,-0.475
33.681,0.016,-0.357,-0.448
33.701,0.499,-0.511,-0.21
33.721,0.159,-0.445,-0.034
33.741,0.287,-0.639,-0.345
33.761,0.307,-0.787,-0.276
33.781,0.199,-0.616,-0.208
33.801,0.371,-0.393,-0.378
33.821,0.163,-0.393,0.154
33.841,0.446,-0.623,-0.457
33.861,-0.011,-0.708,-0.239
33.881,0.289,-0.742,-0.241
33.901,0.653,-0.576,-0.698
33.921,0.063,-0.508,-0.423
33.941,0.115,-0.241,-0.522
33.961,0.357,-0.528,-0.096
33.981,0.281,-0.426,-0.552
34.001,0.298,-0.712,-0.02
34.021,0.324,-0.557,-0.43
34.041,0.359,-0.534,-0.01
34.061,0.446,-0.601,-0.469
34.081,0.288,-0.572,-0.097
34.101,0.157,-0.546,0.017
34.121,0.352,-0.476,-0.053
34.141,0.59,-0.334,-0.408
34.161,0.17,-1.034,0.055
34.181,-0.014,-0.358,-0.075
34.201,0.395,-0.908,-0.668
34.221,0.15,-0.5,-0.168
34.241,-0.265,-0.084,0.375
34.261,0.341,-0.559,0.006
34.281,0.066,-0.53,-0.312
34.301,0.165,-0.624,-0.124
34.321,0.248,-0.429,-0.316
34.341,0.226,-0.494,-0.052
34.361,0.33,-0.684,-0.418
34.381,0.103,-0.598,-0.021
34.401,0.294,-0.766,-0.079
34.421,0.129,-0.557,-0.14
34.441,0.328,-0.608,0.165
34.461,0.297,-0.512,-0.038
34.481,-0.021,-0.685,-0.037
34.501,0.387,-0.608,-0.011
34.521,0.068,-0.57,-0.087
34.541,0.33,-0.56,-0.13
34.561,0.249,-0.518,-0.365
34.581,0.539,-0.611,-0.366
34.601,0.135,-0.736,-0.143
34.621,0.132,-0.562,-0.118
34.641,0.203,-0.625,-0.252
34.661,0.145,-0.388,-0.342
34.681,0.359,-0.372,-0.29
34.701,-0.123,-0.882,-0.279
34.721,-0.02,-0.488,-0.218
34.741,-0.025,-0.445,-0.321
34.761,0.37,-0.88,-0.03
34.781,0.53,-0.499,-0.287
34.801,0.162,-0.448,-0.393
34.821,0.148,-0.831,-0.276
34.841,0.179,-0.689,-0.481
34.861,0.394,-0.608,0.151
34.881,-0.028,-0.528,-0.115
34.901,0.196,-0.856,-0.236
34.921,0.341,-0.42,0.053
34.941,0.221,-1.065,-0.269
34.961,0.147,-0.399,-0.255
34.981,0.293,-0.551,-0.399
35.001,-0.44,-0.792,-0.437
35.021,0.236,-0.51,-0.214
35.041,-0.057,-0.896,-0.043
35.061,-0.282,-0.676,-0.431
35.081,0.191,-0.667,-0.306
35.101,0.362,-0.661,-0.282
35.121,0.063,-0.875,-0.109
35.141,0.28,-0.804,-0.338
35.161,0.408,-0.674,-0.099
35.181,0.35,-0.841,-0.112
35.201,0.415,-0.649,-0.378
35.221,0.228,-0.828,-0.315
35.241,0.102,-0.513,-0.231
35.261,-0.242,-0.397,-0.343
35.281,0.026,-0.782,-0.44
35.301,-0.085,-0.547,0.043
35.321,0.529,-0.773,-0.611
35.341,0.069,-0.92,-0.201
35.361,0.112,-0.829,0.028
35.381,0.196,-0.756,-0.409
35.401,0.083,-1.134,-0.241
35.421,0.403,-0.652,-0.061
35.441,-0.067,-0.754,-0.853
35.461,0.093,-0.575,-0.249
35.481,-0.1,-0.645,-0.555
35.501,-0.242,-0.734,-0.049
35.521,-0.098,-0.832,-0.396
35.541,0.016,-0.449,0.112
35.561,-0.05,-0.312,-0.451
35.581,-0.103,-0.819,-0.166
35.601,-0.265,-0.548,-0.45
35.621,-0.014,-0.895,-0.316
35.641,-0.315,-0.875,-0.251
35.661,0.135,-0.816,-0.239
35.681,0.015,-0.595,0.105
35.701,-0.288,-0.944,0.052
35.721,-0.056,-0.424,-0.4
35.741,-0.156,-0.53,-0.24
35.761,0.062,-0.59,-0.471
35.781,0.264,-0.777,-0.518
35.801,-0.377,-0.541,-0.358
35.821,0.027,-1.286,0.141
35.841,-0.033,-0.621,-0.558
35.861,0.136,-0.676,-0.099
35.881,0.063,-1.087,-0.108
35.901,-0.118,-0.634,-0.332
35.921,-0.022,-0.584,-0.066
35.941,-0.094,-1.07,-0.077
35.961,0.3,-0.928,-0.22
35.981,0.105,-0.283,-0.237
36.001,0.47,-0.737,-0.258
36.021,0.066,-0.505,-0.363
36.041,-0.076,-0.471,-0.154
36.061,-0.229,-0.603,-0.283
36.081,-0.279,-0.479,-0.149
36.101,-0.231,-1.116,-0.299
36.121,0.129,-0.733,-0.307
36.141,0.187,-1.308,-0.286
36.161,-0.234,-1.043,0.071
36.181,0.259,-0.787,-0.454
36.201,-0.009,-0.817,0.189
36.221,0.115,-0.681,-0.019
36.241,0.407,-0.7,-0.491
36.261,0.25,-0.679,-0.292
36.281,0.002,-0.677,-0.489
36.301,-0.113,-0.643,-0.052
36.321,-0.362,-0.924,0.082
36.341,-0.084,-0.886,-0.132
36.361,0.021,-0.751,0.08
36.381,-0.134,-0.738,-0.14
36.401,0.025,-0.931,0.03
36.421,0.065,-0.508,-0.096
36.441,0.008,-0.573,-0.126
36.461,-0.094,-0.884,0.017
36.481,0.078,-0.755,-0.163
36.501,0.135,-0.294,0.16
36.521,-0.154,-0.665,-0.197
36.541,0.359,-0.611,-0.019
36.561,0.073,-0.801,-0.252
36.581,0.089,-0.743,-0.428
36.601,0.233,-0.389,-0.059
36.621,0.139,-0.685,-0.494
36.641,0.298,-0.718,0.29
36.661,0.179,-0.702,-0.222
36.681,0.016,-0.198,-0.184
36.701,0.208,-0.698,-0.217
36.721,-0.105,-0.862,-0.127
36.741,0.136,-0.819,-0.096
36.761,0.112,-0.535,-0.339
36.781,0.065,-0.978,-0.654
36.801,0.083,-0.592,-0.354
36.821,-0.27,-0.833,-0.237
36.841,-0.026,-1.062,-0.09
36.861,0.105,-0.878,-0.09
36.881,0.125,-0.667,0.032
36.901,-0.1,-0.394,-0.46
36.921,0.353,-0.471,-0.319
36.941,-0.084,-0.711,-0.22
36.961,0.279,-0.47,0.182
36.981,0.159,-0.725,0.428
37.001,-0.05,-0.952,-0.384
37.021,0.435,-0.648,0.097
37.041,-0.171,-0.951,-0.09
37.061,0.248,-0.465,0.005
37.081,0.279,-0.466,-0.358
37.101,-0.055,-0.803,0.189
37.121,0.35,-0.599,-0.519
37.141,0.016,-0.603,-0.338
37.161,0.126,-0.468,-0.132
37.181,0.138,-0.904,-0.197
37.201,0.049,-0.539,-0.059
37.221,0.252,-0.922,-0.205
37.241,0.246,-0.507,-0.141
37.261,-0.25,-0.454,-0.101
37.281,0.349,-0.794,-0.09
37.301,-0.229,-0.421,-0.01
37.321,0.328,-0.994,0.141
37.341,0.365,-0.453,-0.192
37.361,-0.078,-0.374,0.253
37.381,0.058,-0.587,-0.008
37.401,-0.088,-0.7,0.225
37.421,0.08,-0.6,-0.086
37.441,0.07,-0.787,-0.185
37.461,0.288,-0.137,-0.003
37.481,0.399,-0.767,0.495
37.501,0.42,-0.382,-0.284
37.521,0.016,-0.794,0.132
37.541,0.074,-0.326,0.031
37.561,-0.213,-0.239,0.082
37.581,-0.033,-0.546,-0.223
37.601,0.32,-0.558,0.113
37.621,0.454,-0.817,0.09
37.641,-0.101,-0.85,-0.268
37.661,0.036,-0.557,0.051
37.681,0.152,-0.318,-0.026
37.701,0.218,-0.73,-0.059
37.721,0.015,-0.187,-0.012
37.741,0.257,-0.751,0.223
37.761,0.08,-0.572,0.103
37.781,0.172,-0.58,-0.194
37.801,0.277,-0.643,0.102
37.821,0.167,-1.018,0.016
37.841,0.069,-0.74,-0.11
37.861,0.145,-0.58,-0.241
37.881,0.145,-0.615,0.163
37.901,0.09,-0.469,-0.116
37.921,0.123,-0.446,0.189
37.941,0.508,-0.645,-0.209
37.961,0.301,-0.79,0.395
37.981,0.129,-0.28,0.529
38.001,0.335,-0.859,0.104
38.021,0.133,-0.712,0.25
38.041,0.423,-0.768,-0.114
38.061,0.278,-0.446,-0.126
38.081,0.185,-0.344,0.212
38.101,0.305,-0.634,-0.01
38.121,-0.096,-0.531,-0.299
38.141,-0.002,-0.489,0.004
38.161,-0.017,-0.228,-0.253
38.181,0.258,-0.945,-0.057
38.201,0.582,-0.446,0.197
38.221,0.691,-0.519,0.272
38.241,0.358,-0.668,0.031
38.261,0.319,-0.516,0.247
38.281,-0.14,-0.438,-0.09
38.301,0.107,-0.47,0.354
38.321,0.071,-0.164,-0.116
38.341,0.095,-0.567,-0.137
38.361,0.195,-0.579,-0.065
38.381,0.117,-0.606,-0.11
38.401,-0.199,-0.456,0.143
38.421,0.346,-0.57,0.274
38.441,-0.015,-0.569,0.01
38.461,0.254,-0.589,0.06
38.481,0.631,-0.625,-0.271
38.501,0.035,-0.722,0.015
38.521,-0.288,-0.518,0.359
38.541,0.153,-0.675,0.303
38.561,0.413,-0.498,-0.213
38.581,0.591,-0.62,-0.059
38.601,-0.055,-0.732,0.713
38.621,0.291,-0.331,0.107
38.641,0.108,-0.651,0.337
38.661,0.21,-0.508,0.347
38.681,0.759,-0.77,-0.17
38.701,-0.082,-1.031,0.191
38.721,0.271,-0.735,0.078
38.741,0.296,-1.058,0.399
38.761,0.418,-0.677,0.449
38.781,0.221,-0.333,-0.121
38.801,0.264,-0.806,0.733
38.821,0.136,-1.053,0.083
38.841,0.276,-0.344,0.175
38.861,0.146,-0.741,-0.459
38.881,0.353,-0.662,0.265
38.901,0.167,-0.51,-0.361
38.921,0.308,-0.558,0.067
38.941,0.21,-0.502,-0.015
38.961,0.419,-0.463,0.18
38.981,0.19,-0.999,0.127
39.001,-0.144,-0.937,0.198
39.021,0.459,-0.424,0.319
39.041,0.025,-0.813,-0.149
39.061,0.081,-0.8,-0.014
39.081,0.096,-0.917,-0.131
39.101,0.493,-0.747,-0.144
39.121,-0.188,-0.73,0.425
39.141,0.865,-0.859,-0.214
39.161,0.451,-0.892,-0.143
39.181,0.279,-0.614,0.47
39.201,0.234,-0.838,0.012
39.221,0.317,-0.809,0.035
39.241,0.367,-1.144,0.122
39.261,0.396,-0.314,-0.205
39.281,0.392,-0.512,-0.143
39.301,0.294,-0.802,-0.071
39.321,0.24,-0.878,0.267
39.341,0.233,-0.704,0.191
39.361,0.226,-0.705,-0.078
39.381,0.49,-0.946,0.019
39.401,0.394,-1.197,0.195
39.421,-0.315,-0.806,-0.446
39.441,0.401,-1.004,0.091
39.461,0.325,-0.668,0.188
39.481,0.28,-0.671,-0.156
39.501,0.213,-0.897,0.161
39.521,0.53,-0.802,0.046
39.541,0.488,-0.343,0.406
39.561,0.153,-0.52,-0.079
39.581,0.382,-0.777,0.126
39.601,0.112,-0.208,-0.289
39.621,0.039,-0.923,0.029
39.641,0.184,-0.847,0.173
39.661,0.46,-0.722,-0.09
39.681,0.467,-1.003,0.236
39.701,0.381,-0.354,0.202
39.721,0.412,-0.671,0.046
39.741,0.367,-0.872,-0.038
39.761,0.14,-0.642,-0.575
39.781,0.352,-0.687,-0.081
39.801,0.426,-0.77,0.275
39.821,0.411,-0.946,-0.004
39.841,0.516,-0.973,0.143
39.861,0.413,-0.253,-0.041
39.881,0.341,-0.949,-0.228
39.901,0.49,-0.349,0.202
39.921,0.261,-0.857,-0.202
39.941,0.09,-0.547,0.014
39.961,0.231,-0.593,0.143
39.981,0.123,-0.555,-0.073
40.001,0.137,-0.55,0.37
40.021,0.237,-0.999,0.444
40.041,0.111,-0.806,-0.12
40.061,0.219,-0.952,-0.12
40.081,-0.101,-0.646,-0.054
40.101,0.321,-0.946,0.278
40.121,0.277,-1.053,0.126
40.141,0.118,-0.713,0.172
40.161,0.405,-1.1,0.277
40.181,0.48,-0.609,-0.171
40.201,-0.016,-0.903,0.105
40.221,0.15,-0.823,0.016
40.241,0.17,-1.112,0.087
40.261,0.111,-0.342,0.234
40.281,0.474,-0.966,-0.023
40.301,0.306,-0.72,-0.129
40.321,0.29,-1.017,-0.196
40.341,-0.049,-0.828,0.343
40.361,0.487,-0.31,-0.017
40.381,0.11,-0.591,-0.297
40.401,0.376,-0.795,0.246
40.421,0.436,-0.644,-0.372
40.441,0.644,-0.758,-0.338
40.461,0.116,-0.664,-0.092
40.481,-0.217,-0.497,-0.147
40.501,0.417,-0.718,0.026
40.521,0.742,-0.608,-0.402
40.541,0.635,-0.612,0.055
40.561,0.422,-0.717,0.259
40.581,0.297,-0.812,-0.197
40.601,0.56,-0.785,-0.084
40.621,0.197,-0.55,-0.161
40.641,0.476,-0.533,0.089
40.661,0.479,-0.913,-0.198
40.681,0.588,-0.744,-0.228
40.701,0.932,-0.837,-0.005
40.721,0.447,-0.554,0.081
40.741,0.261,-0.812,0.042
40.761,0.373,-0.283,-0.06
40.781,0.009,-0.676,0.163
40.801,0.218,-0.473,0.057
40.821,0.263,-0.885,-0.236
40.841,0.243,-0.681,-0.554
40.861,0.386,-0.6,0.093
40.881,0.227,-0.929,-0.07
40.901,0.625,-0.721,-0.229
40.921,0.389,-0.511,0.313
40.941,0.393,-0.782,0.313
40.961,0.329,-0.893,0.233
40.981,0.421,-0.375,0.024
41.001,0.555,-0.963,-0.651
41.021,0.226,-0.686,0.214
41.041,0.276,-0.853,-0.194
41.061,0.333,-0.893,-0.127
41.081,0.125,-0.556,0.158
41.101,0.22,-0.736,0.384
41.121,0.291,-0.626,0.299
41.141,0.556,-1.154,0.02
41.161,0.442,-0.611,0.136
41.181,0.426,-0.87,-0.226
41.201,0.55,-1.09,-0.314
41.221,0.353,-0.345,0.216
41.241,0.458,-0.598,0.061
41.261,0.358,-0.664,-0.282
41.281,0.427,-0.459,-0.01
41.301,0.233,-0.668,0.135
41.321,-0.119,-0.862,0.209
41.341,0.329,-0.754,0.165
41.361,0.643,-0.852,-0.039
41.381,0.547,-0.797,-0.134
41.401,0.577,-0.932,0.064
41.421,0.654,-0.882,0.207
41.441,0.429,-0.496,0.222
41.461,0.44,-0.618,0.363
41.481,0.267,-0.793,0.065
41.501,0.321,-0.892,-0.154
41.521,0.507,-0.778,0.286
41.541,0.62,-1.041,0.066
41.561,0.342,-0.682,-0.208
41.581,0.281,-0.516,0.159
41.601,0.362,-0.233,0.321
41.621,0.496,-0.93,0.11
41.641,0.079,-0.539,0.316
41.661,-0.098,-0.88,-0.072
41.681,0.252,-0.976,-0.104
41.701,0.105,-0.964,0.221
41.721,0.244,-0.707,-0.022
41.741,0.301,-0.919,0.301
41.761,0.239,-0.844,0.102
41.781,0.612,-0.814,0.321
41.801,0.382,-0.866,0.18
41.821,0.378,-0.873,-0.101
41.841,0.438,-1.204,-0.307
41.861,0.093,-0.693,0.246
41.881,0.519,-0.694,0.212
41.901,0.291,-0.875,-0.106
41.921,0.437,-0.626,0.269
41.941,0.097,-0.41,0.392
41.961,0.011,-0.694,-0.043
41.981,0.476,-0.433,-0.293
42.001,0.383,-0.258,0.303
42.021,0.108,-0.185,0.354
42.041,0.115,-0.936,-0.045
42.061,0.514,-0.929,0.272
42.081,0.066,-0.791,0.195
42.101,0.63,-0.659,0.103
42.121,0.12,-0.361,0.237
42.141,0.424,-0.547,0.007
42.161,0.236,-0.91,-0.105
42.181,0.425,-0.791,0.194
42.201,0.199,-0.7,0.17
42.221,0.297,-0.983,-0.367
42.241,0.323,-0.682,-0.092
42.261,0.087,-0.935,0.017
42.281,0.443,-1.025,0.265
42.301,0.191,-0.897,-0.149
42.321,0.243,-0.608,0.089
42.341,0.1,-0.608,0.531
42.361,-0.212,-0.67,0.15
42.381,0.258,-0.485,0.162
42.401,0.787,-0.511,0.122
42.421,0.469,-0.648,0.323
42.441,0.315,-0.68,0.131
42.461,0.254,-0.675,0.068
42.481,0.303,-0.738,0.138
42.501,0.41,-1.143,0.382
42.521,0.07,-0.485,0.203
42.541,0.543,-0.629,0.132
42.561,0.457,-0.965,0.34
42.581,0.458,-0.445,0.012
42.601,0.413,-0.848,-0.524
42.621,0.328,-0.744,0.215
42.641,0.461,-0.52,0.195
42.661,0.444,-0.684,-0.007
42.681,0.26,-0.461,0.047
42.701,0.222,-0.797,0.352
42.721,0.341,-0.373,0.184
42.741,0.636,-0.861,0.384
42.761,0.096,-0.448,0.139
42.781,0.036,-1.163,0.045
42.801,0.366,-0.928,0.213
42.821,0.349,-0.664,0.145
42.841,0.36,-0.827,0.161
42.861,0.367,-0.755,0.028
42.881,0.266,-0.741,-0.031
42.901,0.611,-0.976,-0.019
42.921,-0.021,-0.957,0.197
42.941,0.127,-0.689,0.235
42.961,0.276,-0.869,-0.42
42.981,-0.024,-0.472,-0.012
43.001,0.27,-0.792,-0.176
43.021,0.627,-0.614,0.039
43.041,0.296,-0.683,0.021
43.061,0.34,-0.883,0.183
43.081,0.057,-1.155,0.178
43.101,0.19,-0.524,0.548
43.121,0.259,-0.953,0.196
43.141,0.279,-0.828,0.221
43.161,0.611,-0.799,-0.197
43.181,0.46,-0.781,0.021
43.201,0.134,-0.581,-0.125
43.221,0.407,-0.772,0.199
43.241,0.482,-0.805,0.112
43.261,0.607,-0.569,0.035
43.281,0.713,-0.644,0.285
43.301,0.211,-0.913,0.049
43.321,0.246,-0.985,0.364
43.341,0.16,-0.916,0.371
43.361,0.35,-0.763,-0.006
43.381,0.508,-1.001,0.34
43.401,0.591,-0.737,0.141
43.421,0.362,-0.776,0.05
43.441,0.312,-1.248,0.209
43.461,0.397,-1.013,-0.178
43.481,0.189,-1.306,0.027
43.501,0.771,-0.785,0.244
43.521,0.041,-0.503,0.095
43.541,0.409,-1.088,0.372
43.561,0.782,-0.984,0.068
43.581,0.383,-0.746,0.167
43.601,0.344,-0.92,0.119
43.621,0.321,-0.924,-0.172
43.641,0.358,-0.597,0.183
43.661,0.661,-0.805,0.179
43.681,-0.059,-0.986,-0.288
43.701,0.693,-1.103,-0.38
43.721,0.11,-0.271,0.023
43.741,0.344,-0.5,0.347
43.761,0.3,-0.816,0.641
43.781,0.512,-0.723,-0.257
43.801,0.071,-0.84,0.432
43.821,0.488,-0.631,0.334
43.841,0.785,-0.896,-0.019
43.861,0.113,-0.826,0.468
43.881,0.433,-0.645,0.183
43.901,0.258,-0.436,0.033
43.921,0.479,-0.577,-0.278
43.941,0.4,-0.454,0.098
43.961,0.261,-0.769,0.091
43.981,0.496,-0.824,0.528
44.001,0.757,-1.093,-0.113
44.021,0.354,-0.697,-0.109
44.041,0.543,-0.628,-0.025
44.061,0.142,-0.779,0.612
44.081,0.216,-0.885,-0.129
44.101,0.503,-0.479,0.364
44.121,0.71,-0.607,-0.208
44.141,0.484,-0.468,0.196
44.161,0.343,-0.919,0.131
44.181,0.399,-0.873,-0.024
44.201,0.142,-0.511,0.257
44.221,0.508,-0.76,-0.06
44.241,0.594,-0.856,-0.243
44.261,0.333,-0.837,0.022
44.281,0.322,-0.758,-0.1
44.301,0.479,-0.561,0.128
44.321,0.358,-0.785,0.016
44.341,0.427,-0.581,0.371
44.361,0.855,-0.646,0.01
44.381,0.368,-0.932,0.134
44.401,0.343,-0.94,-0.152
44.421,0.293,-0.862,-0.008
44.441,0.568,-1.038,-0.1
44.461,0.373,-0.874,0.313
44.481,0.264,-0.473,-0.087
44.501,0.661,-0.802,-0.054
44.521,0.675,-0.96,0.132
44.541,0.291,-0.42,-0.074
44.561,0.038,-0.993,0.343
44.581,0.605,-1.002,0.438
44.601,0.276,-0.576,-0.128
44.621,0.591,-0.677,0.222
44.641,0.057,-0.86,-0.116
44.661,0.62,-0.652,-0.023
44.681,0.187,-0.754,0.175
44.701,0.562,-1.058,0.075
44.721,0.426,-1.303,0.065
44.741,0.23,-0.94,0.237
44.761,0.332,-0.603,0.221
44.781,0.559,-0.908,0.045
44.801,0.434,-0.716,-0.094
44.821,0.54,-0.784,0.029
44.841,0.808,-1.152,-0.186
44.861,0.097,-0.886,0.168
44.881,0.747,-0.743,-0.011
44.901,0.446,-0.97,-0.183
44.921,0.235,-0.885,0.288
44.941,0.163,-0.73,0.012
44.961,0.403,-0.792,-0.117
44.981,0.64,-0.598,0.261
45.002,0.413,-0.733,0.271
45.022,0.743,-1.002,-0.362
45.042,0.144,-0.914,0.239
45.062,0.426,-0.821,0.07
45.082,0.184,-0.56,0.225
45.102,0.49,-0.915,0.021
45.122,0.596,-1.175,0.099
45.142,0.35,-0.735,-0.04
45.162,-0.085,-0.994,0.226
45.182,0.486,-1.108,-0.119
45.202,0.535,-0.842,0.226
45.222,0.52,-0.637,0.076
45.242,0.705,-0.941,0.195
45.262,0.242,-0.733,-0.147
45.282,0.58,-0.684,0.125
45.302,0.668,-0.659,0.143
45.322,0.072,-0.966,0.386
45.342,0.501,-1.046,0.158
45.362,0.336,-1.015,-0.096
45.382,0.405,-0.655,-0.107
45.402,0.492,-0.692,0.171
45.422,0.336,-1.02,-0.079
45.442,0.297,-0.404,-0.079
45.462,0.454,-1.052,-0.139
45.482,0.221,-0.624,0.06
45.502,0.23,-0.514,0.083
45.522,0.588,-0.807,-0.027
45.542,0.228,-0.969,0.396
45.562,0.595,-0.957,0.16
45.582,0.551,-0.868,0.409
45.602,0.116,-0.609,0.08
45.622,0.322,-1.067,-0.091
45.642,0.699,-1.209,-0.14
45.662,0.267,-0.757,0.034
45.682,0.368,-0.719,0.223
45.702,0.552,-0.435,0.004
45.722,0.602,-1.106,0.243
45.742,0.395,-0.862,0.364
45.762,0.332,-0.599,-0.072
45.782,0.738,-0.806,-0.117
45.802,0.803,-0.872,0.279
45.822,0.637,-0.677,0.146
45.842,0.462,-0.947,0.161
45.862,0.271,-0.665,0.233
45.882,0.259,-1.067,-0.215
45.902,0.518,-1.119,0.183
45.922,0.487,-0.869,0.121
45.942,0.685,-1.324,0.187
45.962,0.521,-0.796,-0.09
45.982,0.078,-1.169,0.112
46.002,0.605,-0.762,-0.006
46.022,0.214,-0.781,0.288
46.042,0.346,-0.825,0.059
46.062,0.47,-0.724,-0.046
46.082,0.831,-0.777,-0.118
46.102,1.059,-0.879,0.254
46.122,0.539,-0.447,0.292
46.142,0.392,-0.737,0.45
46.162,0.523,-0.651,0.001
46.182,0.589,-0.596,-0.132
46.202,0.35,-0.678,0.033
46.222,0.776,-0.385,-0.079
46.242,0.467,-0.761,-0.069
46.262,0.533,-0.782,0.167
46.282,0.569,-0.899,0.284
46.302,0.522,-0.846,0.148
46.322,0.62,-0.948,0.089
46.342,0.328,-0.648,0.212
46.362,0.339,-0.972,0.012
46.382,0.235,-0.771,0.341
46.402,0.563,-0.663,0.646
46.422,0.624,-0.73,-0.085
46.442,0.543,-0.944,0.266
46.462,0.786,-0.617,0.262
46.482,0.464,-0.765,0.132
46.502,0.605,-1.334,0.288
46.522,0.247,-0.946,0.123
46.542,0.388,-0.459,0.182
46.562,0.595,-0.441,0.066
46.582,0.608,-0.625,0.085
46.602,0.377,-0.561,0.185
46.622,0.411,-0.88,0.143
46.642,0.119,-0.763,-0.161
46.662,0.336,-0.444,0.158
46.682,0.603,-0.582,0.027
46.702,0.549,-0.655,-0.023
46.722,0.529,-0.693,0.303
46.742,0.439,-0.421,-0.082
46.762,0.441,-0.443,0.039
46.782,0.311,-0.538,-0.125
46.802,0.579,-0.651,-0.003
46.822,0.528,-0.738,0.575
46.842,0.54,-0.537,-0.055
46.862,0.335,-0.891,0.048
46.882,0.027,-0.826,0.355
46.902,0.681,-0.94,0.169
46.922,0.365,-0.4,0.052
46.942,0.279,-0.791,-0.062
46.962,0.595,-0.558,0.215
46.982,0.388,-0.664,0.003
47.002,0.69,-0.056,0.501
47.022,0.627,-0.536,-0.01
47.042,0.631,-0.985,0.39
47.062,0.201,-0.359,0.234
47.082,0.727,-0.674,0.233
47.102,0.524,-0.643,0.031
47.122,0.387,-0.756,-0.033
47.142,0.495,-0.585,0.01
47.162,0.114,-0.594,0.277
47.182,0.545,-0.758,0.176
47.202,0.249,-0.732,-0.298
47.222,0.185,-0.631,-0.169
47.242,0.146,-1.136,0.06
47.262,0.674,-0.963,0.189
47.282,0.316,-0.343,0.032
47.302,0.739,-0.589,-0.032
47.322,0.31,-0.759,-0.136
47.342,0.079,-0.993,0.248
47.362,0.191,-0.669,0.079
47.382,0.669,-0.468,0.407
47.402,0.369,-0.131,-0.21
47.422,0.276,-0.268,0.187
47.442,0.416,-0.804,0.158
47.462,0.478,-0.72,0.219
47.482,0.59,-0.919,0.211
47.502,0.653,-0.79,-0.069
47.522,0.289,-0.655,-0.002
47.542,0.104,-0.679,0.085
47.562,0.29,-0.192,-0.167
47.582,0.436,-0.863,0.236
47.602,0.206,-0.604,-0.451
47.622,0.201,-1.015,-0.177
47.642,0.472,-0.557,-0.283
47.662,0.403,-0.891,0.267
47.682,0.418,-0.394,0.088
47.702,0.265,-0.687,-0.054
47.722,0.373,-0.916,0.061
47.742,0.234,-1.079,0.103
47.762,0.599,-0.86,-0.195
47.782,0.631,-0.631,0.084
47.802,0.065,-0.621,0.32
47.822,0.238,-0.814,0.353
47.842,0.132,-0.534,0.207
47.862,0.29,-0.951,0.085
47.882,0.403,-1.314,0.216
47.902,0.132,-0.673,0.154
47.922,0.212,-0.455,-0.216
47.942,0.193,-0.459,-0.18
47.962,0.44,-0.964,0.141
47.982,0.411,-0.796,-0.113
48.002,0.244,-0.547,-0.182
48.022,0.431,-0.83,0.289
48.042,0.278,-0.679,0.042
48.062,0.335,-0.828,0.024
48.082,0.723,-0.928,-0.207
48.102,0.656,-0.892,-0.052
48.122,0.129,-0.521,-0.019
48.142,0.549,-0.692,-0.143
48.162,0.554,-0.458,-0.214
48.182,0.154,-0.605,0.385
48.202,0.556,-0.38,0.327
48.222,0.696,-0.547,0.029
48.242,0.144,-0.556,-0.207
48.262,0.177,-0.729,-0.291
48.282,0.578,-0.091,-0.032
48.302,0.44,-0.657,-0.396
48.322,0.476,-1.071,-0.035
48.342,0.427,-0.62,-0.344
48.362,0.417,-0.883,0.044
48.382,0.075,-0.483,0.112
48.402,0.543,-0.54,0.036
48.422,0.571,-0.732,0.516
48.442,0.298,-0.863,0.026
48.462,0.35,-0.653,0.418
48.482,0.07,-0.807,0.137
48.502,0.498,-0.516,0.496
48.522,0.519,-0.571,-0.264
48.542,0.391,-0.11,-0.133
48.562,0.61,-0.78,0.02
48.582,0.31,-0.767,0.409
48.602,0.476,-0.717,0.037
48.622,0.164,-0.709,-0.058
48.642,0.384,-0.484,0.218
48.662,0.345,-0.735,0.286
48.682,0.41,-0.282,-0.039
48.702,0.281,-0.543,-0.029
48.722,0.346,-0.746,0.438
48.742,0.55,-0.797,0.362
48.762,0.308,-0.445,0.419
48.782,0.061,-0.635,0.312
48.802,0.742,-0.651,-0.035
48.822,0.668,-0.773,0.137
48.842,0.142,-0.666,-0.06
48.862,0.528,-0.785,0.337
48.882,0.289,-0.36,0.023
48.902,0.437,-0.472,-0.22
48.922,0.45,-0.641,0.136
48.942,0.366,-0.618,0.332
48.962,0.243,-0.549,-0.168
48.982,0.26,-0.566,0.074
49.002,0.225,-0.76,-0.022
49.022,0.238,-0.959,0.297
49.042,0.382,-0.746,-0.321
49.062,0.254,-0.611,0.31
49.082,0.529,-0.745,-0.061
49.102,0.708,-0.449,0.027
49.122,0.297,-0.647,0.223
49.142,0.466,-0.241,0.341
49.162,0.51,-0.729,0.049
49.182,0.506,-0.579,-0.118
49.202,0.426,-0.666,-0.087
49.222,0.566,-0.529,0.265
49.242,0.52,-0.395,-0.151
49.262,0.171,-0.497,0.092
49.282,0.594,-1.014,0.039
49.302,0.607,-0.512,0.182
49.322,0.271,-0.808,0.031
49.342,0.45,-0.665,-0.047
49.362,0.567,-0.452,-0.066
49.382,0.386,-0.819,-0.055
49.402,0.634,-0.358,-0.237
49.422,0.897,-0.668,0.136
49.442,0.267,-0.174,0.077
49.462,0.135,-0.591,-0.276
49.482,0.492,-0.256,-0.068
49.502,0.57,-0.352,-0.04
49.522,0.36,-0.709,-0.103
49.542,0.699,-0.847,-0.013
49.562,0.142,-0.552,0.012
49.582,0.542,-0.699,0.201
49.602,0.274,-0.277,0.041
49.622,0.739,-0.636,0.172
49.642,0.783,-0.653,-0.22
49.662,0.239,-0.881,-0.161
49.682,0.291,-0.511,-0.244
49.702,0.573,-0.82,-0.056
49.722,0.312,-0.495,0.044
49.742,0.369,-0.485,0.353
49.762,0.387,-0.729,-0.153
49.782,0.002,-0.377,0.189
49.802,0.384,-0.646,-0.158
49.822,0.254,-0.902,-0.001
49.842,0.298,-0.296,-0.043
49.862,0.686,-0.785,-0.197
49.882,0.147,-0.506,-0.166
49.902,0.544,-0.521,0.332
49.922,0.326,-0.52,-0.089
49.942,0.325,-0.517,0.233
49.962,0.53,-0.796,0.159
49.982,0.446,-0.243,-0.094
50.002,0.492,-0.374,0.038
50.022,0.574,-0.461,0.049
50.042,0.295,-0.832,0.118
50.062,0.237,-0.749,-0.056
50.082,0.148,-0.431,-0.281
50.102,0.197,-0.956,-0.123
50.122,0.95,-0.484,0.259
50.142,0.611,-0.81,0.035
50.162,0.092,-0.721,-0.056
50.182,0.111,-0.816,-0.254
50.202,0.477,-0.482,0.28
50.222,0.495,-0.315,-0.011
50.242,0.498,-0.462,0.256
50.262,0.35,-0.436,0.184
50.282,0.38,-0.485,0.192
50.302,0.46,-0.388,0.38
50.322,0.422,-0.433,0.068
50.342,-0.047,-1.068,0.027
50.362,0.357,-0.349,0.377
50.382,0.221,-0.377,0.237
50.402,0.41,-0.623,-0.075
50.422,0.969,-0.945,0.271
50.442,0.462,-0.508,0.362
50.462,0.316,-0.498,-0.417
50.482,0.552,-0.657,-0.206
50.502,0.457,-0.546,-0.123
50.522,0.425,-0.375,0.181
50.542,0.476,-0.108,0.187
50.562,0.785,-0.564,0.131
50.582,0.145,-0.541,0.214
50.602,0.459,-0.764,-0.176
50.622,0.174,-0.702,-0.175
50.642,0.46,-0.631,0.313
50.662,0.166,-0.377,0.077
50.682,0.275,-0.457,0.287
50.702,0.317,-0.234,-0.091
50.722,0.563,-0.938,-0.161
50.742,0.543,-0.924,-0.194
50.762,0.116,-0.434,0.204
50.782,0.374,-0.362,0.264
50.802,0.22,-0.654,0.14
50.822,0.107,-1.557,-0.067
50.842,0.318,-0.819,0.154
50.862,0.305,-0.617,0.153
50.882,0.852,-0.866,-0.354
50.902,0.446,-0.653,-0.034
50.922,0.095,-0.299,0.085
50.942,0.256,-0.406,0.241
50.962,0.587,-0.504,-0.006
50.982,0.79,-0.69,0.06
51.002,0.05,-0.771,0.032
51.022,-0.023,-0.52,0.091
51.042,0.735,-0.641,-0.242
51.062,0.443,-0.626,-0.116
51.082,0.197,-0.942,-0.442
51.102,0.473,-0.762,-0.092
51.122,-0.153,-0.47,0.09
51.142,0.38,-0.846,-0.165
51.162,0.44,-0.567,-0.06
51.182,0.578,-0.542,0.063
51.202,0.191,-0.531,0.539
51.222,0.413,-0.504,-0.018
51.242,0.22,-0.504,0.156
51.262,0.448,-0.754,-0.033
51.282,0.218,-0.924,0.09
51.302,0.309,-0.809,0.03
51.322,0.179,-0.483,-0.053
51.342,0.514,-0.884,-0.017
51.362,0.529,-0.861,0.274
51.382,0.295,-0.866,0.078
51.402,0.357,-1.04,-0.198
51.422,0.044,-0.888,-0.042
51.442,0.268,-0.465,-0.132
51.462,0.321,-0.789,0.241
51.482,0.86,-1.0,-0.091
51.502,0.118,-0.761,0.22
51.522,0.64,-0.548,0.242
51.542,0.536,-1.025,0.083
51.562,0.398,-0.498,0.171
51.582,0.689,-0.971,-0.055
51.602,0.385,-0.745,0.219
51.622,0.405,-0.764,-0.2
51.642,0.312,-0.79,-0.043
51.662,0.567,-0.68,-0.006
51.682,0.534,-0.51,0.257
51.702,0.195,-0.661,0.403
51.722,0.052,-0.775,-0.031
51.742,0.267,-0.571,0.022
51.762,0.173,-0.63,-0.205
51.782,0.292,-0.801,0.007
51.802,0.547,-0.66,0.243
51.822,0.21,-0.823,-0.35
51.842,0.281,-0.838,0.008
51.862,0.294,-0.491,0.157
51.882,0.454,-0.565,0.042
51.902,-0.19,-0.512,-0.012
51.922,0.152,-0.527,0.187
51.942,0.318,-0.813,-0.155
51.962,0.517,-0.447,-0.143
51.982,0.178,-0.713,-0.37
52.002,-0.105,-0.448,0.062
52.022,0.391,-0.662,0.04
52.042,0.141,-0.554,-0.128
52.062,0.025,-0.549,-0.203
52.082,0.134,-0.451,-0.02
52.102,0.226,-0.954,0.018
52.122,0.128,-0.963,-0.237
52.142,-0.187,-0.516,-0.391
52.162,0.457,-0.577,-0.329
52.182,0.553,-0.796,-0.272
52.202,0.431,-0.554,-0.229
52.222,0.061,-0.912,-0.007
52.242,0.262,0.026,0.021
52.262,0.299,-0.365,-0.029
52.282,0.434,-0.511,0.073
52.302,0.441,-0.619,0.079
52.322,0.154,-0.739,0.073
52.342,0.322,-0.868,0.035
52.362,0.391,-0.625,-0.187
52.382,0.609,-0.78,-0.244
52.402,0.464,-0.773,-0.089
52.422,0.499,-0.894,0.242
52.442,0.347,-0.556,0.47
52.462,0.603,-0.682,0.096
52.482,0.43,-0.5,0.049
52.502,0.16,-0.527,0.187
52.522,0.627,-0.575,0.271
52.542,0.488,-0.087,-0.231
52.562,0.255,-0.452,0.55
52.582,0.258,-0.856,0.289
52.602,0.429,-0.52,-0.325
52.622,0.463,-0.626,-0.248
52.642,0.413,-0.865,0.523
52.662,0.437,-0.893,0.165
52.682,0.714,-0.52,-0.163
52.702,0.572,-0.455,-0.03
52.722,0.387,-0.786,0.107
52.742,0.55,-0.383,0.126
52.762,0.15,-0.529,0.232
52.782,0.426,-0.349,0.002
52.802,0.704,-0.37,0.0
52.822,0.296,-0.62,-0.118
52.842,0.156,-0.246,-0.225
52.862,0.194,-0.805,-0.229
52.882,0.107,-0.097,-0.06
52.902,0.161,-0.751,0.04
52.922,0.247,-0.583,-0.306
52.942,0.068,-0.684,0.391
52.962,0.349,-0.651,-0.166
52.982,0.514,0.019,-0.212
53.002,0.162,-0.653,-0.049
53.022,0.657,-0.384,-0.518
53.042,0.467,-0.609,0.036
53.062,0.575,-0.358,-0.247
53.082,0.231,-0.652,-0.441
53.102,0.535,-0.496,-0.031
53.122,0.14,-0.43,-0.014
53.142,0.55,-0.706,0.337
53.162,0.416,-0.012,-0.019
53.182,0.477,-0.458,-0.014
53.202,0.127,-0.623,-0.036
53.222,0.191,-0.71,-0.562
53.242,0.477,-0.54,-0.033
53.262,0.169,-0.803,-0.05
53.282,0.433,-0.192,-0.062
53.302,0.063,-0.455,-0.197
53.322,0.506,-0.556,0.086
53.342,0.078,-0.332,-0.218
53.362,0.436,-0.68,0.119
53.382,0.456,-0.761,0.047
53.402,0.182,-0.548,0.253
53.422,0.445,-0.498,-0.138
53.442,0.391,-0.422,0.216
53.462,0.23,-0.822,-0.008
53.482,0.118,-0.615,-0.064
53.502,-0.079,-1.131,-0.223
53.522,0.386,-0.761,0.037
53.542,-0.009,-0.393,-0.142
53.562,0.322,-0.346,-0.056
53.582,0.241,-0.768,0.09
53.602,0.43,-0.607,-0.062
53.622,0.231,-0.516,-0.008
53.642,0.225,-0.29,0.241
53.662,0.442,-0.193,0.049
53.682,0.36,-0.474,-0.18
53.702,0.373,-0.55,-0.142
53.722,0.418,-0.79,-0.028
53.742,0.021,-0.478,0.38
53.762,0.485,-0.084,-0.297
53.782,0.45,-0.248,0.017
53.802,0.128,-0.489,0.25
53.822,0.288,-0.48,0.099
53.842,0.335,-0.672,-0.061
53.862,0.326,-0.604,-0.374
53.882,0.424,-0.493,0.278
53.902,0.646,-0.486,-0.12
53.922,0.589,-0.294,-0.219
53.942,0.111,-0.302,0.011
53.962,0.492,-0.392,0.256
53.982,0.639,-0.706,0.047
54.002,0.458,-0.696,-0.098
54.022,0.595,-0.677,0.016
54.042,0.775,-0.455,-0.01
54.062,0.579,-0.903,-0.143
54.082,0.437,-0.498,-0.035
54.102,0.591,-0.2,-0.223
54.122,0.397,-0.348,-0.267
54.142,0.358,-0.552,0.057
54.162,0.27,-0.617,-0.11
54.182,0.641,-0.298,-0.029
54.202,0.159,-0.398,-0.187
54.222,0.624,-0.513,-0.127
54.242,0.423,-0.579,-0.105
54.262,0.056,-0.448,-0.114
54.282,0.418,-0.537,-0.086
54.302,-0.083,-0.312,0.019
54.322,0.456,-0.237,0.26
54.342,0.533,-0.768,0.143
54.362,0.222,-0.745,-0.075
54.382,0.375,-0.22,-0.147
54.402,0.732,-0.452,-0.371
54.422,0.248,-0.696,-0.158
54.442,0.149,-0.269,-0.245
54.462,0.66,-0.399,-0.005
54.482,0.766,-0.043,0.315
54.502,0.408,-0.534,-0.105
54.522,0.596,-0.258,-0.319
54.542,0.673,-0.782,-0.051
54.562,0.268,-0.208,-0.111
54.582,0.305,-0.297,0.242
54.602,0.652,-0.166,-0.383
54.622,0.741,-0.266,-0.199
54.642,0.523,-0.514,0.155
54.662,0.237,-0.741,-0.298
54.682,0.819,-0.656,0.117
54.702,0.307,-0.877,-0.127
54.722,0.367,-0.707,0.213
54.742,0.505,-0.432,-0.006
54.762,0.764,-0.522,-0.024
54.782,0.629,-0.554,0.126
54.802,0.554,-0.644,0.011
54.822,0.564,-0.837,-0.24
54.842,0.493,-0.435,-0.095
54.862,0.586,-0.403,-0.323
54.882,-0.021,-0.673,-0.171
54.902,0.418,-0.56,-0.401
54.922,0.524,-0.141,0.489
54.942,0.235,-0.22,0.026
54.962,0.536,-0.749,0.145
54.982,0.415,-0.487,-0.131
55.002,0.813,-0.188,0.146
55.022,0.78,-0.517,0.197
55.042,0.368,-0.521,0.232
55.062,0.437,-0.244,0.036
55.082,0.458,-0.272,0.26
55.102,0.379,-0.28,-0.07
55.122,0.504,-0.505,0.132
55.142,0.31,-0.336,0.069
55.162,0.256,-0.173,-0.178
55.182,0.6,-0.485,-0.308
55.202,0.613,-0.553,0.008
55.222,0.319,-0.237,-0.001
55.242,0.654,-0.083,-0.011
55.262,0.354,-0.063,0.251
55.282,0.537,-0.565,0.308
55.302,0.654,-0.538,0.166
55.322,0.491,-0.685,0.139
55.342,0.595,-0.447,-0.004
55.362,0.407,-0.695,0.06
55.382,0.466,-0.572,0.115
55.402,0.461,-0.323,0.06
55.422,0.353,-0.375,0.153
55.442,0.478,-0.829,0.044
55.462,0.21,-0.155,-0.062
55.482,0.423,-0.686,0.071
55.502,0.466,-0.656,-0.014
55.522,0.461,-0.699,0.323
55.542,0.461,-0.586,-0.054
55.562,0.492,-0.648,0.611
55.582,0.61,-0.663,0.385
55.602,0.691,-0.984,-0.177
55.622,0.398,-0.458,0.3
55.642,0.311,-0.433,0.022
55.662,0.351,-0.031,0.164
55.682,0.453,-0.375,0.372
55.702,0.478,-0.554,-0.088
55.722,0.378,-0.676,-0.045
55.742,0.291,-0.443,0.211
55.762,0.482,-0.326,-0.007
55.782,0.6,-0.523,-0.373
55.802,0.678,-0.39,0.257
55.822,0.442,-0.011,0.127
55.842,0.463,-0.465,0.046
55.862,0.345,-0.776,0.077
55.882,0.533,-0.217,0.488
55.902,0.359,-0.319,0.25
55.922,0.643,-0.723,-0.106
55.942,0.164,-0.31,0.08
55.962,0.432,-0.6,0.291
55.982,0.558,-0.308,0.272
56.002,0.52,-0.002,-0.263
56.022,1.022,-0.419,-0.081
56.042,0.559,-0.174,-0.211
56.062,0.294,-0.658,0.124
56.082,0.478,-0.697,-0.166
56.102,0.149,0.011,0.308
56.122,0.479,-0.338,0.252
56.142,0.325,-0.291,-0.046
56.162,0.671,-0.193,-0.242
56.182,0.364,-0.513,-0.135
56.202,0.442,-0.255,0.118
56.222,0.327,-0.276,0.208
56.242,0.801,-0.679,0.032
56.262,0.395,-0.117,-0.48
56.282,0.821,-0.149,0.159
56.302,0.608,-0.68,-0.37
56.322,0.542,-0.375,-0.394
56.342,0.516,-0.458,0.234
56.362,0.514,-0.125,-0.209
56.382,0.065,-0.691,0.071
56.402,0.405,0.318,0.038
56.422,0.632,-0.439,-0.136
56.442,0.448,-0.272,0.065
56.462,0.172,-0.143,-0.094
56.482,0.434,-0.44,0.04
56.502,0.778,-0.426,-0.05
56.522,0.686,-0.505,-0.065
56.542,0.399,-0.593,-0.097
56.562,0.616,-0.335,-0.14
56.582,0.356,-0.434,0.212
56.602,0.08,-0.51,-0.043
56.622,0.251,-0.503,-0.177
56.642,0.754,-0.303,-0.028
56.662,0.395,-0.586,-0.072
56.682,0.397,-0.476,-0.035
56.702,0.391,-0.255,0.187
56.722,0.815,-0.396,-0.079
56.742,0.763,-0.681,-0.042
56.762,0.878,-0.487,0.172
56.782,0.412,-0.392,0.144
56.802,0.499,-0.267,-0.089
56.822,0.131,-0.625,0.244
56.842,0.742,-0.579,0.211
56.862,0.224,-0.609,0.192
56.882,0.509,-0.604,0.075
56.902,0.25,-0.398,-0.005
56.922,0.359,-0.37,-0.184
56.942,0.307,-0.287,-0.225
56.962,0.344,-0.521,0.033
56.982,0.361,-0.784,0.046
57.002,0.342,-0.381,-0.014
57.022,0.631,-0.481,-0.001
57.042,0.243,-0.508,0.309
57.062,0.506,-0.772,0.354
57.082,0.696,-0.545,-0.201
57.102,0.363,-0.743,0.053
57.122,0.329,-0.431,0.01
57.142,0.429,-0.619,0.144
57.162,0.717,-0.643,0.359
57.182,0.521,-0.847,0.445
57.202,0.384,-0.339,0.153
57.222,0.584,-0.598,0.023
57.242,0.267,-0.529,-0.057
57.262,0.629,-0.686,0.505
57.282,0.56,-0.873,-0.141
57.302,0.404,-0.672,0.178
57.322,0.316,-0.633,-0.048
57.342,0.298,-0.5,-0.248
57.362,0.598,-0.637,0.358
57.382,0.733,-0.719,-0.343
57.402,0.349,-0.875,-0.441
57.422,0.58,-0.57,0.142
57.442,0.077,-0.72,-0.041
57.462,0.385,-0.288,0.106
57.482,0.483,-0.52,0.024
57.502,0.312,-0.427,0.149
57.522,0.276,-0.588,-0.044
57.542,0.334,-0.503,0.204
57.562,0.517,-0.732,0.214
57.582,0.436,-0.779,0.333
57.602,0.035,-0.547,0.264
57.622,0.06,-0.425,0.006
57.642,0.374,-0.921,0.16
57.662,0.611,-0.629,0.098
57.682,-0.031,-0.156,0.078
57.702,0.422,-0.433,-0.266
57.722,0.404,-0.222,0.153
57.742,0.778,-0.659,0.123
57.762,0.415,-0.623,0.359
57.782,0.569,-0.349,0.23
57.802,0.524,-0.413,0.033
57.822,0.063,-0.545,-0.025
57.842,0.646,-0.777,-0.217
57.862,0.545,-0.278,0.342
57.882,0.605,0.005,-0.233
57.902,1.3,-0.797,-0.396
57.922,0.08,-0.205,0.137
57.942,0.826,-0.591,-0.041
57.962,0.43,-0.553,-0.006
57.982,0.548,-0.422,-0.019
58.002,0.482,-0.714,-0.277
58.022,0.407,-0.494,-0.007
58.042,0.367,-0.807,-0.151
58.062,0.53,-0.393,-0.187
58.082,0.17,-0.032,0.198
58.102,0.634,-0.599,0.078
58.122,0.394,-0.509,-0.519
58.142,0.23,-0.507,-0.029
58.162,0.365,-0.295,0.131
58.182,0.699,-0.416,-0.33
58.202,0.349,-0.312,-0.257
58.222,0.518,-0.6,0.115
58.242,0.308,-0.429,-0.18
58.262,0.607,-1.175,-0.489
58.282,0.605,-0.382,0.144
58.302,0.843,-0.768,-0.135
58.322,0.435,-0.594,-0.038
58.342,0.607,-0.386,-0.134
58.362,0.493,-0.845,0.093
58.382,0.717,-0.319,-0.363
58.402,0.321,-0.563,-0.004
58.422,0.613,-0.26,0.101
58.442,0.404,-0.736,-0.407
58.462,0.415,-0.923,-0.292
58.482,0.441,-0.579,0.191
58.502,0.482,-0.47,0.085
58.522,0.402,-0.459,-0.313
58.542,0.475,-0.825,-0.385
58.562,0.756,-0.896,-0.068
58.582,0.636,-0.625,-0.034
58.602,0.62,-0.451,-0.124
58.622,0.355,-0.465,0.358
58.642,0.26,-0.223,0.028
58.662,0.627,-0.608,-0.273
58.682,0.603,-0.897,0.102
58.702,0.731,-0.285,-0.093
58.722,0.32,-0.476,-0.236
58.742,0.411,-0.456,0.092
58.762,0.128,-0.357,0.177
58.782,0.381,-0.247,-0.079
58.802,0.662,-0.505,-0.328
58.822,0.375,-0.287,-0.106
58.842,0.601,-0.409,-0.318
58.862,0.427,-0.671,-0.074
58.882,0.532,-0.59,0.025
58.902,0.238,-0.417,-0.524
58.922,0.506,-0.679,0.017
58.942,-0.126,-0.366,-0.199
58.962,0.443,-0.529,-0.248
58.982,0.17,-0.495,-0.403
59.002,0.728,-0.306,-0.363
59.022,0.664,-0.537,0.207
59.042,0.604,-0.602,0.032
59.062,0.813,-0.635,0.117
59.082,0.32,-0.64,-0.303
59.102,0.861,-0.555,0.237
59.122,0.701,-0.342,-0.129
59.142,0.455,-0.738,-0.284
59.162,0.735,-0.733,-0.34
59.182,0.269,-0.352,-0.324
59.202,0.322,-0.702,-0.263
59.222,0.362,-0.553,-0.278
59.242,0.378,-0.709,0.086
59.262,0.272,-0.934,0.42
59.282,0.731,-0.565,-0.161
59.302,0.421,-0.38,-0.136
59.322,0.544,-0.627,-0.481
59.342,0.351,-0.912,-0.309
59.362,0.104,-0.592,-0.438
59.382,0.54,-0.787,0.054
59.402,0.104,-1.172,0.271
59.422,0.489,-0.672,-0.313
59.442,0.231,-0.531,-0.14
59.462,0.896,-0.408,-0.151
59.482,0.683,-0.29,0.038
59.502,0.502,-0.501,-0.071
59.522,0.736,-0.45,0.336
59.542,0.327,-0.901,-0.237
59.562,0.595,-0.317,0.099
59.582,0.537,-0.396,-0.218
59.602,0.541,-0.716,-0.446
59.622,0.741,-0.497,0.161
59.642,0.623,-0.516,0.241
59.662,0.534,-0.327,-0.056
59.682,0.175,-0.643,-0.267
59.702,0.308,-0.771,-0.369
59.722,0.474,-0.742,-0.014
59.742,0.518,-0.489,-0.561
59.762,0.271,-1.046,0.033
59.782,0.991,-1.269,-0.23
59.802,0.806,-0.493,-0.249
59.822,0.627,-0.606,-0.378
59.842,0.517,-0.662,-0.448
59.862,0.476,-0.93,-0.162
59.882,0.331,-1.015,-0.133
59.902,0.538,-0.808,-0.215
59.922,0.581,-0.613,0.021
59.942,0.296,-0.791,-0.194
59.962,0.621,-0.503,-0.054
59.982,0.532,-0.87,-0.492
60.002,0.194,-0.776,-0.284
60.022,0.404,-0.519,0.087
60.042,0.514,-0.719,-0.019
60.062,0.983,-0.711,-0.138
60.082,0.722,-0.769,-0.278
60.102,0.343,-0.803,-0.409
60.122,0.692,-0.553,-0.331
60.142,0.286,-0.527,-0.071
60.162,0.804,-0.564,-0.584
60.182,0.489,-0.724,0.157
60.202,0.565,-0.645,0.038
60.222,0.863,-0.295,0.031
60.242,0.339,-0.902,-0.093
60.262,0.307,-0.244,-0.19
60.282,0.456,-0.613,-0.134
60.302,0.769,-0.669,-0.283
60.322,0.279,-0.443,0.213
60.342,0.011,-1.061,-0.255
60.362,0.47,-0.387,-0.316
60.382,0.673,-0.287,-0.272
60.402,0.797,-0.438,-0.368
60.422,0.464,-1.081,-0.061
60.442,0.483,-0.516,-0.347
60.462,0.809,-0.332,-0.27
60.482,0.203,-0.362,0.013
60.502,0.503,-0.944,-0.03
60.522,0.632,-0.445,-0.448
60.542,0.676,-0.28,-0.019
60.562,0.471,-0.646,-0.532
60.582,0.585,-0.951,-0.56
60.602,0.07,-0.499,-0.313
60.622,0.432,-0.453,-0.178
60.642,0.654,-0.69,-0.289
60.662,0.369,-0.911,-0.151
60.682,0.575,-0.467,-0.32
60.702,0.662,-0.811,-0.657
60.722,0.503,-0.579,-0.271
60.742,0.59,-0.351,-0.521
60.762,0.365,-0.991,-0.217
60.782,0.518,-0.48,-0.494
60.802,0.679,-0.703,-0.133
60.822,0.585,-0.695,0.055
60.842,0.432,-0.565,-0.582
60.862,0.585,-0.8,-0.651
60.882,0.699,-0.887,-0.314
60.902,0.152,-1.015,-0.03
60.922,0.8,-0.423,-0.208
60.942,0.499,-0.746,-0.323
60.962,0.643,-0.542,-0.465
60.982,0.767,-0.763,-0.102
61.002,0.264,-0.897,0.047
61.022,0.417,-0.524,-0.643
61.042,0.488,-0.603,-0.217
61.062,0.369,-0.714,0.235
61.082,0.88,-0.603,-0.375
61.102,0.379,-0.843,-0.305
61.122,0.432,-0.437,-0.27
61.142,0.603,-0.387,-0.337
61.162,0.327,-0.51,-0.03
61.182,0.463,-0.728,0.115
61.202,0.618,-0.626,-0.581
61.222,0.485,-0.314,-0.425
61.242,0.532,-0.374,0.015
61.262,0.442,-0.233,-0.12
61.282,0.246,-0.788,-0.143
61.302,0.604,-0.786,-0.084
61.322,0.879,-0.57,-0.203
61.342,0.538,-0.523,-0.127
61.362,0.567,-0.641,-0.301
61.382,0.65,-0.679,-0.276
61.402,0.238,-0.35,-0.237
61.422,0.841,-0.617,-0.291
61.442,0.565,-0.838,-0.121
61.462,0.838,-0.801,-0.152
61.482,0.357,-0.542,-0.585
61.502,0.867,0.014,-0.237
61.522,0.667,-0.767,-0.181
61.542,0.622,-0.612,0.119
61.562,0.575,-0.063,-0.246
61.582,0.471,-0.648,-0.177
61.602,0.76,-0.461,-0.201
61.622,0.549,-0.18,0.077
61.642,0.11,-0.735,-0.42
61.662,0.279,-0.6,-0.335
61.682,0.468,-0.628,-0.346
61.702,0.552,-0.833,-0.178
61.722,0.471,-0.212,-0.482
61.742,0.745,-0.644,0.116
61.762,0.103,-0.703,-0.102
61.782,0.523,-0.633,-0.073
61.802,0.128,-0.357,0.223
61.822,0.637,-0.512,-0.266
61.842,0.454,-0.686,-0.029
61.862,0.561,-0.444,-0.093
61.882,0.295,-0.363,0.105
61.902,0.719,-0.536,-0.071
61.922,0.684,-0.581,-0.31
61.942,0.584,-0.319,-0.135
61.962,0.452,-0.552,-0.366
61.982,0.59,-0.195,-0.337
62.002,0.33,-0.658,-0.265
62.022,0.647,-0.647,-0.286
62.042,0.792,-0.665,-0.413
62.062,0.684,-0.526,-0.689
62.082,0.314,-0.485,-0.167
62.102,0.534,-0.743,-0.172
62.122,0.191,-0.458,-0.173
62.142,0.568,-0.366,0.151
62.162,0.529,-0.762,-0.53
62.182,0.06,-0.576,0.088
62.202,0.196,-0.367,0.269
62.222,0.377,-0.687,0.13
62.242,0.388,-0.53,-0.269
62.262,0.201,-0.256,-0.111
62.282,0.517,-0.115,-0.345
62.302,0.483,-0.382,-0.345
62.322,0.409,-0.512,0.138
62.342,0.294,-0.581,-0.074
62.362,0.66,-0.299,-0.037
62.382,0.785,-0.274,-0.424
62.402,0.349,-0.715,-0.487
62.422,0.328,-0.285,0.035
62.442,0.561,-0.587,-0.1
62.462,0.387,-0.635,-0.236
62.482,0.44,-0.491,0.194
62.502,0.619,-0.271,-0.026
62.522,0.077,-0.402,-0.303
62.542,0.738,-0.415,-0.513
62.562,0.497,-0.42,-0.008
62.582,0.387,-0.397,-0.212
62.602,0.442,-0.515,-0.124
62.622,0.466,-0.35,-0.149
62.642,0.117,-0.614,0.177
62.662,0.749,-0.354,0.051
62.682,0.442,-0.317,-0.146
62.702,0.516,-0.354,-0.151
62.722,0.625,-0.352,-0.056
62.742,0.233,-0.416,0.131
62.762,0.519,-0.272,-0.12
62.782,0.368,-0.97,-0.248
62.802,0.597,-0.322,-0.349
62.822,-0.006,-0.099,-0.111
62.842,0.398,-0.594,-0.332
62.862,0.314,-0.622,-0.015
62.882,0.522,-0.236,0.011
62.902,0.545,-0.674,0.146
62.922,0.302,-0.628,-0.141
62.942,0.297,-0.469,0.087
62.962,0.43,-0.68,0.209
62.982,0.273,-0.348,-0.108
63.002,0.609,-0.668,0.319
63.022,0.387,-0.436,0.149
63.042,-0.118,-0.453,-0.235
63.062,0.407,-0.18,0.452
63.082,0.268,-0.265,-0.151
63.102,0.147,-0.606,0.155
63.122,0.233,-0.762,-0.004
63.142,0.516,-0.344,-0.06
63.162,0.771,-0.641,0.169
63.182,0.543,-0.583,-0.056
63.202,0.352,-0.75,-0.098
63.222,0.566,-0.405,-0.1
63.242,0.391,-0.664,-0.32
63.262,0.34,-0.547,0.137
63.282,0.244,-0.549,-0.205
63.302,0.127,-0.499,-0.027
63.322,0.391,-0.396,-0.069
63.342,0.494,-0.58,0.058
63.362,0.445,-0.685,-0.081
63.382,0.38,-0.924,-0.131
63.402,0.263,-0.529,-0.005
63.422,0.576,-0.585,-0.017
63.442,0.195,-0.677,-0.312
63.462,0.628,-0.516,-0.109
63.482,0.272,-0.346,0.163
63.502,0.333,-0.304,0.396
63.522,0.17,-0.83,-0.448
63.542,0.362,-0.594,0.058
63.562,0.653,-0.335,-0.092
63.582,0.556,-0.212,-0.227
63.602,0.653,-0.715,-0.183
63.622,0.543,-0.264,-0.277
63.642,0.201,-0.826,-0.386
63.662,0.361,-0.326,-0.031
63.682,0.273,-0.605,0.252
63.702,0.688,-0.224,-0.051
63.722,0.196,-0.613,-0.08
63.742,0.624,-0.576,-0.228
63.762,0.628,-0.537,-0.304
63.782,0.801,-0.802,-0.128
63.802,0.366,-0.851,-0.331
63.822,0.572,-0.403,0.108
63.842,0.875,-0.307,-0.229
63.862,0.303,-0.391,-0.271
63.882,0.104,-0.771,0.339
63.902,0.049,-0.42,0.133
63.922,0.587,-0.714,-0.362
63.942,0.074,-0.441,-0.282
63.962,0.369,-0.295,-0.154
63.982,0.518,-0.444,-0.165
64.002,0.452,-0.229,-0.224
64.022,0.503,-0.547,0.145
64.042,0.464,-0.562,-0.078
64.062,0.677,-0.497,-0.118
64.082,0.245,-0.777,-0.227
64.102,0.308,-0.608,-0.316
64.122,0.292,-0.585,-0.231
64.142,0.613,-0.572,-0.29
64.162,0.617,-0.473,-0.363
64.182,0.532,-0.827,0.1
64.202,0.681,-0.765,0.052
64.222,0.22,-0.316,-0.196
64.242,0.791,-0.958,0.132
64.262,0.786,-0.426,-0.017
64.282,0.641,-0.619,-0.342
64.302,0.831,-0.503,-0.425
64.322,0.146,-0.225,-0.069
64.342,0.385,-0.551,-0.031
64.362,0.337,-0.415,-0.4
64.382,0.622,-0.524,-0.268
64.402,0.284,-0.548,-0.001
64.422,0.636,-0.582,0.149
64.442,0.765,-0.399,-0.142
64.462,0.629,-0.699,-0.167
64.482,0.553,-0.771,-0.252
64.502,0.293,-0.539,0.16
64.522,0.315,-0.515,-0.019
64.542,0.745,-0.923,-0.292
64.562,0.667,-0.57,0.011
64.582,0.502,-0.816,-0.276
64.602,0.43,-0.442,-0.32
64.622,0.117,-0.927,-0.214
64.642,0.31,-0.195,-0.301
64.662,0.913,-0.643,-0.308
64.682,0.292,-0.745,-0.408
64.702,0.573,-0.618,-0.259
64.722,0.747,-0.462,-0.216
64.742,0.316,-0.384,-0.381
64.762,0.614,-0.625,0.001
64.782,0.752,-0.872,-0.457
64.802,0.584,-0.821,-0.18
64.822,1.155,-0.515,0.022
64.842,0.254,-0.366,0.12
64.862,0.809,-0.348,-0.216
64.882,0.578,-0.546,0.102
64.902,0.758,-0.392,-0.172
64.922,0.693,-0.204,0.349
64.942,0.461,-0.34,-0.395
64.962,0.645,-0.404,-0.305
64.982,0.235,-0.746,-0.082
65.002,0.725,-0.39,-0.372
65.022,0.665,-0.494,-0.245
65.042,0.728,-0.449,-0.003
65.062,0.818,-0.315,-0.055
65.082,0.674,-0.484,-0.1
65.102,0.629,-0.578,-0.108
65.122,0.424,-0.767,-0.606
65.142,0.452,-0.615,-0.114
65.162,0.814,-0.516,-0.283
65.182,0.87,-0.505,-0.22
65.202,0.535,-0.523,-0.483
65.222,0.589,-0.391,-0.036
65.242,0.398,-0.42,-0.062
65.262,0.822,-0.601,-0.402
65.282,0.742,-0.749,-0.141
65.302,0.98,-0.519,0.147
65.322,0.42,-0.154,-0.17
65.342,0.516,-0.555,-0.607
65.362,0.652,-0.68,-0.331
65.382,0.722,-0.512,-0.194
65.402,0.55,-0.501,0.205
65.422,0.417,-0.488,-0.458
65.442,0.757,-0.343,-0.233
65.462,0.718,-0.555,-0.404
65.482,0.388,-0.375,-0.006
65.502,0.844,-0.598,-0.262
65.522,0.783,-0.328,-0.744
65.542,0.573,-0.383,-0.283
65.562,0.57,-0.442,-0.201
65.582,0.678,-0.458,-0.099
65.602,0.398,-0.157,-0.131
65.622,0.582,-0.406,-0.031
65.642,0.132,-0.79,-0.191
65.662,0.735,-0.583,-0.138
65.682,0.235,-0.694,-0.163
65.702,0.846,-0.212,-0.257
65.722,0.502,-0.37,-0.069
65.742,0.54,-0.207,-0.003
65.762,0.465,-0.77,-0.169
65.782,0.536,-0.399,-0.261
65.802,0.875,-0.878,-0.39
65.822,0.1,-0.933,-0.121
65.842,0.847,-0.691,-0.402
65.862,0.681,-0.299,-0.179
65.882,0.38,-0.809,-0.187
65.902,0.416,-0.622,0.01
65.922,0.962,-0.388,0.072
65.942,0.433,-0.457,-0.826
65.962,0.384,-0.185,-0.271
65.982,0.83,-0.634,-0.647
66.002,0.684,-0.721,0.009
66.022,0.435,-0.855,-0.22
66.042,0.662,-0.713,0.012
66.062,0.407,-0.849,-0.171
66.082,0.847,-0.986,-0.482
66.102,0.845,-0.229,-0.387
66.122,0.735,-0.61,-0.21
66.142,0.712,-0.108,-0.069
66.162,1.011,-0.794,-0.187
66.182,0.653,-0.719,-0.159
66.202,0.413,-0.788,-0.264
66.222,0.737,-0.751,0.022
66.242,1.067,-0.461,-0.179
66.262,0.446,-0.528,-0.189
66.282,0.562,-0.459,-0.15
66.302,0.709,-0.368,-0.289
66.322,0.616,-0.425,-0.292
66.342,0.445,-0.863,-0.131
66.362,0.868,-0.77,-0.068
66.382,1.117,-0.64,-0.035
66.402,0.696,0.089,-0.269
66.422,0.474,-0.491,-0.216
66.442,0.337,-0.628,-0.373
66.462,0.702,-0.51,-0.104
66.482,0.883,-0.762,-0.459
66.502,0.745,-0.589,-0.228
66.522,0.655,-0.436,-0.102
66.542,0.532,-0.664,-0.254
66.562,0.435,-0.829,-0.226
66.582,0.813,-0.697,-0.323
66.602,0.83,-0.741,-0.628
66.622,0.329,-0.93,-0.392
66.642,0.966,-0.773,-0.256
66.662,0.763,-0.933,-0.409
66.682,0.946,-0.902,-0.177
66.702,0.401,-0.874,-0.562
66.722,0.386,-0.463,-0.663
66.742,0.614,-0.356,-0.137
66.762,0.758,-0.973,-0.333
66.782,1.011,-0.356,-0.189
66.802,0.783,-0.908,-0.362
66.822,0.607,-0.54,-0.133
66.842,0.446,-0.64,0.023
66.862,0.906,-0.561,0.022
66.882,0.471,-0.902,-0.399
66.902,0.97,-1.021,-0.356
66.922,0.594,-0.814,-0.229
66.942,0.959,-0.588,0.107
66.962,0.764,-0.291,-0.502
66.982,0.579,-0.888,-0.505
67.002,0.491,-0.69,-0.086
67.022,0.523,-0.822,-0.389
67.042,0.678,-0.671,-0.123
67.062,0.609,-1.066,-0.38
67.082,0.484,-0.39,-0.194
67.102,0.552,-0.687,-0.388
67.122,0.58,-0.529,-0.48
67.142,0.164,-0.753,-0.258
67.162,0.681,-0.658,-0.551
67.182,0.398,-0.464,-0.222
67.202,0.349,-0.679,-0.342
67.222,0.249,-0.673,-0.562
67.242,0.238,-0.874,-0.228
67.262,0.307,-0.829,-0.234
67.282,0.441,-0.951,-0.777
67.302,0.978,-0.89,-0.314
67.322,0.458,-0.48,-0.309
67.342,0.6,-0.393,-0.291
67.362,0.638,-1.016,-0.651
67.382,0.589,-0.684,-0.221
67.402,0.554,-0.828,-0.209
67.422,0.335,-0.485,-0.501
67.442,0.861,-0.743,-0.601
67.462,0.928,-0.765,-0.526
67.482,0.233,-0.926,-0.296
67.502,0.362,-1.076,-0.566
67.522,0.496,-0.617,-0.581
67.542,0.361,-0.7,0.091
67.562,0.653,-0.678,-0.33
67.582,0.404,-0.873,-0.38
67.602,0.979,-0.782,-0.46
67.622,0.783,-0.599,-0.425
67.642,0.58,-0.565,-0.001
67.662,0.752,-0.982,-0.215
67.682,0.763,-0.859,0.101
67.702,0.43,-1.012,-0.307
67.722,0.373,-0.673,-0.572
67.742,0.541,-0.541,-0.326
67.762,0.696,-0.769,-0.273
67.782,0.558,-0.842,-0.258
67.802,0.225,-0.783,-0.469
67.822,0.387,-0.251,-0.002
67.842,0.524,-0.481,-0.604
67.862,0.524,-0.561,-0.292
67.882,0.933,-0.64,-0.411
67.902,0.268,-0.708,-0.51
67.922,0.652,-0.889,-0.295
67.942,0.842,-0.916,-0.096
67.962,1.002,-0.839,-0.268
67.982,0.473,-0.909,-0.305
68.002,0.655,-0.842,-0.763
68.022,0.67,-0.751,-0.172
68.042,0.589,-0.742,-0.445
68.062,0.526,-0.858,-0.269
68.082,0.655,-0.642,-0.191
68.102,0.049,-0.782,-0.331
68.122,0.711,-0.684,-0.759
68.142,0.619,-0.885,-0.083
68.162,0.536,-0.614,-0.002
68.182,0.983,-0.863,-0.186
68.202,0.436,-0.443,-0.486
68.222,0.484,-0.798,-0.088
68.242,0.957,-0.78,-0.375
68.262,0.399,-0.655,-0.335
68.282,0.458,-0.602,-0.082
68.302,0.544,-0.585,-0.208
68.322,0.74,-0.399,-0.808
68.342,0.612,-0.628,-0.311
68.362,0.304,-0.792,-0.116
68.382,0.461,-0.896,-0.634
68.402,0.456,-0.843,-0.169
68.422,0.551,-0.546,-0.706
68.442,0.659,-1.121,-0.411
68.462,0.66,-1.001,-0.251
68.482,0.21,-0.869,-0.421
68.502,0.763,-0.99,-0.141
68.522,0.598,-0.896,-0.643
68.542,0.82,-0.458,-0.201
68.562,0.642,-0.874,-0.345
68.582,0.77,-0.751,-0.53
68.602,0.637,-1.17,-0.285
68.622,0.809,-1.047,-0.402
68.642,0.642,-0.645,-0.093
68.662,0.52,-0.5,-0.261
68.682,1.005,-0.777,-0.299
68.702,0.716,-0.879,-0.524
68.722,0.657,-0.734,-0.373
68.742,0.274,-1.342,-0.505
68.762,0.282,-0.765,-0.42
68.782,0.582,-1.03,-0.153
68.802,0.565,-0.649,-0.457
68.822,0.423,-1.244,-0.686
68.842,0.566,-0.93,-0.292
68.862,0.85,-0.828,-0.245
68.882,0.652,-0.963,-0.087
68.902,0.267,-0.88,-0.239
68.922,0.47,-0.616,-0.46
68.942,0.334,-0.796,-0.353
68.962,0.427,-0.975,-0.334
68.982,0.419,-0.606,-0.313
69.002,0.405,-0.733,-0.894
69.022,0.237,-0.744,-0.501
69.042,0.461,-0.968,-0.291
69.062,0.376,-1.297,-0.16
69.082,-0.092,-0.981,-0.514
69.102,0.904,-1.009,-0.49
69.122,0.72,-0.934,-0.452
69.142,0.427,-0.965,-0.434
69.162,0.505,-0.776,-0.242
69.182,0.275,-0.616,-0.559
69.202,0.857,-0.563,-0.224
69.222,0.894,-0.605,-0.117
69.242,0.564,-0.958,-0.493
69.262,0.74,-0.769,-0.497
69.282,0.571,-0.477,-0.393
69.302,0.265,-1.111,-0.542
69.322,0.455,-0.536,-0.448
69.342,0.572,-1.016,-0.722
69.362,0.456,-0.753,-0.252
69.382,0.505,-0.737,-0.087
69.402,0.52,-0.782,-0.556
69.422,0.513,-0.386,-0.764
69.442,0.532,-0.88,-0.249
69.462,0.312,-1.146,-0.516
69.482,0.37,-0.734,-0.571
69.502,0.236,-0.841,-0.462
69.522,0.674,-0.705,-0.684
69.542,0.063,-0.646,-0.355
69.562,0.732,-0.831,-0.699
69.582,0.788,-0.734,-0.697
69.602,0.439,-0.797,-0.699
69.622,-0.03,-0.465,-0.425
69.642,0.413,-0.904,-0.824
69.662,0.456,-0.971,-0.043
69.682,0.265,-0.643,-0.533
69.702,0.369,-1.01,-0.869
69.722,0.768,-0.757,-0.651
69.742,0.583,-0.861,-0.328
69.762,0.273,-0.875,-0.17
69.782,0.129,-0.351,-0.393
69.802,0.375,-0.593,-0.409
69.822,0.374,-0.635,-0.71
69.842,0.525,-0.741,-0.111
69.862,0.332,-0.979,-0.298
69.882,0.538,-0.795,-0.343
69.902,0.822,-0.728,-0.398
69.922,0.603,-0.796,-0.286
69.942,0.437,-0.807,-0.533
69.962,0.409,-0.9,-0.174
69.982,0.369,-0.769,-0.205
70.002,0.675,-0.905,-0.383
70.022,0.309,-0.665,-0.414
70.042,0.446,-1.208,-0.778
70.062,0.436,-0.55,-0.678
70.082,0.337,-1.088,-0.227
70.102,0.183,-1.043,-0.156
70.122,0.515,-0.75,-0.136
70.142,0.43,-0.729,-0.613
70.162,0.534,-0.42,0.108
70.182,0.322,-0.764,-0.159
70.202,0.691,-0.85,-0.485
70.222,0.265,-0.784,-0.343
70.242,0.784,-0.5,-0.715
70.262,0.088,-0.33,-0.498
70.282,0.504,-0.86,-0.272
70.302,0.506,-0.709,-0.368
70.322,0.252,-0.835,-0.036
70.342,0.511,-0.829,-0.671
70.362,0.664,-0.423,-0.385
70.382,-0.025,-0.987,-0.583
70.402,0.521,-1.277,-0.034
70.422,-0.079,-0.755,-0.279
70.442,0.216,-0.581,-0.337
70.462,0.747,-0.768,-0.366
70.482,0.308,-0.713,-0.51
70.502,0.189,-0.68,-0.075
70.522,0.383,-0.824,-0.278
70.542,0.846,-0.735,-0.26
70.562,0.057,-0.732,-0.201
70.582,0.227,-1.239,-0.507
70.602,0.759,-0.838,0.056
70.622,0.828,-1.166,-0.037
70.642,0.449,-0.88,-0.353
70.662,0.216,-0.961,-0.404
70.682,0.871,-0.643,-0.22
70.702,0.765,-0.789,-0.118
70.722,0.586,-0.737,0.007
70.742,0.285,-0.864,-0.207
70.762,0.442,-0.606,-0.319
70.782,0.422,-1.13,-0.325
70.802,0.516,-1.001,-0.735
70.822,0.728,-0.565,-0.426
70.842,0.613,-0.917,-0.284
70.862,0.208,-1.252,-0.807
70.882,0.699,-0.534,-0.327
70.902,0.49,-0.62,-0.522
70.922,0.541,-0.681,-0.042
70.942,0.71,-0.783,-0.406
70.962,0.191,-0.478,-0.414
70.982,0.411,-0.567,-0.391
71.002,0.305,-0.522,-0.381
71.022,0.094,-0.71,-0.217
71.042,0.493,-0.82,-0.444
71.062,0.912,-0.922,-0.358
71.082,0.036,-1.104,-0.206
71.102,0.398,-0.747,-0.357
71.122,0.508,-0.741,-0.221
71.142,0.395,-0.921,-0.444
71.162,0.356,-0.716,-0.294
71.182,0.106,-0.9,-0.109
71.202,0.414,-0.658,-0.256
71.222,0.22,-1.01,-0.776
71.242,-0.062,-1.038,-0.292
71.262,0.604,-0.854,-0.627
71.282,0.559,-0.639,-0.583
71.302,0.365,-1.043,-0.301
71.322,0.398,-0.606,-0.608
71.342,0.576,-1.145,-0.641
71.362,0.397,-0.858,-0.407
71.382,0.538,-1.079,-0.539
71.402,0.297,-1.316,-0.758
71.422,0.627,-0.717,-0.31
71.442,0.409,-0.829,-0.227
71.462,0.395,-1.07,-0.243
71.482,0.084,-0.895,-0.583
71.502,0.383,-0.702,-0.317
71.522,0.171,-0.872,-0.492
71.542,0.209,-0.843,-0.66
71.562,0.169,-0.874,-0.543
71.582,0.128,-0.925,-0.97
71.602,0.765,-0.925,-0.64
71.622,0.597,-0.924,-0.717
71.642,0.727,-0.956,-0.381
71.662,0.101,-1.02,-0.359
71.682,0.347,-0.905,-0.763
71.702,0.066,-0.957,-0.267
71.722,0.176,-1.033,-0.563
71.742,0.12,-0.657,-0.639
71.762,0.55,-0.54,-0.793
71.782,0.222,-0.779,-0.603
71.802,0.519,-0.775,-0.471
71.822,0.432,-0.936,-0.256
71.842,0.78,-0.583,-0.48
71.862,0.034,-0.462,-0.543
71.882,0.586,-0.855,-0.369
71.902,0.567,-0.934,-0.485
71.922,0.153,-0.761,-0.816
71.942,0.553,-0.809,-0.615
71.962,0.409,-0.933,-0.655
71.982,0.283,-0.743,-0.576
72.002,0.153,-0.667,-0.649
72.022,0.177,-0.999,-0.704
72.042,0.728,-0.323,-0.259
72.062,0.321,-1.121,-0.558
72.082,0.474,-0.977,-0.471
72.102,0.15,-0.76,-0.594
72.122,0.127,-0.36,-0.412
72.142,0.487,-0.911,-0.59
72.162,0.018,-1.013,-0.376
72.182,0.215,-0.684,-1.149
72.202,0.297,-0.85,-0.556
72.222,0.307,-0.663,-0.513
72.242,0.244,-0.803,-0.513
72.262,0.37,-0.956,-0.792
72.282,0.438,-0.316,-0.72
72.302,0.456,-1.38,-0.771
72.322,0.102,-0.417,-0.457
72.342,0.26,-0.59,-0.38
72.362,0.553,-0.926,-0.901
72.382,0.502,-0.393,-0.533
72.402,0.051,-1.052,-0.76
72.422,0.379,-0.59,-0.23
72.442,-0.092,-1.192,-0.452
72.462,0.312,-1.021,-0.634
72.482,0.674,-1.01,-0.589
72.502,0.09,-0.921,-0.293
72.522,0.108,-0.759,-0.543
72.542,0.441,-0.922,-0.903
72.562,-0.015,-1.161,-0.252
72.582,0.162,-0.664,-0.376
72.602,0.41,-0.736,-0.637
72.622,0.15,-0.668,-0.399
72.642,0.229,-0.731,-0.631
72.662,0.406,-0.58,-0.635
72.682,0.33,-0.791,-0.528
72.702,0.307,-0.567,-0.401
72.722,0.179,-0.921,-0.423
72.742,0.316,-0.927,-0.328
72.762,0.217,-0.53,-0.421
72.782,0.348,-0.53,-0.214
72.802,0.12,-0.7,-0.173
72.822,0.174,-0.988,-0.457
72.842,0.036,-1.012,-0.588
72.862,0.238,-0.565,-0.55
72.882,0.088,-0.555,-0.891
72.902,0.03,-0.825,-0.487
72.922,0.301,-0.335,-0.61
72.942,0.278,-0.734,-0.63
72.962,0.388,-1.044,-0.487
72.982,0.143,-0.89,-0.899
73.002,0.322,-0.825,-0.522
73.022,0.354,-0.816,-0.451
73.042,0.333,-0.595,-0.804
73.062,0.072,-1.049,-0.2
73.082,0.262,-1.117,-0.367
73.102,0.288,-0.746,-0.207
73.122,0.218,-0.977,-0.366
73.142,-0.213,-0.38,-0.375
73.162,0.232,-0.671,-0.153
73.182,0.653,-0.953,-0.205
73.202,0.141,-0.607,-0.075
73.222,0.07,-0.689,-0.507
73.242,0.302,-0.713,-0.62
73.262,0.297,-0.856,-0.692
73.282,0.471,-0.753,-0.639
73.302,-0.039,-1.269,-0.32
73.322,0.354,-0.587,0.099
73.342,0.325,-1.536,-0.133
73.362,0.178,-0.955,-0.467
73.382,0.258,-1.183,-0.261
73.402,0.398,-0.969,-0.525
73.422,0.373,-0.878,-0.506
73.442,-0.034,-1.105,-0.619
73.462,0.363,-1.414,-0.6
73.482,0.179,-0.813,-0.29
73.502,0.209,-0.436,-0.093
73.522,0.227,-0.925,-0.178
73.542,0.178,-0.651,-0.087
73.562,0.435,-0.543,-0.232
73.582,0.187,-1.234,-0.387
73.602,-0.023,-0.958,-0.48
73.622,0.114,-1.116,-0.259
73.642,0.22,-1.018,-0.732
73.662,0.433,-0.504,-0.503
73.682,0.308,-0.784,-0.542
73.702,0.029,-0.667,-0.148
73.722,0.7,-0.841,-0.676
73.742,0.266,-1.068,-0.222
73.762,0.468,-0.68,-0.332
73.782,0.187,-0.579,-0.337
73.802,0.323,-0.769,-0.502
73.822,0.402,-0.763,-0.705
73.842,0.482,-1.102,-0.31
73.862,0.435,-0.699,-0.245
73.882,0.396,-0.563,-0.299
73.902,0.161,-0.768,-0.431
73.922,0.109,-1.219,-0.628
73.942,0.298,-0.531,-0.531
73.962,0.413,-1.041,-0.308
73.982,0.182,-0.76,-0.543
74.002,0.448,-0.643,-0.57
74.022,0.512,-0.632,-0.653
74.042,0.028,-1.211,-0.251
74.062,0.063,-0.831,-0.248
74.082,0.199,-0.843,-0.118
74.102,0.296,-0.558,-0.774
74.122,0.141,-0.769,-0.101
74.142,0.503,-0.567,-0.103
74.162,0.309,-0.764,-0.095
74.182,0.232,-0.886,-0.302
74.202,-0.07,-0.816,-0.274
74.222,-0.042,-0.549,-0.281
74.242,0.283,-1.128,-0.511
74.262,-0.198,-0.679,-0.49
74.282,0.431,-0.995,-0.257
74.302,0.202,-1.025,-0.356
74.322,0.895,-0.659,-0.152
74.342,0.721,-1.053,-0.367
74.362,0.225,-0.783,-0.583
74.382,0.232,-0.957,-0.563
74.402,0.45,-1.334,-0.426
74.422,0.599,-0.765,-0.116
74.442,-0.059,-0.849,-0.351
74.462,-0.078,-1.254,-0.182
74.482,0.153,-1.007,-0.58
74.502,0.397,-1.249,-0.197
74.522,0.385,-0.73,-0.24
74.542,0.514,-0.606,-0.012
74.562,0.052,-0.714,-0.219
74.582,-0.166,-0.691,-0.106
74.602,0.463,-0.98,0.133
74.622,0.138,-0.766,-0.241
74.642,-0.101,-0.876,0.061
74.662,0.335,-0.837,-0.226
74.682,0.456,-0.68,-0.357
74.702,0.268,-0.628,-0.286
74.722,0.221,-0.934,-0.366
74.742,0.287,-1.137,-0.345
74.762,0.247,-0.886,-0.359
74.782,0.065,-0.889,-0.302
74.802,0.207,-0.81,-0.093
74.822,0.453,-0.717,-0.574
74.842,0.406,-1.257,-0.17
74.862,0.374,-1.008,-0.2
74.882,0.137,-1.068,0.059
74.902,0.301,-0.633,-0.303
74.922,-0.095,-0.917,-0.009
74.942,0.401,-0.981,-0.41
74.962,0.641,-0.794,-0.338
74.982,0.047,-1.041,-0.156
75.003,0.219,-0.923,-0.116
75.023,0.371,-0.567,-0.301
75.043,0.537,-0.584,-0.202
75.063,0.184,-1.024,-0.29
75.083,0.146,-0.975,-0.102
75.103,-0.123,-1.05,-0.288
75.123,0.275,-1.311,-0.292
75.143,0.654,-0.712,-0.035
75.163,0.305,-0.449,-0.185
75.183,0.24,-1.01,-0.103
75.203,0.306,-1.106,0.259
75.223,0.233,-0.993,-0.619
75.243,0.06,-0.928,-0.448
75.263,0.378,-1.175,-0.443
75.283,0.25,-1.044,-0.42
75.303,0.215,-0.754,0.031
75.323,0.005,-0.934,-0.774
75.343,0.471,-0.689,-0.153
75.363,0.35,-0.859,-0.557
75.383,0.091,-1.144,-0.237
75.403,0.406,-1.044,-0.197
75.423,0.106,-0.876,-0.077
75.443,0.063,-1.157,-0.327
75.463,0.059,-1.18,-0.316
75.483,-0.136,-1.169,-0.68
75.503,0.32,-0.822,0.188
75.523,-0.158,-1.003,-0.193
75.543,-0.024,-0.684,-0.163
75.563,-0.201,-1.099,-0.033
75.583,0.202,-1.413,-0.271
75.603,0.187,-0.94,-0.184
75.623,0.149,-0.569,-0.12
75.643,-0.002,-0.891,-0.571
75.663,-0.034,-1.174,-0.16
75.683,0.298,-1.22,0.151
75.703,0.109,-0.661,0.097
75.723,0.27,-1.073,0.051
75.743,0.025,-0.61,0.117
75.763,0.241,-0.774,-0.506
75.783,0.467,-1.064,-0.359
75.803,0.329,-0.674,-0.437
75.823,0.141,-1.109,0.459
75.843,0.257,-1.225,-0.159
75.863,0.152,-1.098,-0.511
75.883,0.212,-0.767,-0.453
75.903,0.144,-0.691,-0.215
75.923,0.165,-1.011,-0.522
75.943,0.227,-1.304,0.129
75.963,-0.014,-1.24,-0.094
75.983,-0.023,-1.142,-0.194
76.003,-0.076,-1.195,-0.475
76.023,-0.119,-0.876,-0.532
76.043,-0.051,-0.549,-0.217
76.063,0.237,-0.78,-0.276
76.083,0.026,-1.186,-0.582
76.103,0.315,-1.1,-0.335
76.123,0.238,-1.072,-0.319
76.143,-0.148,-0.893,-0.155
76.163,0.381,-0.656,0.121
76.183,0.419,-1.064,-0.718
76.203,0.072,-0.674,-0.139
76.223,0.345,-0.576,-0.436
76.243,0.077,-1.067,-0.217
76.263,0.287,-1.09,-0.288
76.283,0.003,-1.074,-0.2
76.303,-0.081,-0.987,-0.562
76.323,0.195,-1.062,-0.132
76.343,0.237,-0.804,-0.318
76.363,0.191,-1.288,-0.043
76.383,0.017,-1.086,0.001
76.403,0.2,-0.914,-0.26
76.423,0.353,-0.793,-0.108
76.443,0.305,-0.534,-0.115
76.463,0.336,-1.232,-0.038
76.483,0.178,-1.114,-0.037
76.503,0.558,-1.443,-0.537
76.523,0.09,-1.216,-0.262
76.543,0.432,-1.35,-0.596
76.563,0.577,-1.102,-0.418
76.583,0.424,-1.042,-0.401
76.603,0.283,-0.9,-0.204
76.623,0.215,-1.052,-0.366
76.643,0.513,-0.883,-0.359
76.663,0.028,-0.955,-0.132
76.683,0.13,-1.184,-0.135
76.703,0.249,-1.308,-0.249
76.723,0.595,-0.865,-0.16
76.743,0.427,-0.655,-0.179
76.763,0.158,-0.473,0.065
76.783,0.284,-0.789,-0.38
76.803,0.226,-0.689,-0.493
76.823,0.18,-0.886,-0.303
76.843,0.535,-0.931,-0.535
76.863,0.069,-0.959,-0.414
76.883,0.676,-0.997,-0.252
76.903,0.532,-0.855,-0.441
76.923,0.592,-1.077,-0.389
76.943,0.271,-1.01,-0.401
76.963,0.3,-1.203,-0.428
76.983,0.065,-0.855,-0.566
77.003,0.247,-1.157,-0.136
77.023,0.447,-0.952,-0.063
77.043,0.605,-0.851,-0.147
77.063,0.119,-0.83,-0.126
77.083,0.268,-0.802,-0.409
77.103,0.31,-1.004,-0.276
77.123,0.062,-0.887,-0.469
77.143,0.457,-1.092,-0.341
77.163,0.203,-1.371,-0.321
77.183,0.316,-0.885,-0.588
77.203,0.259,-0.918,-0.289
77.223,0.194,-0.771,-0.427
77.243,0.338,-0.982,-0.254
77.263,0.303,-1.299,-0.358
77.283,0.289,-0.985,-0.241
77.303,0.226,-0.801,-0.194
77.323,0.435,-0.888,-0.58
77.343,0.692,-1.005,-0.388
77.363,0.396,-1.314,-0.465
77.383,0.561,-1.169,-0.082
77.403,0.084,-0.863,0.022
77.423,0.402,-1.3,-0.301
77.443,0.143,-1.025,-0.239
77.463,0.068,-0.957,-0.608
77.483,0.205,-0.748,-0.259
77.503,0.588,-0.843,-0.376
77.523,0.535,-0.789,-0.06
77.543,0.406,-0.911,-0.374
77.563,0.053,-1.143,-0.482
77.583,0.314,-1.081,-0.578
77.603,0.409,-1.141,-0.277
77.623,0.394,-0.832,-0.433
77.643,-0.025,-1.088,-0.092
77.663,0.157,-1.034,-0.206
77.683,0.312,-0.944,-0.363
77.703,0.434,-0.622,-0.22
77.723,-0.111,-0.824,0.013
77.743,0.294,-1.114,-0.578
77.763,0.355,-0.93,-0.457
77.783,0.483,-0.621,0.065
77.803,0.442,-0.835,-0.478
77.823,0.426,-1.288,-0.191
77.843,0.135,-1.149,-0.079
77.863,-0.089,-1.165,-0.309
77.883,0.223,-0.679,-0.185
77.903,0.505,-0.706,-0.379
77.923,0.576,-1.086,0.036
77.943,0.447,-1.085,-0.402
77.963,0.383,-0.932,-0.507
77.983,0.374,-0.924,-0.13
78.003,0.179,-1.131,-0.147
78.023,0.25,-1.001,-0.274
78.043,0.608,-1.23,-0.295
78.063,0.098,-0.691,-0.387
78.083,0.621,-1.292,-0.428
78.103,0.241,-1.283,-0.387
78.123,0.578,-0.826,-0.205
78.143,0.039,-1.183,-0.3
78.163,0.436,-1.037,-0.538
78.183,0.159,-0.91,-0.32
78.203,0.025,-0.783,-0.257
78.223,0.361,-0.966,-0.114
78.243,0.528,-0.571,-0.157
78.263,0.159,-0.93,0.133
78.283,0.032,-0.677,-0.405
78.303,0.299,-0.878,-0.104
78.323,0.316,-0.511,-0.08
78.343,0.442,-0.722,-0.16
78.363,0.501,-0.929,-0.268
78.383,0.298,-0.798,-0.34
78.403,0.681,-0.983,-0.202
78.423,0.36,-0.98,-0.572
78.443,0.246,-1.189,-0.406
78.463,-0.013,-1.097,-0.402
78.483,0.251,-0.529,-0.12
78.503,0.237,-1.175,-0.094
78.523,0.494,-1.064,-0.429
78.543,0.414,-0.961,-0.478
78.563,0.083,-0.938,-0.508
78.583,0.345,-0.846,-0.031
78.603,0.456,-1.03,-0.042
78.623,0.627,-0.859,-0.098
78.643,0.508,-0.726,0.08
78.663,0.482,-0.681,0.146
78.683,0.349,-0.991,-0.413
78.703,0.428,-0.817,-0.288
78.723,0.614,-1.171,-0.052
78.743,0.105,-1.1,-0.771
78.763,0.281,-1.205,-0.273
78.783,0.181,-0.99,-0.038
78.803,0.415,-1.152,-0.296
78.823,0.57,-1.289,-0.09
78.843,0.194,-1.065,-0.636
78.863,-0.156,-1.328,-0.172
78.883,0.233,-0.706,-0.33
78.903,0.493,-1.095,-0.27
78.923,0.414,-0.798,-0.398
78.943,0.404,-1.105,0.1
78.963,0.275,-1.261,-0.21
78.983,0.099,-0.782,-0.201
79.003,0.466,-1.005,0.183
79.023,0.212,-0.658,-0.421
79.043,0.808,-1.133,-0.199
79.063,0.472,-1.132,-0.369
79.083,0.247,-0.836,-0.369
79.103,0.239,-0.829,-0.167
79.123,0.36,-1.011,-0.273
79.143,0.327,-0.374,0.187
79.163,0.592,-1.105,0.143
79.183,0.403,-1.308,-0.24
79.203,0.219,-1.276,-0.526
79.223,0.743,-1.146,-0.268
79.243,0.377,-0.801,-0.003
79.263,0.534,-1.146,-0.391
79.283,0.247,-0.799,0.101
79.303,0.45,-1.022,-0.093
79.323,0.447,-0.889,-0.433
79.343,0.01,-1.026,-0.339
79.363,0.795,-1.014,-0.326
79.383,0.646,-0.951,-0.39
79.403,0.294,-1.221,-0.456
79.423,0.157,-1.206,-0.354
79.443,0.442,-1.029,-0.327
79.463,0.396,-0.711,-0.002
79.483,0.447,-1.406,-0.186
79.503,0.422,-1.518,-0.17
79.523,0.496,-1.173,-0.2
79.543,0.693,-0.923,-0.417
79.563,0.53,-1.105,-0.04
79.583,0.206,-1.362,-0.363
79.603,0.699,-1.123,-0.333
79.623,0.751,-1.485,-0.19
79.643,1.048,-1.024,0.241
79.663,0.193,-1.213,-0.377
79.683,0.48,-1.158,-0.59
79.703,0.013,-1.058,-0.229
79.723,0.549,-1.102,-0.136
79.743,0.319,-1.251,-0.352
79.763,0.794,-0.947,-0.404
79.783,0.25,-0.999,-0.541
79.803,0.066,-1.516,-0.214
79.823,0.32,-1.204,0.112
79.843,0.017,-1.394,0.069
79.863,0.578,-1.417,-0.207
79.883,0.02,-1.048,-0.353
79.903,0.436,-1.235,-0.197
79.923,0.017,-1.181,-0.335
79.943,0.358,-1.302,-0.403
79.963,0.749,-1.095,-0.237
79.983,0.49,-1.029,-0.013
80.003,0.248,-0.744,-0.302
80.023,0.411,-1.207,-0.296
80.043,0.426,-1.478,-0.294
80.063,0.5,-1.271,-0.082
80.083,0.144,-1.0,-0.074
80.103,0.535,-1.325,-0.463
80.123,-0.117,-1.462,-0.275
80.143,0.309,-1.329,-0.02
80.163,0.339,-1.272,-0.301
80.183,0.572,-1.374,0.045
80.203,0.453,-1.101,-0.083
80.223,0.171,-1.161,0.134
80.243,0.25,-1.003,-0.286
80.263,0.499,-1.264,-0.071
80.283,0.445,-1.053,-0.071
80.303,0.358,-1.265,-0.01
80.323,0.367,-1.384,-0.15
80.343,0.596,-1.253,-0.006
80.363,0.343,-1.458,-0.353
80.383,0.439,-0.769,-0.237
80.403,0.897,-1.103,-0.52
80.423,0.163,-1.269,-0.255
80.443,0.069,-1.195,-0.366
80.463,0.585,-1.601,-0.131
80.483,0.302,-0.821,0.029
80.503,0.387,-0.835,-0.046
80.523,0.289,-1.094,-0.006
80.543,0.373,-1.033,-0.127
80.563,0.725,-1.373,-0.193
80.583,0.579,-1.384,-0.4
80.603,0.603,-1.502,-0.554
80.623,0.163,-1.185,-0.47
80.643,0.215,-0.959,-0.299
80.663,-0.144,-1.257,0.013
80.683,0.267,-1.111,-0.406
80.703,0.616,-0.98,-0.313
80.723,0.545,-1.505,-0.255
80.743,0.405,-0.795,0.083
80.763,0.446,-0.938,-0.165
80.783,0.309,-1.058,-0.135
80.803,0.501,-0.959,-0.096
80.823,0.606,-0.952,0.099
80.843,0.116,-1.096,-0.159
80.863,0.5,-0.881,-0.523
80.883,0.637,-1.255,-0.139
80.903,0.384,-1.062,0.123
80.923,0.592,-0.89,-0.05
80.943,1.027,-1.695,-0.136
80.963,0.443,-1.09,-0.101
80.983,0.55,-1.031,-0.528
81.003,0.31,-1.521,-0.552
81.023,0.49,-1.123,0.035
81.043,0.552,-1.343,0.102
81.063,0.499,-1.091,-0.28
81.083,0.255,-1.187,-0.118
81.103,0.497,-1.357,-0.014
81.123,0.748,-0.933,0.203
81.143,0.546,-1.236,-0.113
81.163,0.637,-1.089,0.053
81.183,0.392,-0.872,0.312
81.203,0.595,-1.313,-0.14
81.223,0.499,-1.131,-0.082
81.243,0.258,-1.228,-0.319
81.263,0.511,-1.181,-0.308
81.283,0.243,-0.675,0.065
81.303,0.325,-1.016,0.129
81.323,0.496,-1.041,0.11
81.343,0.516,-1.002,-0.298
81.363,0.227,-1.024,-0.121
81.383,0.682,-1.478,0.021
81.403,0.579,-0.665,-0.52
81.423,0.326,-1.413,0.041
81.443,0.163,-0.779,0.34
81.463,0.446,-0.993,0.194
81.483,0.404,-1.069,-0.517
81.503,0.522,-1.167,0.048
81.523,0.433,-0.578,0.013
81.543,0.094,-1.003,0.012
81.563,0.444,-1.121,-0.039
81.583,0.448,-1.235,-0.116
81.603,0.63,-1.247,-0.506
81.623,0.358,-1.111,0.02
81.643,0.831,-1.297,0.074
81.663,0.104,-0.967,-0.169
81.683,0.732,-1.254,0.2
81.703,0.437,-0.92,-0.382
81.723,0.649,-0.908,-0.412
81.743,0.471,-1.109,-0.046
81.763,0.681,-0.982,-0.206
81.783,0.38,-0.984,0.133
81.803,0.221,-1.411,-0.144
81.823,0.731,-0.764,0.224
81.843,0.428,-1.187,-0.198
81.863,0.486,-0.992,-0.012
81.883,0.692,-0.985,-0.449
81.903,0.254,-1.629,-0.065
81.923,0.58,-1.262,-0.05
81.943,0.338,-0.971,0.165
81.963,0.422,-1.118,-0.389
81.983,0.481,-0.993,-0.153
82.003,0.164,-1.108,0.215
82.023,0.306,-0.893,0.239
82.043,0.741,-1.123,-0.242
82.063,0.654,-0.858,-0.217
82.083,0.45,-1.318,-0.418
82.103,0.513,-1.142,-0.5
82.123,0.401,-1.219,-0.163
82.143,0.743,-1.001,-0.215
82.163,0.42,-1.136,0.312
82.183,0.514,-1.113,-0.036
82.203,0.678,-1.208,-0.143
82.223,0.299,-1.167,0.039
82.243,0.774,-1.064,0.106
82.263,0.147,-1.466,0.156
82.283,0.788,-1.524,-0.024
82.303,0.386,-1.041,-0.087
82.323,0.391,-1.612,-0.06
82.343,0.064,-1.101,-0.11
82.363,0.343,-1.131,-0.22
82.383,0.235,-0.94,0.082
82.403,0.335,-1.18,-0.178
82.423,0.425,-0.725,-0.339
82.443,0.633,-0.855,-0.126
82.463,0.483,-1.334,0.034
82.483,0.51,-1.079,-0.391
82.503,0.223,-0.709,-0.154
82.523,0.271,-1.124,-0.265
82.543,0.816,-0.981,0.346
82.563,0.32,-0.693,-0.085
82.583,0.802,-1.077,0.208
82.603,0.405,-0.741,-0.066
82.623,0.451,-1.124,-0.043
82.643,0.663,-1.51,-0.108
82.663,0.704,-0.689,-0.156
82.683,0.402,-0.848,-0.107
82.703,0.338,-0.84,-0.233
82.723,0.403,-1.163,-0.111
82.743,0.486,-1.13,-0.432
82.763,0.619,-0.697,-0.084
82.783,0.448,-0.864,-0.339
82.803,0.561,-0.932,-0.095
82.823,0.757,-0.874,-0.058
82.843,0.499,-0.626,0.153
82.863,0.481,-0.788,-0.058
82.883,0.117,-1.017,-0.182
82.903,-0.115,-1.199,-0.246
82.923,0.487,-0.819,0.025
82.943,0.388,-1.127,-0.139
82.963,0.308,-1.178,-0.284
82.983,0.455,-0.676,-0.109
83.003,0.387,-0.78,-0.518
83.023,0.617,-0.886,-0.143
83.043,0.413,-1.212,-0.321
83.063,0.239,-0.618,-0.222
83.083,0.594,-0.782,0.241
83.103,0.356,-1.051,-0.249
83.123,0.494,-1.084,0.002
83.143,0.305,-0.964,0.049
83.163,0.272,-1.083,0.019
83.183,0.412,-0.543,-0.078
83.203,0.416,-1.069,-0.391
83.223,0.509,-1.2,-0.3
83.243,0.363,-0.678,-0.409
83.263,0.049,-1.116,-0.245
83.283,0.345,-0.844,-0.231
83.303,0.608,-0.86,-0.339
83.323,0.392,-0.998,-0.054
83.343,0.403,-1.175,-0.269
83.363,0.659,-0.969,-0.244
83.383,0.314,-1.19,-0.476
83.403,0.151,-0.957,-0.166
83.423,0.421,-0.799,-0.202
83.443,0.375,-0.618,-0.303
83.463,0.289,-1.18,-0.095
83.483,0.465,-1.012,-0.139
83.503,0.594,-1.069,-0.036
83.523,0.503,-0.912,-0.049
83.543,0.57,-1.257,-0.021
83.563,0.874,-1.149,0.178
83.583,0.46,-1.308,-0.124
83.603,0.575,-1.264,-0.335
83.623,0.411,-1.098,-0.228
83.643,0.339,-0.62,-0.218
83.663,0.376,-0.886,-0.318
83.683,0.378,-0.95,-0.639
83.703,0.544,-0.695,-0.08
83.723,0.949,-0.871,-0.119
83.743,0.334,-0.871,0.252
83.763,0.386,-1.061,0.24
83.783,0.468,-1.096,0.001
83.803,0.549,-1.239,-0.019
83.823,0.504,-1.092,-0.293
83.843,0.693,-1.029,-0.097
83.863,-0.034,-0.913,-0.152
83.883,-0.028,-0.972,-0.121
83.903,0.363,-1.048,-0.296
83.923,0.694,-1.157,-0.052
83.943,0.142,-0.894,-0.414
83.963,-0.146,-1.068,0.456
83.983,0.578,-0.901,0.137
84.003,0.501,-1.361,0.107
84.023,0.222,-0.9,-0.409
84.043,0.248,-0.825,-0.456
84.063,0.239,-0.87,-0.072
84.083,0.458,-1.036,-0.188
84.103,0.318,-0.801,0.254
84.123,0.551,-1.235,0.011
84.143,-0.111,-1.007,-0.126
84.163,0.302,-1.023,0.166
84.183,0.238,-0.779,-0.105
84.203,0.429,-1.39,-0.099
84.223,0.367,-1.208,0.053
84.243,0.624,-0.642,-0.285
84.263,0.103,-1.475,0.055
84.283,0.49,-0.834,-0.042
84.303,0.576,-1.126,-0.327
84.323,0.844,-0.934,0.253
84.343,0.379,-0.69,-0.223
84.363,0.541,-0.924,-0.453
84.383,0.11,-0.686,-0.287
84.403,0.006,-1.07,-0.34
84.423,0.669,-1.042,-0.076
84.443,0.505,-0.797,0.194
84.463,0.73,-1.04,-0.073
84.483,0.207,-0.834,0.186
84.503,0.577,-0.715,0.084
84.523,0.857,-0.77,-0.656
84.543,0.564,-1.263,0.056
84.563,0.541,-1.027,-0.235
84.583,0.482,-0.91,-0.04
84.603,0.18,-1.016,-0.154
84.623,0.754,-0.957,0.422
84.643,0.358,-0.918,-0.06
84.663,0.579,-1.076,-0.035
84.683,0.172,-1.005,0.07
84.703,0.253,-1.218,-0.442
84.723,0.79,-1.075,0.084
84.743,0.447,-1.271,-0.184
84.763,0.8,-0.943,-0.276
84.783,0.494,-1.012,0.023
84.803,0.141,-1.134,-0.429
84.823,0.683,-0.592,0.052
84.843,0.371,-0.998,-0.169
84.863,0.628,-0.885,-0.152
84.883,0.502,-1.075,-0.594
84.903,0.191,-1.035,0.047
84.923,0.535,-0.888,-0.102
84.943,0.956,-1.007,-0.255
84.963,0.607,-0.927,-0.35
84.983,0.489,-0.768,-0.028
85.003,0.711,-1.044,-0.126
85.023,0.549,-1.209,-0.186
85.043,0.558,-1.25,-0.393
85.063,0.3,-0.665,-0.144
85.083,0.579,-0.76,-0.156
85.103,0.731,-0.8,0.063
85.123,0.352,-1.005,-0.446
85.143,0.808,-1.185,-0.345
85.163,0.502,-0.985,0.196
85.183,0.352,-0.937,-0.162
85.203,0.746,-1.151,-0.138
85.223,0.488,-1.234,0.014
85.243,0.702,-1.273,0.196
85.263,0.501,-0.803,-0.401
85.283,0.555,-1.167,0.275
85.303,0.683,-0.868,-0.155
85.323,0.647,-1.022,-0.097
85.343,0.19,-0.832,-0.121
85.363,0.355,-0.918,0.168
85.383,0.769,-1.044,0.059
85.403,0.547,-0.965,-0.175
85.423,0.459,-1.016,-0.364
85.443,0.297,-1.117,-0.169
85.463,0.349,-0.79,-0.402
85.483,0.136,-1.057,0.049
85.503,0.544,-0.979,-0.256
85.523,0.43,-1.234,-0.147
85.543,0.354,-0.909,0.107
85.563,0.521,-1.1,0.038
85.583,0.605,-1.092,-0.062
85.603,0.947,-1.163,-0.298
85.623,0.219,-1.009,-0.054
85.643,0.752,-1.385,-0.3
85.663,0.704,-0.845,-0.035
85.683,0.359,-0.971,-0.401
85.703,0.56,-1.052,0.104
85.723,0.429,-1.273,-0.126
85.743,0.563,-0.897,-0.162
85.763,0.838,-1.097,-0.075
85.783,0.643,-0.711,-0.181
85.803,0.64,-0.87,-0.127
85.823,0.469,-0.679,0.122
85.843,0.266,-0.952,0.078
85.863,0.518,-0.765,0.022
85.883,0.822,-0.908,-0.059
85.903,0.287,-1.103,-0.176
85.923,0.366,-0.985,0.107
85.943,0.599,-1.197,-0.277
85.963,0.383,-0.629,0.271
85.983,0.409,-1.065,0.061
86.003,0.493,-1.033,0.152
86.023,0.303,-0.955,0.012
86.043,0.371,-1.254,-0.111
86.063,0.705,-0.766,0.102
86.083,0.297,-1.208,-0.373
86.103,0.222,-1.251,-0.213
86.123,0.415,-1.047,-0.135
86.143,0.684,-1.269,-0.359
86.163,0.499,-0.699,0.038
86.183,0.435,-1.073,0.172
86.203,0.538,-1.666,-0.424
86.223,0.204,-0.986,-0.147
86.243,0.64,-0.906,-0.082
86.263,0.618,-1.101,0.014
86.283,0.463,-1.289,0.108
86.303,0.746,-1.028,-0.127
86.323,0.32,-1.11,0.138
86.343,0.771,-1.221,-0.03
86.363,0.572,-1.239,-0.147
86.383,0.491,-1.011,0.037
86.403,0.558,-0.871,-0.245
86.423,0.535,-0.948,-0.048
86.443,0.812,-1.392,-0.02
86.463,0.346,-0.92,-0.099
86.483,0.397,-0.912,0.543
86.503,0.753,-0.781,0.289
86.523,0.441,-1.259,0.069
86.543,0.729,-1.086,0.124
86.563,0.886,-0.952,0.159
86.583,0.46,-1.169,0.164
86.603,0.685,-0.954,0.374
86.623,0.307,-1.068,0.245
86.643,0.695,-1.227,-0.351
86.663,0.571,-1.211,0.199
86.683,0.636,-0.807,-0.171
86.703,0.418,-1.27,-0.126
86.723,0.222,-1.313,0.177
86.743,0.657,-1.019,-0.379
86.763,0.133,-1.107,0.348
86.783,0.49,-1.361,0.175
86.803,0.748,-1.193,0.088
86.823,0.59,-1.25,0.199
86.843,0.929,-1.209,0.274
86.863,0.745,-0.567,0.098
86.883,0.411,-1.136,0.198
86.903,0.555,-1.256,-0.15
86.923,0.533,-0.663,0.219
86.943,0.23,-0.902,0.157
86.963,0.368,-0.932,0.327
86.983,0.424,-1.241,0.071
87.003,0.105,-0.847,0.088
87.023,0.524,-0.909,-0.156
87.043,0.467,-1.03,0.027
87.063,0.176,-1.394,0.141
87.083,0.577,-1.052,0.162
87.103,0.657,-0.704,0.358
87.123,0.56,-1.005,0.112
87.143,0.451,-1.107,0.013
87.163,0.629,-1.076,0.144
87.183,0.645,-1.064,-0.065
87.203,0.568,-1.203,0.32
87.223,0.355,-1.056,-0.084
87.243,0.601,-0.763,-0.02
87.263,0.776,-0.783,-0.165
87.283,0.429,-1.185,0.072
87.303,0.984,-0.772,0.191
87.323,0.451,-0.882,0.407
87.343,0.557,-0.912,0.074
87.363,0.404,-0.961,0.037
87.383,0.577,-1.224,-0.455
87.403,0.175,-1.105,0.125
87.423,0.413,-0.853,0.073
87.443,0.291,-1.26,0.078
87.463,0.542,-1.237,0.377
87.483,0.722,-0.973,0.178
87.503,0.648,-1.188,-0.009
87.523,0.034,-0.867,-0.112
87.543,0.919,-1.188,-0.169
87.563,0.572,-0.993,-0.042
87.583,0.351,-0.97,0.112
87.603,0.533,-1.13,-0.376
87.623,0.532,-1.098,0.025
87.643,0.372,-1.19,0.208
87.663,0.547,-1.054,-0.153
87.683,0.367,-1.252,0.019
87.703,0.432,-1.114,-0.135
87.723,0.371,-0.906,-0.476
87.743,0.229,-1.26,-0.102
87.763,0.546,-1.122,-0.153
87.783,0.629,-0.924,0.205
87.803,0.624,-1.441,0.168
87.823,0.703,-0.639,-0.132
87.843,0.593,-0.817,0.335
87.863,0.414,-1.326,0.221
87.883,0.704,-1.428,-0.001
87.903,0.285,-0.997,0.113
87.923,0.38,-1.237,-0.148
87.943,0.381,-0.817,-0.455
87.963,0.785,-0.913,0.053
87.983,0.741,-0.963,-0.236
88.003,0.649,-1.104,-0.01
88.023,0.78,-0.653,0.122
88.043,0.383,-0.825,-0.327
88.063,0.644,-0.862,0.1
88.083,0.562,-0.737,0.221
88.103,0.758,-1.185,-0.38
88.123,0.595,-0.744,0.165
88.143,0.539,-1.058,0.405
88.163,0.711,-0.939,-0.03
88.183,0.775,-1.024,0.166
88.203,0.47,-1.376,-0.189
88.223,0.585,-0.798,0.171
88.243,0.378,-1.352,0.1
88.263,0.095,-1.196,0.043
88.283,0.644,-1.104,0.033
88.303,0.728,-1.395,0.077
88.323,0.658,-1.23,-0.019
88.343,0.21,-0.967,-0.193
88.363,0.523,-1.09,-0.044
88.383,0.147,-1.064,-0.036
88.403,0.852,-1.198,-0.256
88.423,0.355,-1.006,-0.03
88.443,0.826,-1.079,-0.017
88.463,0.753,-1.358,-0.11
88.483,0.363,-1.062,0.073
88.503,0.312,-1.274,0.101
88.523,0.596,-0.829,-0.158
88.543,0.352,-1.084,0.008
88.563,0.55,-0.498,0.15
88.583,0.441,-0.808,-0.229
88.603,0.181,-1.045,-0.364
88.623,0.097,-0.905,-0.213
88.643,0.608,-1.44,0.074
88.663,0.448,-0.836,-0.12
88.683,0.44,-1.192,-0.288
88.703,0.696,-1.017,0.215
88.723,0.787,-1.183,-0.256
88.743,0.487,-1.16,-0.062
88.763,0.471,-1.066,0.117
88.783,0.643,-1.013,0.094
88.803,0.275,-1.032,0.041
88.823,0.577,-1.014,-0.191
88.843,0.647,-1.333,0.04
88.863,0.658,-0.548,-0.069
88.883,0.122,-0.971,-0.0
88.903,0.371,-0.949,0.193
88.923,0.33,-1.092,-0.312
88.943,0.502,-1.202,0.001
88.963,0.582,-1.006,-0.052
88.983,0.779,-0.983,0.102
89.003,0.377,-0.774,0.282
89.023,0.391,-0.617,0.286
89.043,0.732,-0.751,0.098
89.063,0.57,-1.414,-0.191
89.083,0.765,-1.139,-0.166
89.103,0.574,-0.988,0.068
89.123,0.28,-1.139,-0.341
89.143,0.239,-1.062,-0.121
89.163,0.195,-1.495,-0.237
89.183,0.644,-0.89,-0.327
89.203,0.765,-1.457,-0.039
89.223,0.908,-1.386,0.086
89.243,0.713,-1.273,0.06
89.263,0.776,-1.09,-0.025
89.283,0.425,-1.403,-0.119
89.303,0.312,-1.266,-0.149
89.323,0.715,-0.831,0.114
89.343,0.617,-1.097,-0.159
89.363,0.552,-0.993,-0.164
89.383,0.608,-1.333,0.035
89.403,0.602,-1.098,-0.277
89.423,0.793,-1.106,-0.06
89.443,0.815,-1.22,-0.199
89.463,0.658,-1.056,-0.21
89.483,0.721,-1.445,-0.116
89.503,0.653,-0.978,0.078
89.523,0.463,-1.144,-0.04
89.543,0.706,-1.116,-0.026
89.563,0.273,-0.891,0.066
89.583,0.768,-0.963,0.026
89.603,0.31,-1.114,-0.139
89.623,0.593,-1.282,0.006
89.643,0.377,-0.793,-0.141
89.663,0.656,-1.354,-0.018
89.683,0.554,-0.95,0.113
89.703,0.242,-1.4,0.019
89.723,0.631,-0.888,-0.325
89.743,0.435,-0.869,-0.179
89.763,0.709,-1.455,0.057
89.783,0.517,-0.976,-0.512
89.803,0.596,-0.985,-0.011
89.823,0.327,-0.924,-0.023
89.843,0.402,-0.995,0.49
89.863,0.421,-1.26,0.02
89.883,0.676,-1.105,-0.086
89.903,0.867,-0.733,0.172
89.923,0.359,-1.295,-0.119
89.943,0.728,-0.986,-0.051
89.963,0.093,-0.827,-0.033
89.983,0.28,-1.257,0.073
90.003,1.356,0.092,-0.577
90.023,5.178,4.58,5.765
90.043,-2.62,5.773,-0.647
90.063,1.625,2.723,0.661
90.083,2.183,4.912,1.979
90.103,1.783,2.135,1.116
90.123,3.367,1.018,3.289
90.143,5.369,-0.227,3.992
90.163,3.225,2.336,2.423
90.183,6.691,1.966,1.197
90.203,-1.029,0.25,-0.182
90.223,0.964,-0.443,6.108
90.243,10.938,-1.933,6.746
90.263,4.972,3.004,5.453
90.283,7.102,-2.416,6.489
90.303,6.01,-1.483,6.695
90.323,3.962,-7.719,5.417
90.343,5.038,-0.538,2.248
90.363,8.419,-4.862,6.436
90.383,4.538,-1.861,6.783
90.403,7.549,-2.813,4.835
90.423,7.224,-4.569,4.653
90.443,7.376,-5.274,5.038
90.463,6.075,-2.308,3.857
90.483,5.678,-8.7,4.928
90.503,0.245,-1.553,2.408
90.523,4.994,-5.834,5.13
90.543,-0.24,-2.921,1.917
90.563,6.023,-5.58,0.544
90.583,4.758,-4.215,6.328
90.603,2.751,-7.528,0.224
90.623,3.701,-6.871,4.755
90.643,-3.772,-4.667,1.961
90.663,-1.823,2.657,-2.594
90.683,-1.096,-5.856,0.071
90.703,1.476,-3.828,0.545
90.723,-4.984,0.657,-0.239
90.743,-3.666,-1.453,-3.421
90.763,-6.851,-3.88,-1.563
90.783,-8.179,-0.938,0.078
90.803,-3.932,-2.094,1.862
90.823,-3.498,1.128,-0.829
90.843,-1.266,-0.584,2.199
90.863,-3.263,5.094,-0.708
90.883,-4.622,3.573,-0.543
90.903,-5.533,4.647,-4.485
90.923,-6.045,1.127,-3.223
90.943,-4.049,-0.75,-5.114
90.963,-5.135,-2.295,-2.654
90.983,-5.514,0.756,-7.888
91.003,-3.372,5.468,-5.923
91.023,-1.415,3.634,-4.081
91.043,-2.208,2.814,-4.272
91.063,-4.858,3.84,-4.4
91.083,0.585,2.423,-11.122
91.103,-4.718,7.659,-6.025
91.123,-4.219,4.248,-4.3
91.143,0.11,2.228,-5.485
91.163,0.685,0.12,-2.847
91.183,-4.213,6.185,-7.435
91.203,-1.523,5.129,-3.589
91.223,-0.597,-1.632,-5.353
91.243,-1.225,3.293,-11.963
91.263,0.391,4.809,-0.034
91.283,2.239,-0.256,-2.448
91.303,-3.846,-1.752,-7.689
91.323,2.512,1.744,-0.287
91.343,1.4,-3.539,-6.026
91.363,-0.34,-8.39,-1.666
91.383,0.842,-5.501,0.015
91.403,1.732,-4.242,-3.551
91.423,4.122,-1.853,-3.357
91.443,4.006,-5.593,-0.054
91.463,2.992,-8.286,0.772
91.483,2.315,-2.004,5.651
91.503,3.095,-5.81,-0.67
91.523,6.649,-6.693,2.706
91.543,3.813,-7.906,1.822
91.563,3.563,-4.397,-7.17
91.583,6.233,-9.013,0.017
91.603,2.518,-7.24,-2.845
91.623,5.313,-9.113,-1.92
91.643,5.235,-7.079,-1.053
91.663,4.731,-6.225,2.479
91.683,1.773,-3.402,0.019
91.703,0.909,-9.284,4.227
91.723,4.209,-6.32,3.626
91.743,2.087,-5.885,4.364
91.763,-2.321,-0.07,4.081
91.783,5.256,-3.482,1.443
91.803,4.889,0.697,2.708
91.823,0.587,-0.519,8.404
91.843,2.653,-1.094,6.378
91.863,-1.34,-4.822,6.46
91.883,-2.875,-2.201,7.084
91.903,3.125,3.243,5.584
91.923,0.362,1.878,7.133
91.943,1.477,1.181,0.553
91.963,0.734,-0.753,4.369
91.983,-3.831,-2.18,7.819
92.003,-9.941,6.254,5.555
92.023,0.832,1.243,5.622
92.043,-8.168,2.083,2.576
92.063,-4.398,0.903,2.222
92.083,-7.529,0.966,3.454
92.103,-6.238,3.702,5.166
92.123,-0.814,-0.924,4.7
92.143,-1.96,4.644,2.292
92.163,-6.642,3.441,2.417
92.183,-0.335,0.472,3.766
92.203,-4.457,0.662,1.923
92.223,-4.079,4.467,4.252
92.243,-2.817,1.683,8.176
92.263,-7.536,1.241,2.454
92.283,-3.249,-1.695,0.562
92.303,1.554,-2.769,0.632
92.323,-5.383,-0.686,-0.453
92.343,-3.428,-1.762,-2.426
92.363,1.161,-1.561,4.32
92.383,-0.203,0.601,-0.259
92.403,-2.87,-2.905,0.763
92.423,-4.192,-6.624,-4.67
92.443,-1.57,-4.376,1.046
92.463,-1.766,-5.508,-0.259
92.483,-2.013,-5.373,-1.781
92.503,-2.429,-6.705,0.269
92.523,-0.589,-1.943,-0.707
92.543,1.738,-8.245,-4.881
92.563,-3.19,-5.491,-8.398
92.583,0.373,-7.626,-3.781
92.603,1.49,-8.683,-2.987
92.623,3.837,-2.4,-4.426
92.643,5.285,-4.603,-6.41
92.663,4.924,-7.497,-4.519
92.683,3.984,-9.287,-4.974
92.703,3.904,-4.356,-4.919
92.723,2.567,-4.667,0.422
92.743,3.981,-7.056,-3.412
92.763,4.461,-8.767,-1.786
92.783,4.448,-1.385,-3.277
92.803,7.877,-5.917,0.04
92.823,4.049,-1.978,-4.847
92.843,6.532,-0.686,-2.822
92.863,0.338,-0.553,-7.637
92.883,12.396,-2.108,-3.371
92.903,6.042,2.116,-5.691
92.923,5.051,-0.904,-4.055
92.943,2.314,-1.841,-0.591
92.963,4.155,-0.806,-1.508
92.983,4.64,-0.806,-0.517
93.003,-2.147,4.081,-7.611
93.023,4.1,4.006,1.025
93.043,0.918,1.73,-5.285
93.063,-3.392,8.013,0.135
93.083,-2.463,-0.997,-5.414
93.103,-0.746,0.053,-4.539
93.123,1.451,3.05,-1.12
93.143,5.407,2.098,-3.074
93.163,0.571,2.778,0.8
93.183,4.675,5.161,1.579
93.203,1.268,8.755,-0.71
93.223,-1.248,2.037,-1.813
93.243,-0.558,1.733,0.391
93.263,-7.355,2.095,4.384
93.283,-3.915,6.152,3.668
93.303,-6.891,1.667,4.15
93.323,-2.915,2.334,5.317
93.343,-0.121,0.596,1.922
93.363,-4.489,1.618,-0.309
93.383,-2.67,0.621,0.449
93.403,-5.759,3.181,0.873
93.423,0.965,1.927,4.6
93.443,-2.917,-2.371,4.14
93.463,-3.974,-4.057,7.857
93.483,-2.491,1.497,3.39
93.503,-4.597,-6.664,4.39
93.523,-9.486,-3.494,2.952
93.543,-2.195,-3.376,4.299
93.563,-3.053,-5.008,4.563
93.583,-5.616,-6.121,7.664
93.603,-6.556,-5.734,7.221
93.623,-0.954,-5.551,3.391
93.643,-1.574,-1.703,1.494
93.663,-2.485,-5.141,2.136
93.683,2.625,0.033,0.49
93.703,-3.084,-6.4,6.486
93.723,-3.203,-9.829,6.97
93.743,2.97,-7.292,3.32
93.763,1.218,-5.078,3.451
93.783,2.054,-4.76,0.702
93.803,-0.361,-7.939,1.319
93.823,0.233,-3.41,1.032
93.843,-0.632,-2.981,3.804
93.863,3.512,-4.935,0.185
93.883,6.557,-2.407,0.662
93.903,0.299,0.684,0.771
93.923,5.727,0.312,3.668
93.943,5.362,-0.996,-4.385
93.963,4.749,0.544,-5.037
93.983,6.273,3.746,-1.408
94.003,2.009,4.351,-2.162
94.023,6.182,4.99,-2.56
94.043,5.626,3.43,-4.36
94.063,6.047,-0.238,-2.508
94.083,5.082,-2.387,0.769
94.103,9.755,3.569,0.54
94.123,5.023,10.086,-1.014
94.143,2.987,3.301,-2.4
94.163,4.517,-0.524,-5.119
94.183,4.074,0.742,-3.565
94.203,2.562,7.122,-5.416
94.223,6.647,0.576,-2.117
94.243,5.251,1.977,-6.101
94.263,2.013,7.844,-0.912
94.283,3.905,6.809,-4.982
94.303,1.507,1.287,-5.433
94.323,2.064,6.65,-9.154
94.343,-1.312,3.383,-7.759
94.363,2.17,4.323,-1.015
94.383,1.032,-0.509,-6.411
94.403,-3.825,-0.833,-1.535
94.423,-1.013,-1.114,-6.038
94.443,0.721,1.988,-4.783
94.463,0.434,1.811,-5.866
94.483,-0.584,-6.375,-1.73
94.503,-3.547,-7.18,-2.351
94.523,-5.317,0.254,-2.498
94.543,-4.885,-0.881,-1.763
94.563,-4.939,0.759,-3.763
94.583,-3.328,-5.207,-1.729
94.603,-4.021,-5.072,-6.938
94.623,-0.897,-6.69,-3.695
94.643,-6.212,-4.727,4.773
94.663,-1.7,-5.361,3.676
94.683,-4.09,-9.882,-0.171
94.703,-3.867,-3.239,0.128
94.723,0.477,-3.425,1.05
94.743,-6.49,-5.676,-0.291
94.763,0.7,-4.126,-0.816
94.783,-6.507,-7.28,-0.512
94.803,-0.999,-3.737,0.15
94.823,-2.867,-6.061,1.08
94.843,-7.369,-4.072,3.842
94.863,-0.737,-1.219,5.288
94.883,-0.815,-2.605,3.716
94.903,-0.934,-1.265,4.098
94.923,-2.749,-6.513,4.514
94.943,-1.952,-2.221,1.08
94.963,-2.934,-1.925,9.174
94.983,-2.794,4.774,8.775
95.003,-1.501,-4.954,4.062
95.023,-1.929,0.931,4.187
95.043,1.414,1.059,4.076
95.063,3.101,6.272,5.327
95.083,2.477,3.651,6.002
95.103,4.707,0.867,3.233
95.123,2.312,1.907,4.094
95.143,6.149,5.541,5.701
95.163,4.8,5.45,3.349
95.183,-1.933,5.579,5.788
95.203,6.147,-0.982,5.127
95.223,0.996,1.661,2.388
95.243,7.638,8.252,5.861
95.263,4.765,2.908,-3.876
95.283,5.296,3.959,3.335
95.303,4.436,-0.712,8.501
95.323,6.699,-2.12,3.344
95.343,3.509,-2.023,6.591
95.363,5.263,3.099,-2.113
95.383,7.716,-0.608,6.913
95.403,6.412,4.305,1.174
95.423,-0.521,1.052,0.842
95.443,4.269,2.47,-4.075
95.463,7.582,0.852,-1.691
95.483,3.003,0.46,-1.009
95.503,3.701,-2.079,-3.26
95.523,1.669,-1.471,-0.177
95.543,3.707,-0.217,0.42
95.563,1.419,-0.729,-2.36
95.583,3.899,-2.593,-4.615
95.603,3.262,-7.619,-3.142
95.623,4.4,-7.575,-0.672
95.643,2.078,-2.374,-5.29
95.663,0.355,-2.242,-1.937
95.683,1.459,-8.725,-0.471
95.703,-2.892,-6.481,-3.66
95.723,1.98,-9.983,-0.715
95.743,0.092,-7.362,-4.983
95.763,-4.185,-7.943,-5.939
95.783,-4.708,0.71,-3.756
95.803,-3.165,-4.484,-3.051
95.823,-1.66,-5.869,-10.17
95.843,-4.396,-8.629,-10.064
95.863,-3.891,-9.666,-3.556
95.883,-6.988,-3.397,-0.277
95.903,-1.446,-2.893,-8.824
95.923,-3.853,-3.779,-5.753
95.943,-8.384,-1.423,-3.84
95.963,-2.8,-4.458,-6.568
95.983,-3.295,-1.868,-5.297
96.003,-7.466,-0.158,-4.749
96.023,-6.579,-0.635,-5.666
96.043,-2.476,3.217,-3.707
96.063,-3.038,5.106,0.447
96.083,-3.506,4.668,-5.254
96.103,-5.477,-1.006,-5.018
96.123,3.178,2.341,-5.603
96.143,-5.647,2.37,-9.05
96.163,-5.199,0.457,-4.944
96.183,1.479,2.753,-1.359
96.203,0.802,2.664,-3.638
96.223,-4.832,4.457,-1.684
96.243,0.84,1.603,-5.803
96.263,2.173,1.645,-2.687
96.283,0.465,6.14,1.455
96.303,2.815,2.144,-4.066
96.323,-1.948,3.063,0.515
96.343,0.354,2.583,-2.021
96.363,3.977,5.574,-0.359
96.383,0.399,3.848,1.249
96.403,5.957,4.142,2.748
96.423,4.115,-1.721,2.267
96.443,1.627,5.154,8.388
96.463,7.841,0.184,6.621
96.483,6.709,2.295,3.112
96.503,8.055,-7.44,2.531
96.523,6.275,1.922,-0.434
96.543,7.322,-2.477,8.622
96.563,5.687,1.508,7.54
96.583,4.048,0.731,3.592
96.603,6.568,-1.315,6.081
96.623,7.503,-0.773,8.159
96.643,6.521,-4.591,8.907
96.663,10.71,-3.811,3.241
96.683,5.758,-5.81,2.435
96.703,1.463,-5.241,7.165
96.723,5.34,-3.386,6.847
96.743,5.794,-3.498,5.442
96.763,6.73,-6.073,4.162
96.783,2.221,-3.957,3.928
96.803,0.974,-8.581,7.805
96.823,4.263,-9.501,6.165
96.843,2.031,-9.844,-0.745
96.863,2.334,-6.014,4.121
96.883,3.212,-6.029,1.896
96.903,1.53,-4.837,3.76
96.923,1.671,-5.154,3.519
96.943,-0.336,-6.577,-1.521
96.963,-1.361,-4.75,-1.54
96.983,0.37,-6.962,0.641
97.003,3.773,-0.015,5.294
97.023,-1.665,-2.282,-2.525
97.043,-2.346,-5.769,2.03
97.063,-4.756,0.849,2.685
97.083,-2.945,0.061,-5.924
97.103,0.753,-0.215,-0.012
97.123,-3.98,-1.426,4.235
97.143,-7.57,-1.086,1.283
97.163,-5.056,-3.384,2.086
97.183,-8.702,3.427,1.126
97.203,-4.174,3.348,-7.184
97.223,-6.219,-2.697,-3.228
97.243,-1.899,7.254,-3.571
97.263,-4.094,1.355,-2.57
97.283,-3.481,4.58,-6.132
97.303,-4.486,3.581,-4.993
97.323,-6.149,4.175,-1.858
97.343,-1.31,3.313,-4.408
97.363,-2.23,5.844,-1.431
97.383,-8.509,4.638,-4.354
97.403,-3.014,1.506,-5.314
97.423,-1.685,-0.286,-2.389
97.443,-9.456,2.505,-9.241
97.463,-1.887,4.084,-1.952
97.483,-0.388,-0.099,-4.507
97.503,1.398,3.228,-3.539
97.523,2.928,1.033,-9.013
97.543,1.85,-1.228,-6.704
97.563,2.759,2.805,-1.32
97.583,-5.559,0.684,-7.79
97.603,1.428,-0.46,-3.08
97.623,5.694,-4.277,-5.094
97.643,1.567,0.333,-1.513
97.663,3.692,-4.957,-1.236
97.683,3.546,-3.823,-6.098
97.703,2.054,-5.391,-1.52
97.723,0.722,-5.883,-5.535
97.743,6.144,-4.76,0.218
97.763,2.811,-7.042,3.288
97.783,6.777,-5.332,-4.267
97.803,1.181,-8.794,-0.091
97.823,7.717,-8.533,-1.79
97.843,4.135,-6.746,0.472
97.863,4.338,-6.015,-0.865
97.883,5.063,-7.799,1.685
97.903,1.58,-3.718,2.195
97.923,5.634,-5.736,4.595
97.943,7.124,-8.058,5.573
97.963,5.685,-4.266,-1.201
97.983,6.349,-1.679,1.194
98.003,5.006,-5.694,2.752
98.023,7.37,-5.145,-0.106
98.043,-1.714,-1.261,2.583
98.063,-0.785,-1.029,4.105
98.083,3.751,-2.851,-0.083
98.103,4.751,-2.938,8.652
98.123,6.107,-4.904,6.593
98.143,-2.631,0.007,1.676
98.163,2.079,2.202,7.869
98.183,2.459,-3.338,6.155
98.203,2.2,2.391,2.298
98.223,-3.524,-1.682,3.645
98.243,1.884,5.312,2.114
98.263,-1.459,1.885,3.63
98.283,-3.115,2.659,6.676
98.303,-1.978,1.194,3.524
98.323,-3.566,0.011,4.768
98.343,-4.179,1.067,5.139
98.363,-4.611,0.603,6.692
98.383,-3.477,5.221,4.458
98.403,-2.145,3.816,8.465
98.423,-5.077,4.22,5.15
98.443,-7.379,3.632,2.729
98.463,-6.663,6.423,1.338
98.483,-2.363,1.122,0.637
98.503,-8.076,3.906,2.407
98.523,-6.628,-0.272,2.231
98.543,-5.077,1.45,0.771
98.563,-3.874,0.253,-1.483
98.583,-6.793,-1.722,-0.856
98.603,-0.963,6.452,-1.055
98.623,0.657,0.968,0.621
98.643,-1.141,-5.524,5.262
98.663,0.003,-4.593,0.504
98.683,-3.345,-0.081,-1.167
98.703,-4.944,0.823,0.144
98.723,0.245,-4.261,-4.285
98.743,0.395,-4.127,-2.572
98.763,-0.812,-0.506,0.446
98.783,0.119,-9.261,0.651
98.803,0.729,-7.438,-1.807
98.823,1.025,-5.547,-8.014
98.843,2.71,-3.32,-4.614
98.863,-2.42,-6.092,-7.901
98.883,1.925,-5.495,-3.845
98.903,3.067,-5.475,-6.046
98.923,1.557,-5.938,-3.263
98.943,6.547,-7.857,-4.068
98.963,2.538,-8.798,-1.997
98.983,1.782,-6.789,-2.757
99.003,4.984,-5.304,-2.612
99.023,3.468,-4.319,-7.35
99.043,6.079,-5.118,-7.839
99.063,2.58,-8.828,-6.9
99.083,4.599,-9.165,-9.4
99.103,7.915,-9.066,-5.711
99.123,6.197,-1.064,-6.759
99.143,9.147,2.765,-2.241
99.163,8.605,0.919,-6.426
99.183,4.153,-5.883,-5.123
99.203,3.748,-1.459,-4.785
99.223,4.897,2.534,-1.001
99.243,6.829,4.755,-8.264
99.263,1.668,1.22,-1.751
99.283,5.283,3.941,-0.572
99.303,3.06,1.804,-1.397
99.323,0.303,7.828,-2.734
99.343,3.548,0.642,-0.735
99.363,1.455,5.372,-2.559
99.383,3.11,-0.259,-2.022
99.403,2.252,2.844,-1.632
99.423,-2.988,4.892,-0.695
99.443,-4.27,5.935,-3.082
99.463,-8.764,4.029,-0.635
99.483,3.471,9.818,0.396
99.503,-0.355,2.738,-0.346
99.523,-0.734,1.637,0.297
99.543,-5.885,2.829,-1.139
99.563,-3.701,3.017,1.196
99.583,-6.95,-3.551,2.727
99.603,-3.705,1.347,4.247
99.623,-4.052,5.689,3.863
99.643,-5.379,1.335,-0.624
99.663,-3.231,0.168,2.71
99.683,-4.132,0.351,4.196
99.703,-4.63,-3.364,6.322
99.723,-4.639,-0.517,2.021
99.743,-5.017,1.008,8.427
99.763,-5.353,-0.124,2.725
99.783,-3.838,-4.682,5.302
99.803,-4.903,-6.495,6.001
99.823,-9.453,-7.063,2.962
99.843,-5.219,-6.166,7.968
99.863,-6.175,-2.589,0.495
99.883,-5.105,-4.177,8.803
99.903,-2.722,-5.888,3.776
99.923,-1.788,-9.525,-0.402
99.943,-6.064,-2.184,2.345
99.963,-4.188,-1.899,1.143
99.983,1.822,-2.214,5.273
100.003,-0.472,-4.564,0.777
100.023,0.334,-4.632,1.814
100.043,-1.04,-3.609,5.882
100.063,2.85,-7.468,2.029
100.083,2.194,-6.431,3.543
100.103,5.823,-2.655,5.432
100.123,1.657,-0.435,0.218
100.143,5.501,-8.982,0.882
100.163,0.359,-3.013,0.387
100.183,3.958,-0.812,-1.749
100.203,3.666,0.544,-3.087
100.223,4.169,0.536,-0.258
100.243,-0.057,-0.337,3.476
100.263,2.556,-4.943,1.339
100.283,7.6,-2.82,-1.326
100.303,3.908,3.666,-5.551
100.323,4.425,-1.582,-1.622
100.343,2.174,4.897,-2.06
100.363,4.496,2.165,-1.445
100.383,9.734,2.776,-3.514
100.403,7.271,2.691,-0.427
100.423,4.795,5.512,-3.177
100.443,7.532,1.977,-5.749
100.463,2.953,1.416,-4.195
100.483,1.829,6.218,-7.073
100.503,2.841,2.865,-6.222
100.523,7.675,4.656,-7.495
100.543,2.508,5.931,-7.229
100.563,2.83,1.737,-2.143
100.583,5.75,4.312,-6.159
100.603,2.06,6.598,-4.889
100.623,1.101,0.276,-1.768
100.643,-3.027,-1.374,-5.571
100.663,1.503,0.403,-9.032
100.683,3.439,-3.526,-2.998
100.703,0.001,2.942,-3.24
100.723,1.636,-0.519,-1.411
100.743,-1.223,-3.666,-6.58
100.763,1.492,-0.426,-7.369
100.783,-4.998,-4.719,-5.129
100.803,-1.092,-7.842,-6.966
100.823,-4.607,-3.267,-3.764
100.843,-3.591,-3.821,-3.139
100.863,-5.199,-7.435,-5.696
100.883,-0.744,-7.683,-4.005
100.903,-5.073,-8.339,-3.416
100.923,-6.21,-2.356,-2.989
100.943,0.213,-2.085,0.98
100.963,-7.018,-7.284,0.264
100.983,-4.906,-6.872,-2.343
101.003,-4.034,-8.69,-3.615
101.023,-1.587,-4.081,-7.834
101.043,-4.729,-5.146,1.533
101.063,-7.234,-8.001,4.648
101.083,-3.443,-2.997,-0.188
101.103,-6.456,-1.734,1.869
101.123,-7.317,-5.263,0.966
101.143,-6.084,-2.951,1.6
101.163,-0.48,-3.961,2.955
101.183,-0.691,-4.333,2.255
101.203,1.913,-1.697,3.666
101.223,-5.926,3.134,4.599
101.243,-3.031,-2.117,4.925
101.263,0.247,0.186,7.313
101.283,0.053,0.87,1.769
101.303,-2.047,-1.692,3.769
101.323,-1.945,-0.908,4.23
101.343,2.79,3.094,0.793
101.363,0.237,5.19,6.867
101.383,4.287,7.556,7.006
101.403,0.404,5.736,8.712
101.423,2.341,2.004,7.827
101.443,3.346,4.571,5.026
101.463,2.141,3.438,2.983
101.483,3.056,1.227,4.526
101.503,2.204,2.962,4.747
101.523,2.173,4.178,3.521
101.543,5.046,7.474,6.627
101.563,5.542,5.272,7.513
101.583,3.096,1.767,4.616
101.603,4.879,5.624,0.052
101.623,7.171,7.444,1.756
101.643,2.647,3.578,2.851
101.663,5.146,3.342,6.553
101.683,6.768,0.498,-0.064
101.703,5.904,1.82,1.095
101.723,3.374,-0.674,2.68
101.743,2.728,-0.689,3.242
101.763,2.152,0.663,-0.512
101.783,10.73,-0.507,-3.406
101.803,2.786,-0.698,-0.874
101.823,2.651,-1.687,-6.696
101.843,-0.331,-5.546,-1.416
101.863,6.725,0.157,-6.888
101.883,0.06,-4.892,-1.927
101.903,-0.759,-6.233,-3.54
101.923,2.058,-7.758,-3.34
101.943,-3.615,-4.86,-2.987
101.963,-2.355,-10.755,3.726
101.983,0.955,-11.888,-7.461
102.003,0.039,-1.268,-0.641
102.023,-2.335,-9.154,-6.164
102.043,-3.462,-8.005,-5.542
102.063,-3.528,-7.08,-5.642
102.083,-4.43,-5.446,-6.36
102.103,-9.959,-5.437,-4.846
102.123,-2.347,-5.585,-2.997
102.143,-4.45,-11.241,-8.224
102.163,-1.435,-1.156,-7.359
102.183,-3.184,-6.337,-6.173
102.203,-2.764,-1.358,-5.059
102.223,-5.225,-6.919,-4.187
102.243,-1.618,-0.736,0.101
102.263,-8.866,-3.044,-2.108
102.283,-2.014,-2.815,-2.836
102.303,-1.48,0.113,-9.036
102.323,-8.038,1.601,-4.235
102.343,-4.256,0.588,-0.89
102.363,-6.077,1.1,0.139
102.383,-6.165,3.712,-4.952
102.403,-1.554,-1.3,-5.876
102.423,-3.262,5.06,-4.369
102.443,-3.686,7.028,1.214
102.463,-1.831,0.865,-2.392
102.483,-4.174,-1.386,-2.039
102.503,-1.205,6.801,-4.529
102.523,-1.59,-0.602,-1.244
102.543,3.246,1.003,3.291
102.563,1.522,-0.897,1.636
102.583,-0.872,4.418,-0.874
102.603,-2.456,0.745,-6.029
102.623,1.581,4.563,1.004
102.643,1.169,6.003,1.635
102.663,3.664,4.617,-1.013
102.683,2.012,4.249,4.327
102.703,1.484,2.712,3.481
102.723,5.082,4.448,0.709
102.743,3.323,2.052,-0.603
102.763,6.793,2.24,7.057
102.783,4.531,-0.583,5.137
102.803,6.506,-2.081,1.43
102.823,6.204,4.1,1.221
102.843,6.209,-0.14,4.079
102.863,1.445,-1.014,5.485
102.883,2.761,-1.386,2.704
102.903,5.418,-2.858,4.952
102.923,6.182,-5.222,7.17
102.943,3.942,-7.696,6.154
102.963,3.218,-5.182,5.009
102.983,4.295,-7.402,4.463
103.003,8.815,-6.532,2.385
103.023,3.976,-4.048,3.743
103.043,1.643,-8.802,6.222
103.063,2.544,-11.157,-0.071
103.083,7.075,-8.781,6.997
103.103,1.406,-6.302,4.501
103.123,4.308,-1.548,0.828
103.143,1.832,-1.85,1.025
103.163,3.103,0.948,3.701
103.183,0.34,-7.818,3.191
103.203,-3.586,-9.426,3.058
103.223,2.765,-4.193,2.717
103.243,-0.66,-4.117,5.179
103.263,-0.585,2.093,1.715
103.283,0.164,-5.737,3.136
103.303,0.664,-2.305,3.625
103.323,1.649,2.565,0.911
103.343,-2.064,0.831,-0.63
103.363,-3.202,-2.821,7.029
103.383,-0.769,-0.031,2.824
103.403,0.49,1.23,-1.756
103.423,-6.46,-1.669,0.036
103.443,-5.868,0.843,-1.627
103.463,-6.903,3.716,-0.5
103.483,-3.928,2.33,-1.542
103.503,-5.247,6.632,-8.49
103.523,-3.76,5.331,-7.14
103.543,-4.932,3.615,-3.066
103.563,-5.092,3.334,-2.413
103.583,-6.275,9.154,-5.519
103.603,-4.268,2.575,-6.202
103.623,-8.292,4.372,-7.706
103.643,-10.535,0.366,-9.757
103.663,0.183,6.918,-2.849
103.683,-3.915,2.397,-4.49
103.703,-0.596,6.078,-3.472
103.723,1.397,0.592,-0.989
103.743,-1.423,-3.185,-7.148
103.763,0.975,5.695,-5.898
103.783,3.018,2.008,-7.325
103.803,-5.362,4.641,-9.472
103.823,3.111,2.545,-5.325
103.843,4.365,-0.186,-1.926
103.863,4.272,-1.18,-6.957
103.883,5.867,-0.893,-3.797
103.903,2.31,-1.963,-7.125
103.923,1.98,-4.792,-5.744
103.943,3.685,-0.959,-2.821
103.963,0.774,-6.285,1.008
103.983,3.152,0.536,0.604
104.003,5.475,-3.724,-2.683
104.023,3.302,-7.901,-4.268
104.043,5.006,-5.399,-1.606
104.063,3.253,-3.676,-5.713
104.083,6.138,-6.386,0.757
104.103,6.695,-5.336,-1.439
104.123,5.604,-8.31,3.532
104.143,5.57,-11.314,1.683
104.163,1.912,-3.857,0.065
104.183,3.525,-6.551,3.142
104.203,9.023,-5.87,-2.139
104.223,6.128,-10.819,-2.689
104.243,4.862,-6.211,4.445
104.263,7.704,-5.182,1.629
104.283,4.014,-4.529,0.78
104.303,1.058,-4.212,5.455
104.323,2.801,-3.416,7.096
104.343,4.167,-0.622,1.535
104.363,-0.476,0.42,3.1
104.383,3.594,-1.64,6.632
104.403,-1.573,0.535,2.818
104.423,4.196,3.18,2.767
104.443,-0.023,2.586,0.927
104.463,-2.606,1.991,3.348
104.483,-0.251,-2.884,4.946
104.503,-3.562,1.796,0.477
104.523,-1.754,-0.698,2.876
104.543,-3.389,-0.587,6.918
104.563,-2.932,7.229,3.265
104.583,-8.513,0.975,8.108
104.603,-3.404,-1.152,5.093
104.623,-2.353,5.102,10.893
104.643,-3.715,8.376,2.63
104.663,-3.892,3.509,8.493
104.683,-8.947,3.947,4.407
104.703,-4.286,3.265,3.213
104.723,0.229,6.949,4.74
104.743,-3.529,2.176,0.945
104.763,-1.843,3.271,3.384
104.783,-2.633,0.092,3.547
104.803,-5.439,2.266,5.975
104.823,-3.491,4.034,4.818
104.843,-9.126,1.306,5.807
104.863,-4.141,4.693,0.636
104.883,-7.066,1.7,3.505
104.903,-3.393,2.57,-1.394
104.923,-5.767,-3.806,0.255
104.943,-2.343,-3.871,2.353
104.963,-2.769,-1.018,-1.652
104.983,4.599,-4.462,1.294
105.004,0.7,-1.874,-1.514
105.024,2.431,-2.396,-2.653
105.044,-5.243,-0.187,-1.806
105.064,0.232,-8.628,-3.458
105.084,-0.216,-7.551,-3.081
105.104,3.693,-3.334,-6.15
105.124,-0.504,-7.523,-2.392
105.144,-1.64,-0.976,-0.443
105.164,-4.144,-2.04,-7.792
105.184,4.583,-6.529,-0.671
105.204,-0.468,-1.693,-2.785
105.224,4.947,-3.428,-5.364
105.244,2.518,-1.2,-6.913
105.264,4.481,-7.317,-1.625
105.284,-0.016,-6.158,-6.098
105.304,4.918,-5.247,-0.878
105.324,5.718,-4.421,-3.873
105.344,1.257,-2.335,-4.332
105.364,7.37,0.282,-4.72
105.384,3.241,-4.693,-6.644
105.404,5.404,-2.73,-4.842
105.424,5.393,-0.793,-1.13
105.444,3.032,-3.186,-7.249
105.464,5.063,2.906,-1.4
105.484,4.705,-6.59,-2.458
105.504,4.212,4.409,-5.745
105.524,0.657,-5.257,-1.769
105.544,2.305,6.545,-2.371
105.564,1.392,3.784,-3.196
105.584,1.977,6.106,1.926
105.604,3.132,4.419,-1.806
105.624,0.366,2.307,-1.488
105.644,1.808,2.828,0.459
105.664,1.479,3.241,3.422
105.684,-1.725,7.904,0.273
105.704,-0.25,2.446,-1.51
105.724,-2.908,5.544,-2.297
105.744,1.89,3.631,2.314
105.764,-0.131,1.214,0.997
105.784,-4.484,6.896,-1.013
105.804,-4.179,1.209,-1.76
105.824,-1.741,0.138,2.88
105.844,-1.619,3.268,-0.353
105.864,-5.222,4.202,5.746
105.884,-2.889,-0.947,3.137
105.904,-7.466,4.352,0.308
105.924,-3.576,-1.385,2.067
105.944,-4.853,-3.821,8.38
105.964,-9.924,-2.526,3.507
105.984,-3.311,-2.398,0.493
106.004,-8.087,1.135,7.573
106.024,-1.795,-0.297,4.23
106.044,-5.334,-4.473,5.485
106.064,-1.086,-5.78,3.544
106.084,-3.91,-3.353,3.756
106.104,-4.28,-3.752,1.602
106.124,-6.553,-4.63,4.823
106.144,-5.078,-7.393,6.683
106.164,-2.308,-0.579,2.104
106.184,0.235,-4.117,2.172
106.204,-1.29,-2.081,3.961
106.224,1.714,-4.718,5.099
106.244,-7.528,-5.796,4.399
106.264,2.029,-5.872,0.999
106.284,-7.476,-4.209,3.023
106.304,-5.61,-4.653,1.73
106.324,-0.497,-2.796,7.066
106.344,-1.065,-9.195,-0.271
106.364,-2.24,-6.585,0.79
106.384,4.938,-6.662,2.08
106.404,1.573,-3.497,3.053
106.424,4.781,0.404,-2.093
106.444,7.725,-0.296,-1.624
106.464,2.88,-5.631,-0.911
106.484,3.027,2.736,-1.148
106.504,6.781,-2.107,-0.15
106.524,7.572,0.513,1.492
106.544,6.346,-0.458,-3.295
106.564,3.89,1.054,-0.765
106.584,6.075,0.674,-1.489
106.604,4.677,2.585,-0.156
106.624,4.441,-1.608,0.573
106.644,3.467,-1.062,-2.711
106.664,7.762,5.487,-7.191
106.684,3.218,6.96,-3.165
106.704,8.144,1.991,-8.469
106.724,2.068,4.34,-6.202
106.744,6.82,6.622,-2.088
106.764,4.893,2.332,-5.731
106.784,3.726,7.522,-7.522
106.804,6.056,6.086,-4.199
106.824,5.634,2.746,-5.522
106.844,3.324,3.143,-7.224
106.864,2.406,6.718,-6.1
106.884,3.462,-1.087,-7.362
106.904,6.221,-0.602,-7.136
106.924,5.723,4.748,-5.592
106.944,0.382,-2.05,-6.307
106.964,-1.894,0.904,-3.086
106.984,0.842,0.822,1.083
107.004,1.35,-2.414,-3.235
107.024,0.552,-4.266,-5.631
107.044,3.286,1.29,-2.625
107.064,0.61,-5.667,-1.362
107.084,-0.923,-2.654,-0.589
107.104,-1.618,-2.87,-5.333
107.124,-6.676,1.633,-3.888
107.144,-4.63,-5.508,-3.604
107.164,-5.792,-3.183,1.005
107.184,-5.471,-3.447,-4.174
107.204,-0.453,-5.221,-5.675
107.224,-6.463,-4.877,-0.704
107.244,-0.963,-5.966,3.684
107.264,-3.659,-5.911,2.587
107.284,-10.423,-1.905,4.016
107.304,-6.762,-11.492,-0.44
107.324,-3.784,-8.234,2.084
107.344,-5.853,-5.506,-1.02
107.364,-6.606,-6.7,1.436
107.384,-4.318,-5.464,1.075
107.404,-4.461,-6.445,5.146
107.424,-4.798,-5.046,4.624
107.444,-8.148,-4.611,1.263
107.464,-6.896,-2.902,2.174
107.484,-4.182,-4.548,-0.993
107.504,-0.572,-3.527,6.462
107.524,0.941,-1.538,5.717
107.544,1.392,-0.63,4.155
107.564,2.189,0.764,6.077
107.584,2.066,0.271,2.173
107.604,3.325,0.673,0.896
107.624,-0.445,1.72,5.644
107.644,1.633,-0.482,6.742
107.664,1.017,3.587,2.095
107.684,4.185,1.907,3.378
107.704,5.182,5.488,4.376
107.724,1.822,3.944,5.088
107.744,4.254,0.367,4.572
107.764,5.078,-0.476,0.999
107.784,4.582,3.601,4.591
107.804,5.659,3.017,2.898
107.824,8.461,8.031,6.996
107.844,2.298,6.476,6.986
107.864,2.793,-0.028,0.02
107.884,2.147,4.512,6.677
107.904,4.453,1.45,4.614
107.924,5.571,4.67,6.243
107.944,3.767,5.589,-1.547
107.964,6.717,-2.43,1.534
107.984,2.994,2.013,3.579
108.004,4.04,-2.789,2.5
108.024,5.973,-3.685,0.505
108.044,5.075,1.938,1.793
108.064,1.805,-0.887,1.829
108.084,1.75,-1.604,0.105
108.104,2.515,2.03,0.684
108.124,2.075,-3.111,-2.444
108.144,2.271,-5.234,1.459
108.164,5.277,-4.842,-1.019
108.184,1.44,-3.286,-4.249
108.204,0.782,-7.207,1.021
108.224,-2.913,-5.596,-3.448
108.244,-6.508,-2.891,-1.719
108.264,0.425,-9.618,-2.601
108.284,-2.745,-9.651,-3.27
108.304,-0.411,-6.62,-3.611
108.324,-0.425,-4.146,-4.595
108.344,-1.866,-2.328,-2.276
108.364,-2.012,-7.693,-10.28
108.384,-1.915,-6.44,-0.219
108.404,2.472,-4.439,-4.172
108.424,-4.656,-4.013,-5.844
108.444,-4.825,-6.442,-6.498
108.464,-7.887,-2.623,-3.847
108.484,-3.058,-5.297,-1.654
108.504,-3.18,-3.663,-1.3
108.524,-4.249,-4.255,-7.791
108.544,-2.149,-0.707,0.552
108.564,-4.759,1.554,-2.589
108.584,-6.802,-1.206,-7.276
108.604,-0.84,-1.806,-5.094
108.624,-6.154,3.363,-2.341
108.644,-5.743,-3.068,-1.821
108.664,-5.69,4.371,-5.925
108.684,-1.931,3.762,-0.527
108.704,-0.917,1.379,3.54
108.724,2.505,-0.656,-1.623
108.744,0.573,0.712,-4.81
108.764,-6.399,5.026,-1.593
108.784,-2.171,2.502,-2.214
108.804,-0.434,4.991,-3.87
108.824,0.472,2.001,-4.908
108.844,-3.431,1.458,-1.578
108.864,-6.64,2.236,-4.39
108.884,-5.214,2.504,0.923
108.904,7.03,4.774,4.067
108.924,4.135,7.224,3.553
108.944,2.183,0.511,5.561
108.964,0.659,2.083,0.484
108.984,0.828,7.858,6.561
109.004,2.242,2.399,0.418
109.024,4.124,1.915,3.988
109.044,5.572,-1.945,0.17
109.064,5.201,-0.671,2.077
109.084,5.25,2.746,5.443
109.104,4.014,-2.59,3.175
109.124,4.825,3.877,2.3
109.144,8.108,0.476,0.486
109.164,1.339,-2.455,6.428
109.184,9.593,-1.112,1.213
109.204,1.901,-1.044,8.417
109.224,1.69,1.61,7.017
109.244,6.581,-4.491,4.854
109.264,4.725,-6.353,4.223
109.284,5.139,-6.636,6.584
109.304,5.891,-5.606,3.331
109.324,3.283,-11.233,0.869
109.344,4.444,-8.472,4.037
109.364,2.072,-4.235,4.079
109.384,9.15,-5.783,2.754
109.404,1.378,-7.466,5.677
109.424,3.399,-5.713,-1.429
109.444,-1.653,-1.878,1.86
109.464,5.519,-1.958,0.755
109.484,0.137,4.103,-2.076
109.504,-1.601,-4.872,1.92
109.524,-3.284,-4.315,3.944
109.544,1.209,-3.902,6.377
109.564,-3.919,-5.775,5.805
109.584,-6.441,-5.838,2.258
109.604,-0.834,-0.762,2.223
109.624,-3.12,-3.929,0.159
109.644,-4.239,-0.398,-3.555
109.664,-1.08,-0.821,-1.456
109.684,-6.098,-1.333,-7.02
109.704,-2.174,1.829,-6.091
109.724,-5.854,0.894,-0.402
109.744,-4.336,3.717,-1.026
109.764,-2.249,2.372,-4.722
109.784,-3.709,4.973,-1.015
109.804,-3.44,2.94,-4.304
109.824,-3.997,1.379,-8.368
109.844,-2.645,5.38,-2.93
109.864,-3.306,4.046,-3.715
109.884,-3.018,3.648,-1.917
109.904,-5.823,3.055,-2.225
109.924,-4.54,4.485,-10.765
109.944,-2.796,3.23,-3.336
109.964,-2.236,3.123,-7.409
109.984,0.66,2.644,-4.422
110.004,-0.842,6.227,-4.626
110.024,0.204,3.721,-4.719
110.044,1.092,1.265,-7.232
110.064,3.726,0.358,-2.889
110.084,0.081,2.139,-0.42
110.104,-1.095,-1.361,-5.365
110.124,-1.294,4.945,-4.275
110.144,0.29,-5.577,-2.296
110.164,1.322,-0.19,-6.375
110.184,6.314,-0.109,-2.126
110.204,-0.877,-3.756,-3.297
110.224,0.649,-4.736,-0.427
110.244,2.409,-7.522,-0.894
110.264,5.234,3.93,-2.836
110.284,1.262,-6.465,-1.842
110.304,2.688,-5.52,-2.846
110.324,5.4,-2.768,-2.323
110.344,5.176,-3.352,1.942
110.364,3.016,-9.244,2.094
110.384,5.731,-9.0,-2.89
110.404,5.562,-7.227,2.585
110.424,4.545,-7.238,-1.889
110.444,5.125,-5.721,-0.191
110.464,5.026,-5.177,4.376
110.484,-2.305,-6.18,3.706
110.504,2.392,0.285,-1.425
110.524,2.638,-5.261,3.993
110.544,5.884,-0.437,2.556
110.564,5.781,-6.296,5.703
110.584,8.615,-5.099,5.379
110.604,3.853,-3.067,5.782
110.624,0.557,-3.61,2.774
110.644,2.137,1.909,5.56
110.664,5.069,-0.067,2.811
110.684,-4.173,0.798,3.068
110.704,-0.625,-5.75,2.305
110.724,-1.233,0.56,3.692
110.744,4.434,-0.638,7.041
110.764,2.854,-0.81,6.263
110.784,2.006,-0.463,7.729
110.804,1.733,-0.254,5.568
110.824,-3.13,6.347,0.509
110.844,-0.741,1.588,5.659
110.864,0.289,5.376,9.343
110.884,-3.021,0.21,6.122
110.904,-2.192,-3.05,7.089
110.924,-1.367,4.842,6.872
110.944,-9.467,-0.651,3.068
110.964,-4.221,3.794,2.894
110.984,-3.439,0.594,4.85
111.004,-4.965,2.164,5.652
111.024,-2.23,7.753,0.51
111.044,-4.252,4.87,2.639
111.064,-3.627,1.146,5.171
111.084,-4.282,4.068,-0.416
111.104,-2.506,3.003,1.809
111.124,-2.157,2.203,-2.457
111.144,-4.34,-1.107,3.418
111.164,-5.707,-2.343,-2.828
111.184,-1.589,0.249,0.185
111.204,-3.94,-2.78,2.448
111.224,-8.043,-2.736,-1.738
111.244,-0.069,-3.765,-3.046
111.264,0.287,-0.35,4.862
111.284,-2.472,-4.045,-2.474
111.304,0.898,-5.245,1.791
111.324,-1.822,0.803,2.626
111.344,-1.497,-3.261,-2.059
111.364,0.885,-5.124,-5.199
111.384,-2.698,0.675,-4.977
111.404,-1.595,-3.469,-3.545
111.424,0.089,-4.176,-9.668
111.444,4.104,-4.19,-3.325
111.464,1.115,-6.655,-4.266
111.484,4.06,-4.653,-3.245
111.504,8.616,-6.266,-1.826
111.524,5.005,-5.17,-1.105
111.544,5.594,-5.283,-4.073
111.564,2.322,-6.704,-5.624
111.584,6.3,-5.996,-8.342
111.604,4.487,-4.402,-6.264
111.624,6.057,-1.429,-2.633
111.644,3.458,2.924,-4.936
111.664,9.089,-2.822,-5.222
111.684,4.849,-2.783,-4.3
111.704,5.001,-0.947,-4.106
111.724,1.843,-3.486,-1.509
111.744,5.438,-1.68,-2.49
111.764,3.833,-2.729,-4.574
111.784,6.363,-0.098,-2.516
111.804,5.536,2.094,-4.009
111.824,1.895,4.799,-8.481
111.844,6.229,2.077,-7.949
111.864,4.236,1.38,-6.83
111.884,3.534,4.941,-7.385
111.904,3.531,0.022,-2.398
111.924,3.418,3.513,-1.019
111.944,1.492,4.937,-0.845
111.964,3.872,4.504,-6.377
111.984,2.556,1.426,-0.76
112.004,2.067,3.856,0.363
112.024,0.749,-7.001,-0.338
112.044,-5.309,4.725,-4.71
112.064,-0.812,0.365,7.115
112.084,-2.908,-0.053,1.711
112.104,-5.643,3.472,4.277
112.124,-4.19,4.787,3.574
112.144,-3.604,-1.0,-0.747
112.164,-1.094,-0.936,4.08
112.184,-1.903,1.928,2.988
112.204,-5.822,0.589,5.191
112.224,-5.205,-0.206,7.432
112.244,-5.193,1.851,5.587
112.264,-4.819,-3.172,1.544
112.284,-3.176,-3.218,3.708
112.304,-3.892,-3.86,2.726
112.324,-4.84,-4.613,4.518
112.344,-5.882,-6.061,4.047
112.364,-2.566,-2.244,5.764
112.384,-4.343,-4.416,2.398
112.404,-4.388,-5.463,2.882
112.424,-4.255,-3.277,6.771
112.444,-0.171,-2.179,8.323
112.464,-1.568,-3.953,8.671
112.484,-3.132,-6.183,5.469
112.504,-2.027,-3.113,3.532
112.524,-2.94,-8.608,-1.199
112.544,-3.246,-4.074,3.733
112.564,-0.705,-6.392,4.914
112.584,1.408,-10.596,7.416
112.604,-0.739,-6.586,4.598
112.624,0.147,-2.902,0.43
112.644,2.055,-3.745,4.772
112.664,-2.974,-2.074,5.309
112.684,1.798,-6.587,-0.073
112.704,2.609,-2.839,0.348
112.724,-0.137,-1.497,4.702
112.744,6.026,-1.259,4.216
112.764,6.653,-4.514,2.316
112.784,2.885,-4.135,-2.134
112.804,4.097,2.513,-1.48
112.824,2.948,0.671,1.416
112.844,6.819,1.16,-1.361
112.864,7.076,2.759,2.987
112.884,8.386,-0.241,2.021
112.904,8.112,-0.665,0.659
112.924,5.57,2.51,-2.94
112.944,4.086,6.197,-4.11
112.964,9.674,4.328,-3.236
112.984,3.323,1.132,-6.673
113.004,7.909,1.975,-5.019
113.024,4.742,6.404,-2.713
113.044,2.691,4.178,-3.631
113.064,5.63,3.242,-1.547
113.084,7.059,9.904,0.157
113.104,1.987,4.62,-2.752
113.124,5.463,0.67,-2.137
113.144,4.887,4.848,-8.024
113.164,3.904,2.602,-5.113
113.184,3.669,7.792,-1.541
113.204,-0.272,1.611,-9.672
113.224,1.586,-0.207,-3.232
113.244,-2.24,3.936,-4.983
113.264,2.857,3.396,-3.084
113.284,-1.059,1.474,-6.885
113.304,5.115,4.664,1.701
113.324,1.102,2.709,-2.853
113.344,-0.027,-3.416,-2.412
113.364,-2.691,-1.457,-0.79
113.384,-0.925,-3.581,-1.559
113.404,1.161,-5.836,-4.266
113.424,-4.311,-3.624,0.309
113.444,-3.484,-2.844,-3.395
113.464,-6.004,-2.292,2.523
113.484,-2.299,-6.311,-0.679
113.504,-4.245,-7.116,0.817
113.524,-1.88,-5.854,-2.423
113.544,-6.904,-8.588,-0.842
113.564,-6.579,-5.105,3.532
113.584,-1.583,-5.787,3.374
113.604,-2.531,-8.001,0.226
113.624,-3.395,-3.659,3.284
113.644,-7.306,-6.893,4.635
113.664,-2.786,-4.177,1.07
113.684,-2.407,-5.211,1.049
113.704,-1.157,-1.998,0.298
113.724,-5.902,-1.766,4.342
113.744,-4.08,-4.615,5.052
113.764,-5.237,-5.727,-1.519
113.784,-5.598,-2.31,5.38
113.804,-0.631,-3.922,5.949
113.824,-0.149,-4.019,4.154
113.844,0.402,0.587,6.869
113.864,-1.105,1.335,2.845
113.884,4.468,0.939,1.801
113.904,0.539,0.603,4.99
113.924,5.413,-0.694,7.02
113.944,3.631,1.967,7.559
113.964,-1.388,1.839,6.013
113.984,1.543,4.681,6.085
114.004,1.746,8.729,3.805
114.024,2.217,2.5,7.357
114.044,5.213,6.088,4.639
114.064,4.694,2.374,4.892
114.084,3.0,2.33,-0.954
114.104,-0.054,6.162,3.624
114.124,6.6,5.987,3.598
114.144,1.351,-0.101,3.969
114.164,2.249,4.944,0.483
114.184,8.018,3.989,0.142
114.204,7.243,4.02,2.313
114.224,10.913,2.571,4.8
114.244,4.351,-0.426,3.133
114.264,6.506,1.737,-0.252
114.284,3.93,-3.094,-1.47
114.304,4.264,1.028,0.407
114.324,8.27,-0.102,2.917
114.344,3.183,-3.178,0.409
114.364,7.082,-2.69,5.663
114.384,-0.531,-5.096,-1.647
114.404,2.881,0.979,-3.167
114.424,5.043,0.687,1.847
114.444,1.138,-2.045,1.032
114.464,1.692,-0.64,-7.487
114.484,1.338,-4.777,-5.21
114.504,1.964,-2.464,-5.301
114.524,-0.386,-7.026,-5.593
114.544,2.989,-3.345,-4.162
114.564,-0.22,-6.299,-0.17
114.584,0.054,-6.091,-4.968
114.604,-3.129,-4.858,0.374
114.624,-3.208,-5.53,-2.859
114.644,2.201,-7.177,-1.553
114.664,-8.875,-5.564,-4.966
114.684,-3.999,-0.193,-0.853
114.704,-6.985,-3.127,-3.235
114.724,-2.105,-5.668,-5.787
114.744,-2.404,-4.81,-1.84
114.764,-5.991,-0.453,-4.403
114.784,-4.807,-8.556,-2.146
114.804,-3.776,-5.178,-7.069
114.824,-1.027,-2.405,-8.298
114.844,-7.595,-4.266,-5.523
114.864,-7.641,2.903,-1.598
114.884,-4.191,2.574,-8.167
114.904,-2.751,4.277,-3.551
114.924,-2.386,0.731,-2.783
114.944,-2.939,8.55,0.856
114.964,-1.64,1.919,-1.828
114.984,-6.361,2.936,-3.366
115.004,0.1,2.699,-1.077
115.024,-2.455,4.443,-0.957
115.044,-1.406,7.329,-1.187
115.064,-0.191,-0.72,-1.312
115.084,-0.802,1.046,-3.454
115.104,-0.806,6.155,-2.814
115.124,0.764,2.211,-0.828
115.144,-3.32,2.389,5.88
115.164,-1.912,6.763,0.128
115.184,1.077,3.575,1.091
115.204,0.817,0.98,-0.727
115.224,3.68,3.001,4.123
115.244,2.949,5.49,4.25
115.264,1.023,4.288,-2.807
115.284,7.876,5.572,-2.032
115.304,7.609,4.537,5.909
115.324,0.771,-1.643,7.868
115.344,7.447,1.937,2.084
115.364,5.191,2.75,5.533
115.384,7.418,-3.906,2.307
115.404,3.746,-0.246,-0.837
115.424,6.588,-3.685,3.286
115.444,4.609,-4.97,1.503
115.464,6.054,-4.077,10.125
115.484,5.368,-4.362,2.998
115.504,3.735,-4.535,5.037
115.524,5.193,-3.784,5.44
115.544,5.873,-6.975,4.561
115.564,7.888,-5.926,4.544
115.584,4.216,-1.586,3.405
115.604,-0.373,-9.591,1.276
115.624,0.851,-6.511,9.019
115.644,3.173,-3.062,3.275
115.664,4.856,-4.084,1.293
115.684,-0.372,-8.008,4.051
115.704,-2.518,-3.434,3.086
115.724,-1.421,-7.385,6.889
115.744,4.731,0.784,1.128
115.764,-3.902,-9.685,4.108
115.784,-2.056,-3.811,5.884
115.804,-0.308,2.619,-0.075
115.824,1.403,-2.477,1.652
115.844,-6.277,-2.619,-0.606
115.864,-6.511,-0.484,-0.027
115.884,-2.09,0.343,-2.624
115.904,-1.341,-1.68,-0.459
115.924,-2.836,0.542,0.206
115.944,-3.54,-0.786,-2.546
115.964,-1.204,-1.911,-0.984
115.984,-5.819,1.576,0.612
116.004,-2.906,-2.228,0.539
116.024,-5.155,-4.015,-0.813
116.044,-6.369,4.516,-3.516
116.064,-7.16,4.02,-7.005
116.084,-6.215,2.442,1.29
116.104,-0.436,4.78,-1.879
116.124,-6.856,1.5,-4.142
116.144,-3.931,3.578,-7.177
116.164,-1.342,6.331,-3.39
116.184,-4.268,2.914,0.43
116.204,-8.566,6.059,-6.31
116.224,-9.522,3.648,-2.001
116.244,-1.641,3.554,-2.626
116.264,-2.134,6.361,-6.1
116.284,0.904,2.062,-8.177
116.304,3.622,5.198,-5.437
116.324,-3.211,-2.381,-3.351
116.344,-1.362,4.321,-3.134
116.364,-3.058,4.916,-9.08
116.384,-4.616,5.461,-1.193
116.404,1.35,-1.156,-2.914
116.424,5.185,-3.683,-4.705
116.444,0.576,5.5,-2.571
116.464,4.697,-2.619,-2.825
116.484,0.175,-0.915,-2.37
116.504,-0.696,-2.858,-5.639
116.524,4.428,-0.686,-5.469
116.544,3.844,-0.117,-2.762
116.564,4.05,-1.109,-3.656
116.584,3.359,-2.844,-5.887
116.604,1.554,-5.819,-1.115
116.624,5.883,-6.047,-1.286
116.644,2.803,-6.934,-4.02
116.664,5.255,-4.071,1.681
116.684,5.94,-8.291,5.189
116.704,1.712,-3.232,0.587
116.724,6.672,-6.227,-4.006
116.744,6.225,-4.666,0.044
116.764,9.1,-4.174,0.44
116.784,8.15,-5.609,-0.731
116.804,8.4,-5.178,3.855
116.824,-1.596,-10.314,-1.771
116.844,0.462,-6.769,-2.368
116.864,8.156,-2.617,2.59
116.884,5.077,-2.924,3.523
116.904,1.93,-4.114,4.696
116.924,9.125,-2.98,2.78
116.944,-3.163,2.974,3.333
116.964,0.28,-1.936,5.135
116.984,0.343,3.001,4.51
117.004,0.171,1.91,5.491
117.024,0.967,4.593,6.895
117.044,1.607,-2.114,5.336
117.064,-0.083,1.785,9.878
117.084,0.983,4.927,1.15
117.104,-9.991,4.674,5.499
117.124,-2.254,-1.643,5.884
117.144,-1.043,-1.672,2.254
117.164,-2.662,2.061,-0.82
117.184,-5.185,6.905,7.064
117.204,-0.334,5.191,5.649
117.224,-2.16,3.985,1.396
117.244,-5.463,4.867,4.211
117.264,-5.625,1.368,6.063
117.284,-3.512,7.381,0.34
117.304,-7.766,3.587,3.118
117.324,-3.141,6.466,-0.875
117.344,-6.258,7.025,2.246
117.364,-6.768,0.827,2.921
117.384,-9.586,-0.953,4.111
117.404,-4.86,-0.017,2.605
117.424,-6.63,-0.506,1.26
117.444,-4.877,0.286,-1.07
117.464,-4.02,2.681,1.875
117.484,-6.539,-0.543,-3.991
117.504,-8.399,-3.361,0.202
117.524,-6.195,-2.831,-2.48
117.544,-6.306,-1.807,1.178
117.564,-1.636,-2.871,0.49
117.584,-0.846,-4.089,-4.185
117.604,0.079,-3.792,-5.074
117.624,3.58,-7.644,-1.72
117.644,0.073,-7.153,-5.071
117.664,1.325,-6.081,-3.299
117.684,1.794,-0.943,-2.962
117.704,0.866,-11.242,-1.617
117.724,5.998,2.141,-1.577
117.744,2.163,-1.642,-4.141
117.764,-1.032,-5.724,-7.147
117.784,5.199,-11.895,-4.492
117.804,3.143,1.338,-4.516
117.824,6.791,-7.731,-6.079
117.844,4.891,-5.177,-10.002
117.864,1.327,-3.897,-4.947
117.884,2.773,-4.007,-5.167
117.904,5.935,-2.693,-3.25
117.924,1.098,-2.476,-4.241
117.944,4.828,-4.452,-6.834
117.964,5.352,-5.041,-6.31
117.984,7.36,-4.09,-0.956
118.004,5.783,1.431,-5.22
118.024,1.788,-3.631,-4.329
118.044,5.378,-2.08,-5.012
118.064,5.645,5.211,-2.203
118.084,3.03,-3.655,-7.202
118.104,3.829,-1.914,-4.059
118.124,3.225,7.611,3.958
118.144,-0.114,2.901,-2.5
118.164,3.265,3.131,-1.055
118.184,3.659,-1.962,-3.62
118.204,2.047,0.366,-1.575
118.224,2.02,7.665,1.033
118.244,4.276,-1.144,-0.322
118.264,-1.435,5.576,4.524
118.284,-1.446,4.812,-0.236
118.304,0.366,4.748,-1.935
118.324,-1.443,7.029,3.047
118.344,-2.687,2.758,-1.278
118.364,-1.474,8.035,-2.118
118.384,-2.867,6.598,1.505
118.404,1.038,3.054,5.287
118.424,-2.564,2.782,-0.87
118.444,-1.911,4.243,1.958
118.464,-6.477,2.587,3.163
118.484,-6.821,-0.489,5.08
118.504,-1.703,3.127,2.637
118.524,-4.975,-1.634,3.509
118.544,-5.018,-2.017,8.073
118.564,-3.099,-3.931,5.68
118.584,-3.383,1.404,7.67
118.604,-4.137,-2.436,7.421
118.624,-5.263,-2.067,2.003
118.644,-4.68,-1.821,4.397
118.664,-1.925,-7.187,-4.869
118.684,-5.391,-5.843,8.494
118.704,-4.122,-8.191,8.814
118.724,1.639,-3.261,10.589
118.744,-7.726,-8.468,9.062
118.764,-5.806,-7.845,0.85
118.784,-1.062,-8.532,4.181
118.804,0.083,-2.462,2.332
118.824,5.297,-8.162,3.746
118.844,-7.26,-5.922,2.488
118.864,-0.352,-7.094,-3.718
118.884,0.544,-5.831,1.515
118.904,-1.832,-8.217,3.844
118.924,4.809,-6.051,-1.908
118.944,3.28,-11.818,0.176
118.964,0.569,-2.784,2.479
118.984,0.232,-7.576,-2.179
119.004,3.211,-2.851,3.754
119.024,3.163,-7.029,-1.145
119.044,2.205,1.004,3.682
119.064,5.274,-0.527,3.351
119.084,1.763,1.129,-0.408
119.104,3.571,0.449,0.091
119.124,1.164,-1.178,0.115
119.144,5.228,2.871,-0.876
119.164,6.234,5.312,2.951
119.184,1.949,6.926,-0.519
119.204,5.48,-5.188,0.959
119.224,2.564,2.339,-1.602
119.244,5.416,1.645,-3.632
119.264,4.315,2.158,-7.876
119.284,4.779,2.983,-4.048
119.304,5.202,4.871,-6.95
119.324,5.274,2.411,-4.02
119.344,1.807,2.623,-1.907
119.364,3.516,9.022,-0.693
119.384,5.015,4.394,-6.898
119.404,6.561,4.175,-3.372
119.424,2.718,0.861,-0.549
119.444,2.613,5.21,-3.186
119.464,1.794,5.347,-4.62
119.484,1.143,-0.794,-2.95
119.504,-0.253,7.339,-6.468
119.524,5.492,2.663,-6.381
119.544,0.729,-0.46,0.183
119.564,6.369,-0.531,-9.495
119.584,0.034,-2.982,-4.024
119.604,-0.893,-1.985,-0.739
119.624,-0.793,-3.515,-1.805
119.644,0.62,-2.739,-5.245
119.664,-3.291,2.991,-4.296
119.684,0.377,-2.03,-2.536
119.704,1.853,-6.632,-2.855
119.724,-5.055,-6.01,-1.749
119.744,-5.175,-4.357,-2.002
119.764,-7.688,-6.41,-1.698
119.784,-7.096,-5.404,-1.704
119.804,-7.012,-8.159,-1.82
119.824,-7.836,-5.892,-0.949
119.844,-9.626,-6.564,0.106
119.864,-4.798,-1.747,-0.282
119.884,1.728,-3.899,0.569
119.904,-0.695,-5.964,1.805
119.924,-5.417,-4.45,1.614
119.944,-2.841,-2.842,1.0
119.964,-5.571,-5.569,8.453
119.984,-2.154,-4.006,1.38
120.004,0.223,-0.555,-0.193
120.024,0.317,-0.704,0.474
120.044,0.268,-0.592,0.217
120.064,0.335,-0.606,0.112
120.084,0.408,-0.784,-0.11
120.104,0.597,-0.756,0.253
120.124,0.366,-0.559,0.182
120.144,0.114,-0.313,0.007
120.164,0.647,-0.41,0.246
120.184,0.267,-0.865,0.254
120.204,0.411,-0.884,0.106
120.224,0.509,-0.758,-0.179
120.244,0.471,-0.604,-0.148
120.264,0.653,-0.603,-0.258
120.284,0.526,-0.372,0.331
120.304,0.252,-0.352,-0.233
120.324,0.86,-0.613,0.062
120.344,0.459,-0.67,-0.269
120.364,0.392,-0.52,0.398
120.384,0.608,-0.397,-0.155
120.404,0.474,-0.487,0.138
120.424,0.497,-0.686,-0.251
120.444,0.901,-0.727,0.226
120.464,0.376,-0.811,0.281
120.484,0.377,-0.538,0.062
120.504,0.457,-0.456,0.046
120.524,0.639,-0.44,0.226
120.544,0.131,-0.356,-0.048
120.564,0.032,-0.297,0.275
120.584,0.319,-0.853,0.115
120.604,0.114,-0.499,-0.256
120.624,0.359,-0.475,0.411
120.644,0.546,-0.587,0.069
120.664,0.282,-0.749,-0.026
120.684,0.173,-0.293,0.064
120.704,0.474,-0.698,-0.1
120.724,0.625,-1.019,0.018
120.744,0.119,-0.585,0.219
120.764,0.614,-0.639,0.199
120.784,0.626,-0.225,0.189
120.804,0.666,-0.515,-0.064
120.824,0.702,-0.679,-0.124
120.844,0.909,-0.66,0.123
120.864,0.385,-0.678,0.204
120.884,0.474,-0.184,-0.094
120.904,0.369,-0.475,-0.002
120.924,0.448,-0.891,0.123
120.944,0.75,-0.672,0.017
120.964,0.183,-0.63,0.26
120.984,0.29,-0.848,-0.253
121.004,0.737,-0.981,-0.266
121.024,0.665,-0.488,0.248
121.044,0.395,-0.778,0.165
121.064,0.628,-0.365,0.044
121.084,0.526,-0.605,-0.046
121.104,0.755,-0.693,0.107
121.124,0.473,-1.071,0.047
121.144,0.652,-0.343,0.077
121.164,0.979,-0.529,0.001
121.184,0.573,-0.676,0.118
121.204,0.483,-0.764,0.203
121.224,0.604,-0.274,0.2
121.244,0.41,-0.804,0.104
121.264,0.98,-0.66,0.021
121.284,0.551,-0.478,0.113
121.304,0.455,-0.297,0.248
121.324,0.353,-0.638,-0.013
121.344,0.722,-0.745,-0.025
121.364,0.656,-0.621,0.122
121.384,0.377,-0.408,0.172
121.404,0.582,-0.36,-0.019
121.424,0.145,-0.852,0.073
121.444,0.5,-0.552,-0.188
121.464,0.547,-0.857,-0.014
121.484,0.802,-0.395,0.292
121.504,0.335,-0.488,0.097
121.524,0.232,-0.746,-0.148
121.544,0.296,-0.27,-0.11
121.564,0.226,-0.51,-0.246
121.584,0.76,-0.53,0.336
121.604,0.81,-0.606,-0.199
121.624,0.538,-0.57,-0.513
121.644,0.721,-0.643,-0.293
121.664,0.503,-0.725,-0.011
121.684,0.453,-0.337,-0.166
121.704,0.415,-0.668,-0.001
121.724,0.413,-0.659,0.037
121.744,0.163,-0.572,-0.157
121.764,0.526,-0.269,-0.228
121.784,0.474,-0.319,0.153
121.804,0.629,-0.617,0.032
121.824,0.497,-0.3,-0.554
121.844,0.444,-0.524,-0.325
121.864,0.3,-0.682,-0.386
121.884,0.476,-0.603,-0.047
121.904,0.617,-0.235,0.031
121.924,0.249,-0.102,-0.045
121.944,0.479,-0.454,-0.139
121.964,0.503,-0.624,0.192
121.984,0.326,-0.509,0.043
122.004,0.353,-0.628,-0.2
122.024,0.514,-0.595,-0.185
122.044,0.23,-0.604,-0.181
122.064,0.539,-0.494,-0.099
122.084,0.283,-0.468,-0.03
122.104,0.681,-0.521,0.042
122.124,0.956,-0.533,-0.207
122.144,0.317,-0.361,-0.311
122.164,0.61,-0.538,0.03
122.184,0.363,-0.533,0.111
122.204,0.727,-0.548,0.3
122.224,0.263,-0.198,0.027
122.244,0.603,-0.583,-0.21
122.264,0.328,-0.385,0.052
122.284,0.457,-0.648,-0.113
122.304,0.295,-0.449,-0.356
122.324,0.673,-0.407,-0.096
122.344,0.326,-0.323,-0.035
122.364,0.605,-0.627,0.175
122.384,0.429,-0.77,-0.089
122.404,0.476,-0.694,-0.272
122.424,0.518,-0.336,-0.492
122.444,0.34,-0.104,-0.38
122.464,0.538,-0.356,-0.324
122.484,0.81,-0.779,0.208
122.504,0.346,-0.362,-0.163
122.524,0.739,-0.713,-0.138
122.544,0.81,-0.594,0.096
122.564,0.348,-0.486,0.01
122.584,0.207,-0.442,-0.153
122.604,0.535,-0.501,0.125
122.624,0.357,-0.631,-0.243
122.644,0.824,-0.3,-0.07
122.664,0.459,-0.638,-0.383
122.684,0.282,-0.277,-0.08
122.704,0.206,-0.809,0.071
122.724,0.671,-0.494,0.024
122.744,0.335,-0.784,0.037
122.764,0.47,-0.701,0.474
122.784,0.653,-0.65,-0.179
122.804,0.35,-0.229,-0.295
122.824,0.438,-0.268,-0.009
122.844,0.42,-0.357,-0.275
122.864,0.563,-0.524,-0.322
122.884,0.535,-0.482,-0.141
122.904,0.372,-0.266,0.318
122.924,0.423,-0.379,0.07
122.944,0.347,-0.514,0.006
122.964,0.127,-0.212,-0.413
122.984,0.47,-0.351,-0.195
123.004,0.792,-0.464,0.229
123.024,0.239,-0.602,-0.099
123.044,0.258,-0.614,0.377
123.064,0.215,-0.561,0.04
123.084,0.529,-0.402,-0.077
123.104,0.474,-0.331,-0.104
123.124,0.345,-0.78,-0.069
123.144,0.195,-0.896,-0.345
123.164,0.398,-0.708,0.142
123.184,0.045,-0.609,0.034
123.204,0.379,-0.296,-0.1
123.224,0.538,-0.605,-0.073
123.244,0.119,-0.489,0.092
123.264,0.069,-0.459,0.329
123.284,0.701,-0.765,0.234
123.304,0.261,-0.28,-0.045
123.324,0.604,-0.702,-0.252
123.344,0.355,-0.273,-0.382
123.364,0.364,-0.61,-0.051
123.384,0.497,-0.652,-0.226
123.404,0.226,-0.808,-0.026
123.424,0.436,-0.547,-0.01
123.444,0.332,-0.146,0.067
123.464,0.151,-0.52,-0.318
123.484,0.482,-0.561,-0.26
123.504,0.361,-0.756,-0.156
123.524,0.391,-0.511,-0.026
123.544,0.177,-0.604,-0.052
123.564,0.733,-0.652,0.432
123.584,0.601,-0.538,-0.522
123.604,0.623,-1.001,0.13
123.624,0.359,-0.662,0.106
123.644,0.086,-0.89,-0.292
123.664,0.837,-0.654,-0.2
123.684,0.437,-0.801,0.241
123.704,0.296,-0.791,-0.243
123.724,0.545,-0.928,-0.24
123.744,0.711,-0.424,-0.103
123.764,0.464,-0.794,-0.046
123.784,0.722,-0.79,0.045
123.804,0.682,-0.346,0.041
123.824,0.267,-0.54,-0.01
123.844,0.356,-1.061,-0.555
123.864,0.679,-0.358,-0.192
123.884,-0.055,-0.281,-0.053
123.904,0.457,-0.287,-0.059
123.924,0.193,-0.469,-0.356
123.944,0.389,-0.82,-0.419
123.964,0.429,-0.625,-0.444
123.984,0.423,-0.903,-0.128
124.004,0.386,-0.784,-0.015
124.024,0.266,-0.835,-0.196
124.044,0.938,-0.738,-0.426
124.064,0.854,-0.563,-0.169
124.084,0.257,-0.687,-0.405
124.104,0.808,-0.694,-0.348
124.124,0.4,-0.653,-0.307
124.144,0.485,-0.289,-0.381
124.164,0.446,-0.156,-0.442
124.184,0.331,-0.681,0.088
124.204,0.668,-0.514,-0.607
124.224,0.514,-0.752,-0.351
124.244,0.405,-0.434,-0.278
124.264,0.245,-0.68,-0.006
124.284,0.322,-0.728,-0.19
124.304,0.187,-0.186,-0.294
124.324,0.507,-0.85,-0.373
124.344,0.276,-1.076,-0.0
124.364,0.481,-0.447,-0.389
124.384,0.822,-0.663,-0.174
124.404,0.784,-0.712,-0.25
124.424,0.521,-0.035,-0.105
124.444,0.503,-0.446,0.103
124.464,0.897,-0.582,-0.074
124.484,0.622,-0.707,-0.256
124.504,0.455,-0.472,0.111
124.524,0.217,-0.919,0.083
124.544,0.589,-0.68,0.003
124.564,0.67,-0.579,-0.161
124.584,0.378,-0.523,-0.355
124.604,0.557,-0.599,-0.669
124.624,0.434,-0.69,-0.153
124.644,0.464,-0.362,-0.055
124.664,-0.014,-0.883,-0.472
124.684,0.445,-0.615,-0.108
124.704,0.667,-0.671,-0.265
124.724,0.345,-0.375,-0.077
124.744,0.493,-0.67,-0.301
124.764,0.337,-0.487,-0.312
124.784,0.561,-0.493,-0.178
124.804,0.446,-0.919,-0.393
124.824,0.291,-0.553,0.05
124.844,0.749,-0.894,-0.133
124.864,0.674,-0.471,-0.383
124.884,0.369,-0.688,-0.265
124.904,0.59,-0.316,-0.031
124.924,0.596,-0.583,-0.219
124.944,0.625,-0.689,-0.025
124.964,0.152,-0.301,-0.366
124.984,0.678,-0.703,-0.227
125.004,0.372,-0.346,-0.194
125.024,0.401,-0.433,0.256
125.044,0.993,-0.593,-0.341
125.064,0.53,-0.772,-0.07
125.084,0.396,-0.238,-0.081
125.104,0.03,-0.384,0.188
125.124,0.763,-0.628,0.106
125.144,0.226,-0.408,-0.242
125.164,0.293,-0.256,-0.36
125.184,0.422,-0.429,-0.411
125.204,0.774,-0.421,-0.078
125.224,0.648,-0.27,0.082
125.244,0.473,-0.169,0.111
125.264,0.565,-0.515,-0.177
125.284,0.393,-0.765,-0.099
125.304,0.528,-0.745,0.174
125.324,0.518,-0.623,-0.268
125.344,0.69,-0.658,-0.602
125.364,0.69,-0.801,0.109
125.384,0.593,-0.109,-0.354
125.404,0.411,-0.381,-0.184
125.424,0.624,-0.591,-0.049
125.444,0.453,-0.488,-0.236
125.464,0.272,-0.836,0.074
125.484,0.403,-0.25,0.396
125.504,0.481,-0.874,-0.313
125.524,0.639,-0.377,-0.139
125.544,0.403,-0.861,-0.155
125.564,0.187,-0.586,-0.075
125.584,0.416,-0.25,-0.268
125.604,0.421,-0.831,-0.287
125.624,0.439,-0.53,-0.289
125.644,0.582,-0.374,-0.266
125.664,0.598,-0.425,-0.267
125.684,0.301,-0.512,-0.688
125.704,0.29,-0.418,-0.165
125.724,0.208,-0.646,-0.245
125.744,0.557,-0.124,-0.326
125.764,0.709,-0.842,-0.148
125.784,0.35,-0.27,-0.157
125.804,0.373,-0.468,-0.239
125.824,0.726,-0.375,-0.152
125.844,0.535,-0.332,-0.247
125.864,0.533,-0.364,-0.382
125.884,0.212,-0.636,0.242
125.904,0.588,-0.524,-0.253
125.924,0.256,-0.761,-0.098
125.944,0.214,-0.533,0.362
125.964,0.381,-0.414,-0.233
125.984,0.33,-0.362,-0.039
126.004,0.403,-0.433,0.318
126.024,0.149,-0.864,-0.478
126.044,0.632,-0.626,0.115
126.064,0.671,-0.661,-0.107
126.084,0.079,-0.781,-0.265
126.104,0.667,-0.694,-0.157
126.124,0.312,-0.526,-0.231
126.144,0.644,-0.236,0.157
126.164,0.458,-0.713,-0.15
126.184,0.474,-0.747,0.003
126.204,0.445,-0.641,-0.246
126.224,0.719,-0.451,-0.08
126.244,0.241,-0.273,-0.228
126.264,0.609,-0.536,-0.439
126.284,0.7,-0.817,0.122
126.304,0.617,-0.762,-0.075
126.324,0.932,-0.477,0.01
126.344,0.356,-0.319,-0.3
126.364,0.641,-0.17,0.071
126.384,0.421,-0.759,-0.06
126.404,0.664,-0.505,-0.125
126.424,0.417,-0.734,0.051
126.444,0.335,-0.71,-0.229
126.464,0.672,-0.72,0.094
126.484,0.304,-0.575,-0.299
126.504,0.133,-0.695,-0.17
126.524,0.293,-0.034,-0.355
126.544,0.53,-0.617,-0.4
126.564,0.669,-0.316,-0.269
126.584,0.405,-0.648,-0.217
126.604,0.65,-0.07,-0.077
126.624,0.135,-0.463,-0.321
126.644,0.325,-0.353,-0.073
126.664,0.33,-0.638,-0.24
126.684,0.369,-0.314,-0.269
126.704,0.4,-0.44,-0.044
126.724,0.546,-0.584,-0.282
126.744,0.322,-0.714,0.199
126.764,0.448,-0.544,-0.09
126.784,0.402,-0.574,-0.455
126.804,0.217,-0.327,-0.207
126.824,0.379,-0.533,-0.319
126.844,0.365,-0.879,-0.52
126.864,0.364,-0.366,0.003
126.884,0.399,-0.216,0.01
126.904,0.408,-0.812,-0.319
126.924,0.316,-0.128,-0.029
126.944,0.657,-0.215,0.006
126.964,0.166,-0.624,-0.183
126.984,0.249,-0.71,0.001
127.004,0.944,-0.28,-0.139
127.024,0.187,-0.757,0.021
127.044,0.123,-0.613,-0.437
127.064,0.531,-0.741,-0.179
127.084,-0.036,-0.477,-0.173
127.104,0.341,-0.208,-0.421
127.124,0.814,-0.421,-0.408
127.144,0.05,-0.281,-0.505
127.164,-0.028,-0.561,-0.174
127.184,0.066,-0.459,-0.26
127.204,0.553,-0.728,-0.429
127.224,0.595,-0.503,0.079
127.244,0.272,-0.63,-0.096
127.264,0.517,-0.499,-0.323
127.284,0.651,-0.532,-0.135
127.304,0.717,-0.542,-0.201
127.324,0.299,-0.054,-0.468
127.344,-0.11,-0.117,-0.1
127.364,0.184,-0.188,0.173
127.384,0.263,-0.115,0.147
127.404,0.301,-0.17,-0.107
127.424,0.312,-0.464,-0.212
127.444,0.569,-0.484,-0.019
127.464,0.591,-0.392,-0.074
127.484,0.306,-0.472,-0.15
127.504,0.577,-0.654,0.247
127.524,0.424,-0.398,-0.215
127.544,0.37,-0.761,0.045
127.564,0.551,-0.419,-0.128
127.584,0.378,-0.62,-0.122
127.604,0.792,-0.435,-0.465
127.624,0.084,-0.373,0.098
127.644,0.274,-0.478,0.055
127.664,0.341,-0.723,-0.067
127.684,0.459,-0.61,0.106
127.704,0.618,-0.278,-0.016
127.724,0.337,-0.465,-0.363
127.744,0.071,-0.234,-0.297
127.764,0.526,-0.341,-0.109
127.784,0.503,-0.382,-0.436
127.804,-0.039,-0.285,0.104
127.824,0.347,-0.471,-0.171
127.844,0.026,-0.255,-0.098
127.864,0.207,-0.429,-0.324
127.884,0.158,0.157,0.01
127.904,0.521,-0.587,-0.156
127.924,0.359,-0.426,-0.189
127.944,0.059,-0.403,0.17
127.964,0.496,-0.616,0.15
127.984,0.008,-0.211,0.036
128.004,0.356,-0.464,-0.062
128.024,0.119,-0.865,-0.22
128.044,0.208,-0.262,-0.178
128.064,0.376,-0.509,-0.202
128.084,0.378,-0.418,-0.058
128.104,0.533,-0.256,-0.132
128.124,0.237,-0.461,-0.128
128.144,0.312,-0.463,0.17
128.164,0.168,0.1,0.101
128.184,0.298,-0.805,-0.28
128.204,0.352,-0.628,-0.072
128.224,0.257,-0.603,-0.278
128.244,-0.083,-0.03,0.002
128.264,0.352,-0.518,0.283
128.284,0.356,-0.348,-0.175
128.304,0.152,-0.49,0.063
128.324,0.05,-0.266,0.208
128.344,0.604,-0.388,-0.154
128.364,0.419,-0.328,-0.031
128.384,0.275,-0.115,0.216
128.404,0.081,-0.277,-0.316
128.424,0.146,-0.497,-0.34
128.444,0.576,-0.295,-0.382
128.464,0.351,0.109,0.024
128.484,0.207,-0.254,-0.332
128.504,0.457,-0.317,-0.019
128.524,0.203,-0.62,0.145
128.544,0.678,-0.211,-0.239
128.564,0.657,-0.177,-0.263
128.584,0.285,-0.305,0.037
128.604,0.249,-0.344,-0.095
128.624,-0.144,0.181,-0.572
128.644,0.065,-0.22,0.197
128.664,0.089,-0.121,0.01
128.684,0.379,-0.368,-0.172
128.704,0.293,-0.403,-0.169
128.724,0.079,-0.244,0.045
128.744,0.312,-0.407,-0.106
128.764,0.501,-0.374,-0.092
128.784,0.51,-0.277,-0.078
128.804,0.037,-0.472,-0.285
128.824,0.396,-0.326,-0.199
128.844,0.14,-0.346,-0.159
128.864,0.587,-0.144,-0.275
128.884,0.567,-0.468,-0.051
128.904,0.224,-0.742,-0.007
128.924,0.261,-0.392,0.242
128.944,0.315,-0.261,-0.254
128.964,-0.041,-0.151,0.061
128.984,0.468,-0.473,0.171
129.004,0.337,-0.233,0.083
129.024,0.6,-0.119,-0.205
129.044,0.182,-0.225,-0.166
129.064,0.274,-0.541,0.212
129.084,0.09,-0.537,-0.13
129.104,0.185,-0.313,-0.106
129.124,0.149,-0.097,-0.181
129.144,0.564,-0.423,0.091
129.164,0.233,-0.458,-0.54
129.184,0.402,-0.7,-0.201
129.204,0.31,-0.493,-0.236
129.224,0.145,-0.558,0.284
129.244,0.366,-0.424,0.013
129.264,0.521,-0.733,-0.078
129.284,0.166,-0.517,-0.093
129.304,0.556,-0.655,-0.325
129.324,0.22,-0.274,0.232
129.344,0.304,-0.637,-0.109
129.364,0.515,-0.583,0.094
129.384,0.298,-0.407,-0.148
129.404,0.438,-0.555,-0.042
129.424,0.379,0.001,-0.202
129.444,0.467,-0.305,-0.072
129.464,-0.046,-0.482,0.174
129.484,0.066,-0.424,-0.02
129.504,0.553,-0.985,0.052
129.524,0.633,-0.279,0.007
129.544,0.233,-0.415,0.317
129.564,0.364,-0.533,-0.162
129.584,0.463,-0.399,-0.022
129.604,0.563,-0.386,0.04
129.624,0.028,-0.61,-0.194
129.644,0.244,-0.431,0.013
129.664,0.349,-0.301,-0.012
129.684,0.552,-0.43,0.004
129.704,0.909,-0.578,0.008
129.724,0.356,-0.463,-0.137
129.744,0.119,-0.231,-0.305
129.764,0.491,-0.375,0.049
129.784,0.671,-0.767,-0.162
129.804,0.416,-0.423,0.004
129.824,0.193,-0.453,-0.155
129.844,0.546,-0.32,-0.296
129.864,0.49,-0.556,0.066
129.884,0.154,-0.649,0.116
129.904,0.433,-0.857,0.197
129.924,0.55,-0.725,-0.104
129.944,0.583,-0.346,-0.014
129.964,0.336,-0.543,0.063
129.984,0.272,-0.601,0.193
130.004,0.589,-0.321,-0.341
130.024,0.099,-0.354,-0.286
130.044,0.43,-0.731,0.301
130.064,0.047,-0.35,-0.315
130.084,0.542,-0.927,0.204
130.104,0.28,-0.505,0.283
130.124,0.58,-0.52,0.174
130.144,0.422,-0.356,-0.192
130.164,0.084,-0.499,-0.172
130.184,0.612,-0.609,0.008
130.204,0.644,-0.598,0.376
130.224,0.511,-0.043,0.358
130.244,0.192,-0.554,0.067
130.264,0.273,-0.453,-0.297
130.284,0.365,-0.979,0.064
130.304,0.177,-0.734,-0.018
130.324,0.647,-0.466,0.023
130.344,0.323,-0.894,-0.306
130.364,-0.248,-0.461,0.067
130.384,0.358,-0.725,-0.294
130.404,0.214,-0.795,-0.5
130.424,0.255,-0.724,0.058
130.444,0.18,-0.262,0.4
130.464,0.404,-0.501,-0.153
130.484,0.475,-0.752,-0.084
130.504,0.308,-0.408,0.199
130.524,0.174,-0.4,0.243
130.544,0.233,-0.641,0.039
130.564,0.247,-0.354,-0.116
130.584,0.084,-0.329,0.287
130.604,0.355,-0.373,-0.222
130.624,0.326,-0.676,-0.074
130.644,0.537,-0.789,0.147
130.664,0.492,-0.884,-0.294
130.684,0.11,-0.687,0.085
130.704,0.424,-0.613,0.224
130.724,0.071,-0.609,0.34
130.744,0.39,-0.572,-0.087
130.764,0.161,-0.229,-0.094
130.784,0.056,-0.65,0.133
130.804,0.306,-0.588,-0.144
130.824,-0.295,-0.931,-0.096
130.844,-0.103,-0.13,0.029
130.864,0.213,-0.832,0.051
130.884,0.258,-0.713,-0.404
130.904,0.16,-0.447,-0.228
130.924,-0.055,-0.527,-0.343
130.944,0.102,-0.251,-0.32
130.964,0.342,-0.441,-0.221
130.984,0.384,-0.585,-0.033
131.004,0.246,-0.352,-0.023
131.024,0.471,-0.304,-0.436
131.044,0.311,-0.671,-0.186
131.064,0.095,-0.343,-0.287
131.084,0.168,-0.591,-0.015
131.104,-0.066,-0.559,-0.105
131.124,0.194,-0.516,0.29
131.144,0.433,-0.632,0.027
131.164,0.338,-0.651,-0.068
131.184,0.479,-0.366,-0.008
131.204,0.154,-0.844,-0.091
131.224,0.492,-0.749,0.305
131.244,0.168,-0.404,-0.035
131.264,0.502,-0.546,0.127
131.284,0.185,-0.331,0.183
131.304,0.334,-0.474,-0.104
131.324,0.497,-0.809,-0.337
131.344,0.149,-0.517,-0.072
131.364,0.235,-0.425,0.165
131.384,0.465,-0.483,-0.281
131.404,0.158,-0.621,0.109
131.424,-0.078,-0.572,0.241
131.444,0.616,-0.634,0.354
131.464,0.092,-0.79,0.197
131.484,0.207,-0.815,0.122
131.504,0.41,-0.45,0.088
131.524,0.053,-0.71,-0.178
131.544,-0.025,-0.414,-0.129
131.564,0.221,-0.639,-0.307
131.584,-0.188,-0.788,0.039
131.604,0.139,-0.612,0.107
131.624,0.23,-0.111,0.022
131.644,0.098,-0.544,0.058
131.664,-0.155,-0.399,0.165
131.684,0.469,-0.499,-0.258
131.704,0.169,-0.809,0.022
131.724,0.424,-0.249,0.077
131.744,0.09,-0.591,-0.072
131.764,-0.02,-0.837,-0.41
131.784,0.203,-0.677,-0.195
131.804,0.115,-0.615,-0.084
131.824,-0.074,-0.422,0.039
131.844,0.459,-0.73,0.015
131.864,0.043,-0.077,0.409
131.884,-0.205,-0.782,0.2
131.904,0.435,-0.449,0.014
131.924,0.063,-0.96,0.054
131.944,0.052,-0.571,0.292
131.964,-0.168,-0.458,0.31
131.984,0.531,-0.753,0.108
132.004,-0.086,-0.219,0.397
132.024,0.184,-0.414,-0.138
132.044,0.366,-0.564,0.035
132.064,0.263,-0.426,0.661
132.084,0.168,-0.625,0.171
132.104,-0.163,-0.259,0.001
132.124,0.011,-0.311,0.065
132.144,0.227,-0.438,0.069
132.164,0.042,-0.398,0.365
132.184,0.232,-0.82,0.183
132.204,0.307,-0.237,0.001
132.224,0.368,-0.555,-0.334
132.244,-0.078,-0.335,-0.156
132.264,0.609,-0.376,0.008
132.284,0.321,-0.336,-0.044
132.304,0.18,-0.737,0.18
132.324,0.396,-0.69,-0.078
132.344,0.653,-0.066,0.128
132.364,-0.086,-0.82,-0.322
132.384,0.169,-0.737,-0.134
132.404,-0.279,-0.525,0.11
132.424,0.232,-0.52,0.37
132.444,0.261,-0.634,-0.078
132.464,0.186,-0.392,0.112
132.484,0.057,-0.33,0.223
132.504,-0.237,-0.513,0.149
132.524,0.248,-0.569,0.109
132.544,0.474,-0.539,-0.117
132.564,0.064,-0.628,0.257
132.584,0.268,-0.852,-0.299
132.604,-0.135,-0.467,-0.284
132.624,0.262,-0.366,0.343
132.644,0.09,-0.551,0.036
132.664,0.013,-0.983,-0.275
132.684,0.02,-0.629,-0.313
132.704,0.105,-0.331,-0.317
132.724,0.268,-0.797,0.388
132.744,-0.076,-0.385,-0.027
132.764,0.089,-0.597,-0.13
132.784,0.158,-0.519,0.3
132.804,-0.048,-0.649,0.016
132.824,0.541,-0.729,-0.106
132.844,0.009,-0.211,0.163
132.864,0.04,-0.326,0.074
132.884,-0.034,-0.35,0.089
132.904,0.53,-0.274,-0.071
132.924,0.265,-0.368,-0.189
132.944,-0.024,-0.28,-0.196
132.964,0.379,-0.586,0.027
132.984,0.186,-0.178,-0.002
133.004,0.211,-0.218,0.092
133.024,0.079,-0.385,-0.085
133.044,-0.017,-0.518,0.267
133.064,0.22,-0.715,-0.241
133.084,0.05,-0.422,0.09
133.104,0.526,-0.125,-0.196
133.124,-0.089,-0.703,-0.065
133.144,0.466,-0.268,-0.191
133.164,0.131,-0.559,-0.085
133.184,0.23,-0.552,-0.23
133.204,0.336,-0.702,-0.222
133.224,0.037,-0.6,0.166
133.244,0.349,-0.339,-0.3
133.264,-0.372,-0.312,0.088
133.284,0.03,-0.414,0.138
133.304,0.003,-0.56,0.121
133.324,-0.065,-0.673,-0.045
133.344,0.121,-0.436,-0.256
133.364,0.25,-0.512,-0.342
133.384,0.326,-0.388,-0.28
133.404,0.234,-0.505,-0.284
133.424,0.05,-0.515,0.001
133.444,0.257,-0.436,-0.357
133.464,0.209,-0.381,-0.122
133.484,0.368,-0.213,-0.063
133.504,0.354,-0.524,-0.141
133.524,0.207,-0.338,-0.134
133.544,0.021,-0.087,0.179
133.564,0.078,-0.326,0.015
133.584,0.094,-0.2,0.066
133.604,0.139,-0.564,-0.153
133.624,0.26,-0.595,0.074
133.644,0.349,-0.474,-0.021
133.664,0.204,-0.448,-0.005
133.684,0.214,-0.229,-0.116
133.704,0.244,-0.578,0.01
133.724,0.12,-0.452,0.379
133.744,0.048,-0.216,0.089
133.764,-0.138,-0.385,0.326
133.784,0.077,-0.434,-0.387
133.804,0.32,-0.393,0.006
133.824,0.075,-0.652,0.166
133.844,0.178,-0.64,0.088
133.864,0.321,-0.737,0.11
133.884,0.328,-0.379,-0.063
133.904,0.012,-0.23,0.251
133.924,0.436,-0.256,-0.309
133.944,0.44,-0.165,-0.035
133.964,0.005,-0.097,0.029
133.984,0.047,-0.356,-0.119
134.004,0.439,-0.416,0.009
134.024,0.185,-0.126,-0.394
134.044,-0.22,-0.568,-0.27
134.064,-0.06,-0.667,0.232
134.084,0.18,-0.498,0.027
134.104,0.001,-0.512,-0.09
134.124,0.153,-0.412,0.168
134.144,0.213,-0.597,0.243
134.164,0.489,-0.347,0.334
134.184,0.135,-0.538,-0.41
134.204,0.384,-0.174,0.267
134.224,0.463,-0.669,-0.253
134.244,0.463,-0.454,0.042
134.264,0.246,-0.499,0.113
134.284,-0.208,-0.377,0.303
134.304,0.262,-0.24,0.09
134.324,0.37,-0.374,0.063
134.344,0.147,-0.46,-0.166
134.364,0.523,-0.285,-0.327
134.384,0.347,-0.252,-0.167
134.404,0.298,-0.35,0.273
134.424,0.402,-0.324,0.006
134.444,0.258,-0.287,0.333
134.464,-0.291,-0.736,-0.144
134.484,0.114,-0.466,0.157
134.504,0.446,-0.324,0.035
134.524,0.047,-0.469,0.252
134.544,0.165,-0.45,-0.061
134.564,-0.003,-0.315,-0.042
134.584,0.555,-0.3,0.232
134.604,0.557,-0.292,-0.424
134.624,0.041,-0.541,-0.029
134.644,0.224,-0.667,-0.32
134.664,0.052,-0.224,-0.005
134.684,0.304,-0.531,-0.076
134.704,0.28,-0.57,0.135
134.724,0.325,-0.58,0.108
134.744,0.224,-0.161,-0.036
134.764,0.747,-0.354,-0.176
134.784,-0.059,-0.323,0.026
134.804,-0.184,-0.239,0.282
134.824,0.08,-0.39,-0.17
134.844,-0.153,-0.178,-0.269
134.864,-0.142,-0.625,-0.341
134.884,-0.041,-0.618,-0.283
134.904,-0.018,-0.633,0.017
134.924,-0.022,-0.326,-0.265
134.944,0.284,-0.304,-0.049
134.964,0.08,-0.487,0.11
134.984,0.154,-0.436,-0.413
135.005,0.373,-0.139,0.211
135.025,0.02,-0.538,0.31
135.045,0.112,-0.329,0.4
135.065,0.229,-0.514,0.305
135.085,-0.24,-0.161,0.515
135.105,-0.339,-0.252,0.088
135.125,0.218,-0.654,0.207
135.145,0.262,-0.433,-0.013
135.165,0.56,-0.798,0.178
135.185,0.187,-0.21,0.081
135.205,0.325,0.035,-0.274
135.225,0.145,-0.821,-0.253
135.245,0.242,-0.676,0.395
135.265,0.501,-0.351,0.069
135.285,-0.273,-0.388,0.328
135.305,0.246,-0.468,-0.06
135.325,0.582,-0.721,-0.129
135.345,0.218,-0.305,0.013
135.365,0.492,-0.194,0.181
135.385,0.045,0.194,0.304
135.405,0.149,-0.122,0.036
135.425,0.162,-0.65,0.139
135.445,-0.28,-0.397,-0.009
135.465,-0.063,-0.281,0.292
135.485,-0.039,-0.544,0.286
135.505,0.328,-0.242,-0.172
135.525,0.336,-0.249,0.056
135.545,0.227,-0.151,-0.213
135.565,0.341,-0.228,0.143
135.585,0.171,-0.337,-0.104
135.605,0.459,-0.537,-0.188
135.625,0.229,-0.679,-0.411
135.645,0.243,-0.367,0.237
135.665,0.179,-0.48,0.072
135.685,0.382,-0.465,0.082
135.705,0.162,-0.173,0.188
135.725,0.437,-0.126,-0.141
135.745,0.015,-0.625,-0.167
135.765,0.015,-0.441,0.116
135.785,0.353,-0.48,0.227
135.805,0.181,-0.327,0.101
135.825,0.108,-0.824,0.315
135.845,0.357,-0.655,0.113
135.865,0.046,-0.405,0.112
135.885,0.132,-0.227,0.184
135.905,0.444,-0.365,-0.039
135.925,0.46,-0.252,-0.248
135.945,0.455,-0.349,0.02
135.965,0.096,-0.137,0.161
135.985,0.407,-0.1,-0.14
136.005,-0.037,-0.551,-0.252
136.025,-0.024,-0.223,-0.12
136.045,-0.311,-0.29,0.267
136.065,0.501,0.103,0.113
136.085,0.007,-0.559,-0.009
136.105,0.137,-0.416,-0.177
136.125,-0.015,-0.593,0.056
136.145,0.306,-0.598,0.044
136.165,0.103,-0.335,0.1
136.185,-0.1,-0.377,0.509
136.205,0.236,-0.316,0.103
136.225,-0.138,-0.322,-0.162
136.245,-0.021,-0.483,-0.304
136.265,-0.272,-0.51,-0.15
136.285,-0.152,-0.665,-0.122
136.305,0.181,-0.602,0.134
136.325,-0.246,-0.473,-0.163
136.345,-0.147,-0.427,-0.229
136.365,0.147,-0.323,0.066
136.385,0.027,-0.343,-0.156
136.405,0.526,-0.127,0.093
136.425,0.511,-0.625,-0.199
136.445,-0.028,-0.48,-0.121
136.465,0.257,-0.601,-0.156
136.485,0.304,-0.16,0.055
136.505,0.026,-0.519,-0.045
136.525,-0.149,-0.178,-0.261
136.545,0.149,-0.106,-0.28
136.565,0.114,-0.317,-0.074
136.585,0.057,-0.353,-0.314
136.605,0.239,-0.396,-0.116
136.625,0.006,-0.469,0.016
136.645,-0.082,-0.491,-0.278
136.665,0.175,-0.426,0.14
136.685,0.219,-0.017,0.247
136.705,-0.1,-0.594,0.183
136.725,0.325,-0.348,0.074
136.745,-0.213,-0.243,0.029
136.765,0.015,-0.456,-0.011
136.785,0.083,-0.32,0.014
136.805,0.005,-0.696,-0.177
136.825,0.03,-0.13,-0.073
136.845,0.521,-0.158,-0.04
136.865,-0.034,-0.409,0.055
136.885,0.626,-0.552,-0.388
136.905,0.217,-0.217,-0.037
136.925,0.149,-0.606,0.129
136.945,0.23,-0.569,-0.192
136.965,0.646,-0.392,-0.102
136.985,-0.069,-0.082,-0.442
137.005,-0.1,-0.254,-0.045
137.025,-0.027,-0.507,-0.322
137.045,0.126,-0.737,-0.128
137.065,-0.229,-0.4,-0.025
137.085,0.11,-0.359,-0.125
137.105,0.448,-0.425,-0.04
137.125,0.133,-0.043,0.07
137.145,0.041,-0.434,-0.02
137.165,-0.024,-0.874,0.037
137.185,0.254,-0.494,-0.376
137.205,-0.107,-0.333,-0.028
137.225,0.444,-0.351,-0.438
137.245,0.445,-0.472,-0.083
137.265,0.119,-0.51,0.355
137.285,0.075,-0.859,0.163
137.305,0.283,-0.446,-0.317
137.325,0.311,-0.522,-0.14
137.345,-0.061,-0.407,-0.063
137.365,-0.004,-0.381,0.076
137.385,-0.159,-0.246,0.147
137.405,0.197,-0.697,0.313
137.425,0.252,-0.767,-0.202
137.445,-0.142,-0.64,0.04
137.465,0.053,-0.668,-0.351
137.485,-0.113,-0.67,0.09
137.505,-0.027,-0.205,0.113
137.525,0.255,-0.458,0.021
137.545,-0.002,-0.084,0.135
137.565,0.106,-0.466,-0.16
137.585,-0.171,-0.694,-0.235
137.605,0.189,-0.634,-0.172
137.625,0.142,-0.254,0.101
137.645,-0.004,-0.683,0.289
137.665,0.106,-0.349,-0.141
137.685,0.174,-0.528,-0.094
137.705,-0.026,-0.646,0.075
137.725,-0.16,-0.187,0.734
137.745,0.497,-0.564,-0.053
137.765,-0.001,-0.631,0.224
137.785,0.102,-0.483,-0.009
137.805,0.322,-0.578,-0.081
137.825,0.825,-0.042,-0.241
137.845,-0.13,-0.287,-0.041
137.865,0.215,-0.619,0.184
137.885,-0.027,-0.587,-0.159
137.905,0.004,-0.891,0.025
137.925,-0.042,-0.458,-0.158
137.945,-0.133,-0.638,-0.069
137.965,0.087,-0.479,-0.305
137.985,-0.199,-0.89,0.466
138.005,0.28,-0.495,0.07
138.025,0.096,-0.154,-0.044
138.045,0.156,-0.49,0.271
138.065,-0.011,-0.64,-0.015
138.085,0.007,-0.499,0.101
138.105,0.122,-0.499,0.318
138.125,-0.167,-0.059,0.304
138.145,-0.014,-0.57,-0.211
138.165,-0.12,-0.735,0.019
138.185,-0.117,-0.487,0.273
138.205,-0.363,-0.456,-0.208
138.225,0.344,-0.367,-0.04
138.245,-0.031,-0.34,-0.043
138.265,0.352,-0.095,0.111
138.285,0.323,-0.593,0.173
138.305,-0.134,-0.611,0.247
138.325,-0.1,-0.843,0.039
138.345,0.634,-0.337,-0.196
138.365,0.486,-0.662,-0.068
138.385,0.119,-0.313,-0.219
138.405,0.178,-0.578,-0.149
138.425,0.001,-0.143,0.1
138.445,0.205,-0.779,-0.32
138.465,-0.043,-0.3,-0.137
138.485,-0.299,-0.331,0.139
138.505,-0.171,-0.401,0.094
138.525,0.104,-0.743,-0.197
138.545,-0.128,-0.432,-0.21
138.565,0.098,-0.503,0.285
138.585,-0.115,-0.894,0.06
138.605,-0.057,-0.228,-0.169
138.625,0.291,-0.604,-0.008
138.645,0.163,-0.249,0.231
138.665,0.128,-0.561,-0.171
138.685,0.298,-0.36,-0.186
138.705,0.22,-0.747,0.036
138.725,0.404,-0.521,-0.288
138.745,0.028,-0.543,-0.151
138.765,0.022,-0.622,-0.109
138.785,-0.158,-0.73,-0.551
138.805,0.011,-1.175,0.001
138.825,0.283,-0.742,0.101
138.845,0.365,-0.432,0.37
138.865,0.289,-0.846,0.092
138.885,-0.261,-0.795,-0.228
138.905,0.333,-0.838,-0.129
138.925,-0.249,-0.512,0.337
138.945,0.274,-0.727,0.052
138.965,0.041,-0.309,0.164
138.985,0.266,-0.391,-0.171
139.005,-0.128,-0.501,-0.108
139.025,0.386,-0.475,-0.057
139.045,-0.142,-0.71,0.137
139.065,0.003,-0.705,-0.134
139.085,-0.053,-0.407,0.072
139.105,-0.222,-0.347,-0.045
139.125,0.134,-0.394,-0.289
139.145,0.476,-0.612,-0.045
139.165,0.659,-0.596,0.187
139.185,0.138,-0.688,-0.025
139.205,0.336,-0.345,-0.066
139.225,0.184,-0.897,0.286
139.245,0.247,-0.931,0.072
139.265,0.083,-0.894,-0.28
139.285,0.205,-0.926,-0.071
139.305,0.28,-0.223,0.05
139.325,0.046,-0.337,0.043
139.345,0.134,-0.728,0.102
139.365,0.136,-0.507,-0.046
139.385,0.31,-0.187,-0.065
139.405,-0.047,-0.375,-0.035
139.425,0.155,-0.064,0.13
139.445,0.565,-0.53,-0.172
139.465,0.419,-0.635,-0.051
139.485,0.464,-0.727,0.028
139.505,0.17,-0.514,-0.133
139.525,0.253,-0.335,0.075
139.545,0.382,-0.499,0.049
139.565,0.504,-0.592,-0.425
139.585,-0.214,-0.262,-0.008
139.605,-0.07,-0.417,0.28
139.625,0.439,-0.527,0.308
139.645,0.112,-0.648,0.132
139.665,0.029,-0.548,0.256
139.685,-0.092,-0.383,-0.016
139.705,0.045,-0.657,0.125
139.725,-0.121,-0.737,0.036
139.745,0.567,-0.586,0.123
139.765,0.148,-0.487,0.36
139.785,0.158,-0.21,0.19
139.805,0.276,-0.726,-0.08
139.825,0.35,-0.446,0.303
139.845,0.355,-0.552,0.041
139.865,0.364,-0.539,0.128
139.885,0.01,-0.182,-0.026
139.905,0.082,-0.49,0.176
139.925,0.292,-0.68,0.122
139.945,0.035,-0.348,0.269
139.965,0.143,-0.332,-0.053
139.985,0.207,-0.693,0.236
140.005,0.302,-0.739,-0.448
140.025,-0.212,-0.434,-0.078
140.045,0.286,-0.517,-0.222
140.065,0.094,-0.601,0.097
140.085,0.288,-0.296,0.233
140.105,0.31,-0.629,0.024
140.125,0.447,-0.42,0.296
140.145,0.404,-0.292,-0.133
140.165,0.39,-0.608,-0.265
140.185,0.404,-0.9,0.152
140.205,0.163,-0.62,0.242
140.225,0.105,-0.494,0.029
140.245,0.27,-0.341,0.371
140.265,0.239,-0.647,0.095
140.285,0.014,-0.203,0.068
140.305,0.157,-0.792,-0.102
140.325,0.074,-0.503,-0.283
140.345,-0.091,-0.573,-0.066
140.365,0.332,-0.253,0.289
140.385,0.076,-0.826,0.007
140.405,0.447,-0.442,-0.123
140.425,-0.283,-0.573,-0.236
140.445,-0.066,-0.233,0.052
140.465,0.047,-0.708,-0.273
140.485,0.251,-0.459,0.038
140.505,0.102,-0.695,-0.131
140.525,0.078,-0.481,-0.111
140.545,-0.196,-0.597,0.078
140.565,-0.191,-0.616,-0.228
140.585,0.097,-0.924,-0.049
140.605,-0.233,-0.438,-0.351
140.625,-0.078,-0.753,-0.067
140.645,0.141,-0.774,0.046
140.665,-0.153,-0.869,0.081
140.685,0.385,-0.754,0.142
140.705,0.302,-0.452,0.037
140.725,-0.245,-0.47,-0.191
140.745,-0.103,-0.453,-0.471
140.765,-0.378,-0.793,0.073
140.785,-0.091,-0.523,-0.226
140.805,0.226,-0.681,-0.385
140.825,-0.02,-0.363,0.283
140.845,0.152,-0.475,-0.082
140.865,-0.253,-0.707,0.042
140.885,0.23,-0.36,-0.019
140.905,-0.04,-0.469,-0.063
140.925,0.077,-0.843,-0.129
140.945,0.056,-0.919,-0.18
140.965,-0.188,-0.848,0.37
140.985,-0.158,-0.229,-0.356
141.005,0.275,-0.77,-0.174
141.025,0.155,-0.218,-0.259
141.045,0.286,-0.795,0.026
141.065,0.152,-0.847,-0.145
141.085,0.104,-0.424,-0.148
141.105,-0.272,-0.416,0.078
141.125,0.027,-0.464,0.322
141.145,0.066,-0.454,-0.226
141.165,0.463,-0.746,-0.374
141.185,0.204,-0.438,-0.064
141.205,0.367,-0.542,0.089
141.225,0.173,-0.656,-0.122
141.245,-0.103,-0.56,0.036
141.265,0.041,-0.357,-0.208
141.285,0.055,-0.506,0.389
141.305,-0.176,-1.01,0.036
141.325,-0.075,-0.381,-0.204
141.345,-0.044,-0.409,-0.238
141.365,0.305,-0.637,-0.038
141.385,-0.431,-0.53,0.047
141.405,0.243,-0.538,-0.333
141.425,-0.179,-0.957,-0.072
141.445,-0.269,-0.615,0.082
141.465,0.245,-0.602,-0.012
141.485,0.168,-0.541,0.021
141.505,0.282,-0.616,0.201
141.525,0.203,-0.373,-0.714
141.545,0.457,-0.67,-0.05
141.565,0.174,-0.322,-0.574
141.585,0.028,-0.389,-0.12
141.605,0.142,-0.255,0.131
141.625,0.329,-0.186,-0.168
141.645,-0.082,-0.165,-0.34
141.665,-0.074,-0.771,0.002
141.685,-0.003,-0.464,-0.138
141.705,-0.378,-0.677,-0.107
141.725,0.072,0.124,0.284
141.745,-0.342,-0.419,-0.467
141.765,0.054,-0.247,-0.297
141.785,0.203,-0.444,-0.101
141.805,-0.046,-1.036,0.074
141.825,0.387,-0.677,-0.351
141.845,-0.258,-0.649,-0.232
141.865,0.28,-0.59,-0.16
141.885,0.161,-0.444,-0.179
141.905,-0.311,-0.43,-0.006
141.925,0.566,-1.034,-0.158
141.945,0.034,-0.563,-0.021
141.965,-0.13,-0.608,-0.381
141.985,-0.257,-0.24,-0.112
142.005,-0.022,-0.386,-0.129
142.025,-0.013,-0.551,0.021
142.045,0.047,-0.453,0.376
142.065,-0.03,-0.845,0.063
142.085,0.152,-0.373,-0.267
142.105,-0.048,-0.584,-0.006
142.125,-0.348,-0.669,-0.148
142.145,0.017,-0.254,-0.189
142.165,-0.449,-0.465,-0.24
142.185,0.108,-0.651,-0.251
142.205,-0.176,-0.649,-0.363
142.225,0.063,-0.463,-0.404
142.245,0.287,-0.491,-0.008
142.265,-0.169,-0.542,-0.219
142.285,0.23,-0.767,-0.092
142.305,-0.068,-0.737,-0.299
142.325,0.382,-0.685,-0.01
142.345,-0.028,-0.575,-0.289
142.365,-0.122,-0.537,-0.434
142.385,0.192,-0.557,0.161
142.405,-0.035,-0.541,-0.115
142.425,-0.119,-0.158,-0.221
142.445,-0.038,-0.358,-0.2
142.465,0.059,-0.284,-0.235
142.485,0.331,-0.438,-0.048
142.505,-0.308,-0.494,-0.463
142.525,0.096,-0.445,-0.532
142.545,0.199,-0.467,-0.124
142.565,0.104,-0.354,-0.492
142.585,0.321,-0.713,-0.528
142.605,0.041,-0.369,0.053
142.625,0.008,-0.498,-0.08
142.645,0.162,-0.865,-0.094
142.665,0.065,-0.485,-0.345
142.685,-0.016,-0.777,0.162
142.705,0.177,-0.626,0.076
142.725,-0.033,-0.551,-0.422
142.745,-0.038,-0.819,-0.174
142.765,-0.02,-0.537,-0.239
142.785,0.355,-0.501,-0.163
142.805,-0.562,-0.351,0.056
142.825,0.156,-0.573,-0.242
142.845,0.079,-0.424,0.05
142.865,-0.268,-0.486,-0.496
142.885,0.138,-0.533,-0.259
142.905,0.174,-0.801,-0.23
142.925,0.19,-0.467,-0.243
142.945,-0.449,-0.288,-0.131
142.965,0.339,-0.63,-0.122
142.985,-0.073,-0.489,-0.098
143.005,0.217,-0.464,0.032
143.025,0.217,-0.242,-0.002
143.045,-0.104,-0.443,-0.465
143.065,0.193,-0.371,-0.14
143.085,-0.012,-0.451,-0.281
143.105,-0.365,-0.529,0.001
143.125,0.288,-0.658,0.082
143.145,-0.122,-0.482,-0.014
143.165,-0.133,-0.357,0.206
143.185,-0.055,-0.412,-0.023
143.205,0.082,-0.127,0.035
143.225,0.026,-0.246,-0.308
143.245,0.135,-0.181,-0.162
143.265,-0.268,-0.825,-0.019
143.285,-0.163,-0.108,-0.105
143.305,-0.043,-0.381,-0.351
143.325,0.347,-0.355,-0.362
143.345,-0.074,-0.239,-0.536
143.365,0.155,-0.407,-0.109
143.385,-0.043,-0.614,-0.395
143.405,-0.133,-0.13,-0.072
143.425,-0.1,-0.578,-0.051
143.445,-0.079,-0.623,-0.155
143.465,0.08,-0.485,-0.117
143.485,0.224,-0.521,0.021
143.505,0.044,-0.441,0.059
143.525,0.208,-0.469,-0.621
143.545,-0.222,-0.184,-0.039
143.565,-0.13,-0.352,-0.084
143.585,-0.186,-0.622,-0.131
143.605,0.003,-0.585,-0.086
143.625,-0.13,-0.521,-0.245
143.645,0.082,-0.528,-0.669
143.665,-0.257,-0.541,-0.304
143.685,-0.069,-0.657,-0.545
143.705,0.073,-0.406,-0.524
143.725,-0.468,-0.576,0.025
143.745,0.378,-0.683,-0.277
143.765,-0.104,-0.4,-0.113
143.785,-0.462,-0.325,-0.159
143.805,-0.031,-0.543,0.123
143.825,-0.063,-0.147,-0.12
143.845,-0.083,-0.061,-0.271
143.865,0.135,-0.409,0.126
143.885,0.087,-0.608,-0.262
143.905,0.006,-0.466,-0.068
143.925,0.034,-0.736,-0.065
143.945,-0.072,-0.678,-0.403
143.965,0.291,-0.85,0.021
143.985,-0.34,-0.642,0.105
144.005,-0.007,-0.748,-0.398
144.025,-0.03,-0.378,-0.148
144.045,0.129,-0.651,0.102
144.065,-0.194,-0.426,-0.498
144.085,-0.391,-0.328,-0.042
144.105,-0.001,-0.254,-0.426
144.125,0.014,-0.546,-0.224
144.145,0.261,-0.413,-0.202
144.165,-0.273,-0.41,-0.385
144.185,0.216,-0.235,-0.329
144.205,0.489,-0.332,-0.159
144.225,-0.052,-0.237,0.141
144.245,-0.236,-0.832,-0.032
144.265,-0.061,-0.635,-0.442
144.285,0.028,-0.284,-0.024
144.305,0.137,-0.389,-0.106
144.325,-0.111,-0.539,-0.26
144.345,0.315,-0.603,-0.232
144.365,-0.227,-0.356,-0.054
144.385,-0.344,-0.918,-0.476
144.405,0.218,-0.363,-0.287
144.425,-0.454,-0.508,-0.399
144.445,-0.039,-0.638,-0.329
144.465,0.622,-0.463,-0.103
144.485,-0.01,-0.626,-0.159
144.505,-0.231,-0.537,-0.033
144.525,-0.018,-0.537,-0.616
144.545,-0.024,-0.395,-0.2
144.565,0.016,-0.491,-0.166
144.585,0.113,-0.906,-0.474
144.605,-0.222,-0.821,-0.3
144.625,0.323,-0.752,-0.18
144.645,0.037,-0.451,-0.098
144.665,0.134,-0.417,-0.084
144.685,-0.14,-0.206,-0.538
144.705,0.237,-0.733,-0.256
144.725,-0.059,-0.284,-0.431
144.745,0.04,-0.936,-0.108
144.765,-0.185,-0.538,-0.204
144.785,-0.181,-0.479,-0.259
144.805,0.149,-0.503,0.498
144.825,-0.071,-0.61,-0.342
144.845,-0.148,-0.515,-0.131
144.865,-0.098,-0.791,-0.021
144.885,0.175,-0.376,-0.045
144.905,-0.1,-0.523,0.007
144.925,0.016,-0.499,-0.039
144.945,0.06,-0.629,-0.184
144.965,-0.332,-0.645,-0.113
144.985,-0.25,-0.48,-0.239
145.005,0.091,-0.277,-0.257
145.025,-0.119,-0.87,-0.372
145.045,0.238,-0.88,0.044
145.065,0.208,-0.534,0.098
145.085,0.16,-0.653,-0.233
145.105,0.372,-0.554,-0.14
145.125,-0.004,-0.57,0.186
145.145,0.135,-0.451,0.092
145.165,-0.12,-0.643,0.036
145.185,0.489,-0.83,-0.089
145.205,0.391,-0.754,-0.254
145.225,-0.018,-0.615,-0.231
145.245,0.069,-0.832,-0.095
145.265,0.26,-0.596,-0.054
145.285,-0.033,-0.576,-0.352
145.305,-0.132,-0.661,0.066
145.325,0.155,-0.545,0.086
145.345,0.001,-0.91,-0.022
145.365,0.018,-0.778,0.113
145.385,-0.187,-0.806,-0.043
145.405,-0.342,-0.41,-0.107
145.425,0.054,-0.128,-0.134
145.445,0.186,-0.758,-0.231
145.465,-0.045,-0.623,-0.16
145.485,0.307,-0.727,-0.37
145.505,-0.121,-0.553,-0.17
145.525,-0.181,-0.733,-0.39
145.545,0.02,-0.558,-0.316
145.565,0.019,-0.472,0.088
145.585,0.2,-0.845,0.08
145.605,-0.107,-0.547,-0.31
145.625,0.321,-0.977,0.035
145.645,0.446,-0.658,-0.258
145.665,0.034,-0.676,-0.283
145.685,0.296,-0.661,0.123
145.705,-0.164,-0.681,-0.385
145.725,0.258,-0.733,-0.532
145.745,0.255,-0.672,-0.298
145.765,0.212,-0.554,-0.281
145.785,0.028,-0.55,-0.217
145.805,-0.548,-0.596,-0.49
145.825,-0.077,-0.723,-0.076
145.845,-0.066,-0.386,0.234
145.865,-0.124,-0.299,-0.085
145.885,0.103,-0.836,-0.203
145.905,-0.02,-0.536,-0.03
145.925,-0.092,-0.672,-0.14
145.945,-0.143,-0.41,-0.139
145.965,-0.079,-0.602,-0.164
145.985,0.294,-0.568,-0.09
146.005,-0.052,-0.483,-0.2
146.025,-0.018,-0.643,-0.435
146.045,-0.008,-0.259,0.283
146.065,0.16,-0.498,0.027
146.085,0.186,-0.414,-0.224
146.105,-0.511,-0.643,-0.019
146.125,0.293,-0.625,-0.31
146.145,0.363,-0.44,-0.014
146.165,-0.138,-0.468,0.069
146.185,-0.132,-0.852,0.103
146.205,-0.014,-0.566,0.004
146.225,-0.09,-0.483,-0.141
146.245,0.099,-0.615,0.101
146.265,-0.353,-0.528,-0.228
146.285,-0.183,-0.622,-0.056
146.305,0.342,-1.044,-0.253
146.325,-0.135,-0.857,-0.078
146.345,0.303,-0.405,0.188
146.365,0.123,-0.644,0.037
146.385,-0.307,-0.531,0.064
146.405,0.186,-0.583,0.09
146.425,0.043,-0.734,-0.147
146.445,-0.014,-0.666,-0.27
146.465,0.122,-0.514,-0.469
146.485,0.159,-0.485,-0.315
146.505,0.21,-0.136,-0.083
146.525,0.321,-0.683,-0.524
146.545,0.18,-0.253,-0.081
146.565,-0.158,-0.758,-0.023
146.585,0.039,-0.489,-0.432
146.605,0.71,-0.55,0.049
146.625,0.266,-0.615,-0.21
146.645,0.594,-0.581,-0.476
146.665,0.401,-0.702,-0.508
146.685,0.172,-0.413,-0.17
146.705,0.194,-0.78,-0.146
146.725,0.11,-0.533,-0.174
146.745,-0.223,-0.437,0.03
146.765,0.135,-0.308,-0.163
146.785,0.379,-0.396,-0.297
146.805,0.011,-0.472,-0.256
146.825,0.219,-0.704,0.029
146.845,0.302,-0.732,-0.415
146.865,-0.047,-0.796,-0.177
146.885,0.043,-0.796,-0.169
146.905,-0.078,-0.561,-0.014
146.925,-0.055,-0.709,-0.203
146.945,-0.14,-0.313,-0.425
146.965,-0.067,-0.678,-0.185
146.985,0.395,-0.545,-0.081
147.005,-0.068,-0.634,-0.199
147.025,0.128,-0.842,-0.008
147.045,0.009,-0.348,-0.494
147.065,0.348,-0.428,-0.274
147.085,0.361,-0.41,-0.243
147.105,0.265,-0.452,-0.103
147.125,0.163,-0.722,-0.073
147.145,0.068,-0.736,-0.244
147.165,-0.116,-0.515,-0.334
147.185,0.504,-0.286,-0.236
147.205,-0.042,-0.507,-0.507
147.225,0.231,-0.382,-0.362
147.245,0.317,-0.699,-0.15
147.265,-0.018,-0.364,-0.189
147.285,0.318,-0.681,-0.416
147.305,0.263,-0.553,-0.449
147.325,0.452,-0.683,-0.45
147.345,0.008,-0.402,-0.423
147.365,-0.162,-0.399,-0.234
147.385,-0.006,-0.875,-0.019
147.405,0.127,-0.312,0.02
147.425,0.107,-0.095,-0.409
147.445,0.025,-0.65,-0.16
147.465,-0.276,-0.592,-0.162
147.485,0.209,-0.321,-0.189
147.505,0.501,-0.58,-0.411
147.525,0.188,-0.603,-0.356
147.545,0.221,-0.203,-0.131
147.565,0.213,-0.847,-0.277
147.585,0.178,-0.738,-0.171
147.605,0.275,-0.489,-0.382
147.625,0.168,-0.91,-0.287
147.645,0.015,-0.653,-0.453
147.665,-0.071,-0.64,-0.13
147.685,0.038,-0.379,-0.255
147.705,0.165,-0.426,-0.12
147.725,0.041,-0.89,-0.227
147.745,0.159,-0.713,-0.094
147.765,0.192,-0.722,0.21
147.785,0.259,-0.63,-0.255
147.805,0.346,-0.799,-0.057
147.825,0.104,-0.487,-0.291
147.845,-0.196,-0.715,-0.19
147.865,0.011,-0.459,-0.058
147.885,0.094,-0.584,-0.105
147.905,-0.296,-0.794,-0.031
147.925,0.352,-0.321,0.024
147.945,0.092,-0.317,-0.015
147.965,0.142,-0.543,0.05
147.985,0.33,-0.652,-0.086
148.005,-0.068,-0.809,-0.283
148.025,0.176,-0.396,0.027
148.045,0.042,-0.443,-0.199
148.065,0.024,-0.785,0.03
148.085,-0.1,-0.757,-0.346
148.105,0.385,-0.525,-0.152
148.125,-0.013,-0.863,-0.21
148.145,0.206,-0.743,0.012
148.165,-0.301,-0.819,-0.175
148.185,0.31,-0.817,-0.047
148.205,0.295,-0.764,-0.067
148.225,0.118,-0.44,0.16
148.245,0.04,-0.983,0.057
148.265,0.155,-0.55,0.01
148.285,0.543,-0.575,-0.044
148.305,-0.25,-0.42,-0.212
148.325,0.248,-0.547,-0.223
148.345,-0.104,-0.667,0.013
148.365,0.067,-0.754,-0.316
148.385,0.016,-0.398,-0.035
148.405,-0.018,-0.504,-0.009
148.425,0.073,-0.704,-0.307
148.445,-0.154,-0.417,-0.035
148.465,0.296,-0.688,-0.02
148.485,-0.269,-0.603,0.399
148.505,0.191,-0.703,-0.016
148.525,0.008,-0.49,0.154
148.545,-0.165,-0.79,0.063
148.565,0.112,-0.671,0.03
148.585,-0.241,-0.747,0.139
148.605,0.074,-0.572,-0.31
148.625,-0.222,-0.549,-0.032
148.645,0.147,-0.848,0.063
148.665,-0.128,-0.557,-0.178
148.685,-0.013,-0.942,-0.01
148.705,0.133,-0.217,0.023
148.725,-0.077,-0.734,-0.018
148.745,0.061,-0.435,-0.166
148.765,-0.213,-0.601,-0.13
148.785,0.21,-0.614,-0.039
148.805,0.433,-0.898,0.116
148.825,0.623,-0.483,0.064
148.845,0.064,-0.631,0.085
148.865,0.201,-0.547,0.001
148.885,-0.318,-0.652,-0.119
148.905,0.343,-0.609,-0.012
148.925,0.203,-0.812,-0.129
148.945,-0.047,-0.679,-0.563
148.965,0.302,-0.744,0.051
148.985,0.01,-0.803,0.01
149.005,-0.026,-0.624,0.309
149.025,0.155,-0.567,0.197
149.045,-0.161,-0.602,0.148
149.065,0.253,-0.672,-0.157
149.085,-0.166,-0.553,0.254
149.105,-0.163,-0.579,0.08
149.125,-0.125,-0.607,-0.023
149.145,0.205,-0.601,-0.103
149.165,-0.068,-0.395,-0.071
149.185,-0.195,-0.864,0.027
149.205,-0.043,-0.688,-0.141
149.225,0.077,-0.553,0.062
149.245,-0.136,-0.946,0.05
149.265,-0.133,-0.348,0.22
149.285,0.526,-0.574,0.055
149.305,-0.076,-0.441,-0.275
149.325,0.027,-0.398,0.02
149.345,0.015,-0.527,-0.151
149.365,0.009,-1.075,-0.052
149.385,0.238,-0.603,-0.137
149.405,0.296,-0.597,0.48
149.425,0.056,-0.858,0.01
149.445,-0.121,-0.994,0.215
149.465,0.383,-0.559,0.025
149.485,0.112,-0.891,0.046
149.505,0.484,-0.237,0.012
149.525,-0.311,-0.605,-0.028
149.545,0.173,-0.383,-0.013
149.565,0.529,-0.633,0.202
149.585,0.073,-0.485,0.108
149.605,0.1,-0.624,0.39
149.625,0.194,-0.441,0.085
149.645,0.023,-1.05,0.089
149.665,0.058,-0.47,0.158
149.685,0.054,-0.528,0.261
149.705,-0.018,-0.692,0.16
149.725,0.336,-0.733,0.414
149.745,0.168,-0.714,0.657
149.765,0.13,-0.58,0.304
149.785,0.232,-0.398,0.217
149.805,0.016,-0.757,-0.275
149.825,-0.092,-0.967,0.405
149.845,-0.054,-0.129,0.388
149.865,0.05,-0.494,0.427
149.885,-0.163,-0.706,0.277
149.905,-0.055,-0.389,-0.085
149.925,-0.051,-0.445,-0.087
149.945,0.483,-0.533,-0.11
149.965,-0.518,-0.732,0.128
149.985,0.013,-0.516,-0.022
150.005,0.404,-0.438,0.284
150.025,0.088,-1.01,-0.016
150.045,0.2,-0.622,0.031
150.065,0.075,-0.614,0.141
150.085,-0.072,-0.603,-0.008
150.105,-0.39,-0.644,-0.095
150.125,0.109,-0.438,-0.283
150.145,-0.07,-0.731,0.267
150.165,-0.079,-0.689,-0.093
150.185,-0.028,-0.619,0.027
150.205,0.419,-0.715,0.029
150.225,0.556,-0.952,-0.301
150.245,0.118,-0.639,0.151
150.265,-0.028,-0.617,0.368
150.285,-0.158,-0.742,0.248
150.305,0.169,-0.686,-0.032
150.325,0.438,-1.311,0.258
150.345,0.038,-0.448,-0.304
150.365,-0.39,-0.505,0.195
150.385,0.226,-0.946,-0.114
150.405,0.307,-0.823,0.221
150.425,-0.199,-0.387,0.047
150.445,0.138,-0.904,-0.224
150.465,0.191,-0.575,0.073
150.485,0.079,-0.765,0.05
150.505,-0.052,-0.583,0.122
150.525,0.309,-0.665,-0.079
150.545,0.024,-0.716,-0.141
150.565,-0.208,-0.573,0.214
150.585,-0.29,-0.751,0.073
150.605,0.373,-0.998,0.2
150.625,0.243,-0.811,0.188
150.645,0.122,-0.826,0.197
150.665,0.018,-0.932,0.376
150.685,-0.0,-0.545,0.088
150.705,-0.108,-0.66,-0.163
150.725,0.007,-0.573,-0.125
150.745,-0.348,-0.538,-0.025
150.765,-0.054,-0.491,0.095
150.785,0.019,-0.584,0.33
150.805,0.209,-0.885,0.026
150.825,0.076,-0.557,0.39
150.845,0.253,-0.646,0.41
150.865,0.366,-0.247,0.139
150.885,0.308,-0.699,0.179
150.905,0.192,-0.61,-0.048
150.925,0.093,-0.7,0.382
150.945,-0.117,-0.666,-0.072
150.965,0.224,-0.689,0.289
150.985,0.397,-0.768,-0.179
151.005,0.108,-0.65,0.155
151.025,0.425,-0.577,0.246
151.045,-0.267,-0.789,0.204
151.065,-0.183,-0.546,-0.079
151.085,0.228,-0.58,-0.037
151.105,0.115,-0.897,0.316
151.125,0.33,-0.928,-0.074
151.145,0.056,-0.631,-0.072
151.165,-0.11,-0.83,0.295
151.185,0.015,-0.925,-0.016
151.205,-0.243,-0.357,-0.02
151.225,-0.135,-0.901,0.357
151.245,0.261,-1.011,-0.149
151.265,0.249,-0.859,-0.161
151.285,0.148,-0.669,0.016
151.305,-0.275,-0.692,-0.004
151.325,0.005,-0.338,-0.151
151.345,-0.181,-0.862,0.163
151.365,0.32,-0.66,-0.015
151.385,-0.022,-0.489,-0.0
151.405,-0.128,-0.849,-0.032
151.425,0.076,-0.572,-0.246
151.445,-0.064,-1.073,-0.191
151.465,0.375,-0.373,-0.343
151.485,-0.05,-0.521,0.188
151.505,-0.185,-0.865,-0.046
151.525,-0.329,-0.576,0.147
151.545,0.092,-0.48,-0.15
151.565,-0.017,-1.01,0.174
151.585,-0.199,-0.873,-0.378
151.605,0.338,-0.492,0.126
151.625,0.227,-0.746,-0.105
151.645,0.092,-0.664,-0.362
151.665,0.372,-0.726,-0.65
151.685,0.258,-0.57,0.011
151.705,-0.039,-0.649,0.101
151.725,-0.087,-0.741,-0.085
151.745,0.277,-1.189,0.021
151.765,0.202,-0.649,-0.02
151.785,0.176,-0.627,-0.106
151.805,-0.009,-1.022,0.068
151.825,0.277,-1.009,-0.431
151.845,0.013,-0.663,-0.115
151.865,0.133,-0.719,0.004
151.885,0.443,-1.158,-0.218
151.905,0.007,-0.961,-0.091
151.925,-0.175,-0.725,-0.397
151.945,-0.081,-0.644,-0.143
151.965,0.328,-0.903,-0.293
151.985,0.193,-0.813,-0.275
152.005,0.108,-0.943,-0.049
152.025,0.028,-0.485,-0.516
152.045,0.236,-0.727,-0.362
152.065,-0.034,-0.899,0.005
152.085,0.185,-1.014,-0.193
152.105,-0.027,-1.041,-0.296
152.125,-0.06,-0.431,-0.065
152.145,-0.002,-0.854,-0.374
152.165,0.033,-0.889,-0.38
152.185,0.104,-0.837,-0.189
152.205,0.163,-0.908,-0.16
152.225,-0.643,-0.794,-0.28
152.245,-0.07,-0.783,-0.169
152.265,0.015,-0.768,0.145
152.285,0.385,-1.023,-0.127
152.305,-0.142,-0.587,-0.335
152.325,0.106,-0.866,-0.098
152.345,0.372,-0.882,-0.513
152.365,-0.211,-0.875,0.227
152.385,0.123,-0.952,-0.335
152.405,-0.124,-0.673,-0.045
152.425,-0.078,-0.562,-0.042
152.445,-0.129,-0.882,-0.221
152.465,-0.105,-1.111,0.204
152.485,0.571,-0.946,0.357
152.505,0.194,-0.818,-0.215
152.525,0.249,-0.964,0.071
152.545,0.137,-0.837,-0.278
152.565,-0.274,-0.84,0.194
152.585,0.123,-0.745,0.173
152.605,0.26,-1.021,0.097
152.625,-0.115,-0.612,-0.434
152.645,0.245,-0.403,-0.21
152.665,0.183,-0.459,-0.201
152.685,0.424,-0.856,-0.205
152.705,-0.04,-0.587,0.18
152.725,-0.193,-0.613,-0.452
152.745,-0.043,-0.722,-0.013
152.765,0.323,-0.689,0.061
152.785,-0.317,-0.58,-0.233
152.805,-0.359,-0.525,0.004
152.825,0.081,-0.871,0.002
152.845,-0.037,-0.551,-0.137
152.865,0.057,-0.365,0.129
152.885,0.25,-0.523,-0.203
152.905,-0.055,-0.406,0.125
152.925,-0.319,-1.242,-0.082
152.945,0.476,-0.603,-0.168
152.965,-0.124,-0.67,-0.151
152.985,-0.124,-0.515,-0.384
153.005,0.303,-0.931,-0.184
153.025,0.021,-0.822,-0.341
153.045,0.08,-0.526,-0.062
153.065,0.174,-0.93,0.052
153.085,0.293,-0.671,-0.037
153.105,0.009,-0.729,-0.272
153.125,0.371,-0.774,-0.18
153.145,-0.356,-0.6,-0.08
153.165,0.247,-0.936,-0.067
153.185,-0.068,-0.854,0.198
153.205,0.383,-0.736,0.002
153.225,0.145,-0.95,-0.093
153.245,-0.024,-0.476,-0.105
153.265,0.233,-0.897,-0.193
153.285,0.277,-0.576,-0.117
153.305,0.227,-0.908,0.022
153.325,-0.094,-0.584,-0.284
153.345,0.007,-1.021,-0.056
153.365,0.104,-0.43,-0.151
153.385,0.096,-0.49,0.208
153.405,0.251,-0.821,-0.067
153.425,-0.296,-0.884,-0.056
153.445,0.176,-0.624,-0.309
153.465,0.065,-1.026,0.168
153.485,-0.043,-0.718,-0.017
153.505,-0.043,-0.898,0.152
153.525,0.052,-0.783,-0.148
153.545,-0.63,-0.858,-0.107
153.565,-0.075,-0.892,-0.388
153.585,-0.121,-0.385,0.262
153.605,0.171,-0.574,-0.042
153.625,-0.112,-1.002,0.254
153.645,0.011,-0.871,-0.184
153.665,0.349,-0.515,-0.008
153.685,0.24,-0.509,0.101
153.705,0.221,-0.98,-0.038
153.725,-0.057,-0.57,-0.188
153.745,0.138,-0.661,-0.218
153.765,-0.008,-1.1,-0.167
153.785,-0.005,-0.795,0.452
153.805,0.107,-0.744,-0.215
153.825,-0.089,-0.695,-0.47
153.845,0.328,-0.976,-0.052
153.865,-0.01,-0.865,-0.062
153.885,0.142,-0.844,-0.102
153.905,0.281,-0.835,-0.167
153.925,0.194,-0.834,-0.086
153.945,-0.298,-0.744,-0.313
153.965,0.068,-0.668,0.295
153.985,0.142,-0.377,-0.004
154.005,0.156,-0.559,-0.029
154.025,-0.241,-0.485,0.165
154.045,-0.147,-0.852,0.512
154.065,0.173,-0.95,-0.12
154.085,-0.185,-0.584,0.022
154.105,-0.12,-0.744,0.128
154.125,0.259,-0.592,0.118
154.145,-0.052,-0.894,0.148
154.165,-0.209,-0.586,0.136
154.185,-0.229,-0.762,-0.128
154.205,0.025,-0.83,0.208
154.225,-0.318,-0.814,-0.051
154.245,-0.074,-0.646,0.018
154.265,0.033,-0.594,0.078
154.285,0.221,-0.815,-0.19
154.305,0.092,-0.658,0.02
154.325,-0.179,-0.661,0.058
154.345,0.191,-0.593,-0.453
154.365,-0.109,-0.538,0.206
154.385,-0.31,-0.376,-0.221
154.405,-0.096,-0.833,0.01
154.425,0.239,-0.452,0.267
154.445,-0.017,-0.726,0.088
154.465,-0.041,-0.983,0.173
154.485,0.28,-0.896,0.174
154.505,-0.318,-0.676,-0.156
154.525,-0.288,-0.632,-0.268
154.545,-0.365,-0.995,0.033
154.565,0.034,-0.938,0.085
154.585,-0.01,-0.905,0.164
154.605,0.263,-0.97,0.087
154.625,0.007,-1.169,-0.16
154.645,-0.138,-1.253,0.12
154.665,-0.059,-0.891,-0.463
154.685,-0.025,-0.756,0.211
154.705,-0.37,-0.679,-0.212
154.725,0.5,-1.105,-0.232
154.745,0.045,-1.096,0.437
154.765,-0.002,-0.937,-0.054
154.785,0.07,-0.833,-0.127
154.805,0.085,-0.634,-0.306
154.825,-0.094,-0.685,0.026
154.845,-0.193,-0.888,0.094
154.865,0.048,-0.725,-0.139
154.885,0.013,-0.951,-0.484
154.905,-0.219,-0.77,0.257
154.925,0.214,-0.795,-0.128
154.945,-0.026,-0.522,-0.14
154.965,0.049,-0.697,-0.084
154.985,0.175,-0.954,-0.243
155.005,-0.093,-0.967,0.158
155.025,-0.031,-0.869,0.047
155.045,0.084,-1.108,-0.005
155.065,-0.23,-0.825,0.356
155.085,-0.085,-0.815,-0.259
155.105,-0.071,-0.709,0.138
155.125,-0.305,-0.666,-0.558
155.145,0.351,-0.775,0.016
155.165,-0.4,-1.122,0.335
155.185,-0.359,-1.026,-0.335
155.205,0.162,-0.914,0.198
155.225,0.062,-0.667,-0.394
155.245,-0.282,-0.683,0.294
155.265,0.052,-0.857,-0.213
155.285,0.228,-0.337,-0.268
155.305,-0.087,-0.506,-0.237
155.325,0.453,-0.573,-0.128
155.345,-0.404,-0.675,-0.163
155.365,0.081,-0.717,-0.149
155.385,0.161,-0.729,-0.084
155.405,0.089,-1.165,-0.118
155.425,-0.133,-1.029,-0.158
155.445,-0.141,-0.851,-0.255
155.465,0.007,-0.778,-0.09
155.485,0.084,-0.816,-0.102
155.505,0.057,-0.731,-0.108
155.525,0.153,-1.197,-0.18
155.545,-0.252,-0.686,-0.301
155.565,-0.087,-0.745,-0.135
155.585,-0.225,-0.793,-0.207
155.605,-0.108,-0.56,-0.562
155.625,0.177,-0.949,0.034
155.645,0.001,-0.795,-0.108
155.665,0.537,-0.699,-0.163
155.685,0.053,-0.926,-0.074
155.705,0.004,-1.166,-0.334
155.725,0.002,-0.978,0.073
155.745,-0.135,-0.757,0.05
155.765,-0.015,-0.781,-0.437
155.785,0.219,-0.728,-0.348
155.805,0.02,-0.866,-0.097
155.825,-0.152,-0.992,-0.185
155.845,-0.173,-0.693,-0.24
155.865,-0.063,-0.753,-0.157
155.885,0.06,-0.602,-0.621
155.905,0.293,-0.883,-0.439
155.925,-0.214,-1.134,-0.374
155.945,0.004,-1.242,-0.094
155.965,0.089,-0.814,-0.678
155.985,-0.318,-0.714,-0.214
156.005,-0.13,-0.778,-0.326
156.025,-0.102,-0.856,-0.13
156.045,-0.136,-1.063,-0.091
156.065,0.065,-1.123,0.085
156.085,0.001,-0.663,-0.476
156.105,-0.059,-0.779,-0.387
156.125,0.134,-0.807,-0.229
156.145,0.404,-1.042,0.049
156.165,0.39,-0.925,-0.15
156.185,-0.315,-0.721,-0.215
156.205,0.203,-0.663,0.007
156.225,0.061,-0.745,-0.33
156.245,0.12,-0.436,-0.011
156.265,-0.002,-0.816,0.095
156.285,0.087,-0.421,-0.269
156.305,0.076,-0.626,-0.552
156.325,-0.075,-0.651,-0.212
156.345,-0.136,-0.5,0.093
156.365,-0.046,-0.817,-0.133
156.385,0.084,-0.758,-0.502
156.405,0.138,-0.914,0.033
156.425,0.202,-0.486,-0.064
156.445,-0.074,-0.59,-0.028
156.465,0.087,-0.435,0.005
156.485,0.212,-0.619,-0.33
156.505,0.237,-0.45,-0.018
156.525,-0.013,-0.822,-0.359
156.545,-0.04,-0.482,-0.481
156.565,0.026,-0.767,-0.413
156.585,-0.246,-0.7,-0.111
156.605,-0.056,-0.561,-0.332
156.625,0.128,-0.249,0.044
156.645,0.095,-0.552,-0.022
156.665,-0.089,-0.534,-0.097
156.685,0.001,-0.834,0.038
156.705,-0.222,-0.699,-0.479
156.725,0.096,-0.751,-0.053
156.745,-0.051,-0.444,-0.139
156.765,-0.097,-0.746,-0.491
156.785,-0.12,-0.454,-0.381
156.805,-0.061,-0.981,-0.278
156.825,-0.13,-0.451,-0.291
156.845,0.105,-0.905,-0.27
156.865,-0.121,-0.573,-0.377
156.885,0.287,-0.911,0.044
156.905,0.262,-0.626,-0.479
156.925,-0.211,-0.94,-0.508
156.945,-0.031,-0.546,-0.444
156.965,-0.176,-0.561,-0.407
156.985,-0.113,-0.844,-0.432
157.005,0.35,-0.603,0.045
157.025,-0.114,-0.531,-0.432
157.045,0.03,-0.893,-0.332
157.065,0.069,-0.913,-0.554
157.085,-0.229,-0.927,-0.383
157.105,-0.214,-0.948,-0.161
157.125,-0.288,-0.921,-0.143
157.145,-0.229,-0.536,-0.081
157.165,-0.616,-0.619,-0.496
157.185,0.065,-1.057,-0.437
157.205,0.375,-0.823,-0.149
157.225,0.009,-0.945,-0.306
157.245,-0.301,-0.554,-0.303
157.265,-0.147,-0.806,-0.183
157.285,-0.113,-1.044,-0.118
157.305,-0.242,-0.717,-0.438
157.325,0.121,-0.644,-0.297
157.345,0.095,-0.954,-0.311
157.365,-0.304,-0.814,-0.495
157.385,0.069,-0.95,-0.247
157.405,0.246,-0.539,-0.41
157.425,0.322,-0.862,-0.295
157.445,0.516,-0.917,-0.176
157.465,-0.244,-0.778,-0.235
157.485,0.499,-0.807,-0.474
157.505,-0.158,-0.643,-0.256
157.525,-0.2,-0.54,-0.273
157.545,-0.02,-0.545,-0.418
157.565,-0.214,-0.876,-0.46
157.585,-0.019,-0.748,-0.279
157.605,-0.356,-0.511,-0.589
157.625,-0.133,-0.498,-0.51
157.645,0.19,-0.98,-0.573
157.665,-0.079,-0.68,-0.561
157.685,-0.051,-0.702,-0.409
157.705,0.019,-0.596,-0.09
157.725,0.168,-0.524,-0.178
157.745,-0.392,-0.992,-0.09
157.765,0.057,-0.927,-0.432
157.785,-0.106,-0.623,-0.72
157.805,-0.023,-0.778,-0.435
157.825,0.157,-1.277,-0.109
157.845,-0.292,-1.158,-0.416
157.865,-0.282,-0.685,-0.342
157.885,-0.473,-0.661,-0.384
157.905,-0.208,-1.097,-0.199
157.925,0.154,-0.599,-0.168
157.945,-0.15,-0.855,-0.627
157.965,-0.393,-1.033,-0.811
157.985,-0.217,-0.942,-0.185
158.005,-0.429,-1.067,-0.359
158.025,-0.367,-0.959,-0.179
158.045,-0.06,-1.218,-0.361
158.065,-0.363,-0.856,-0.202
158.085,0.098,-0.719,-0.326
158.105,-0.129,-1.106,-0.452
158.125,-0.099,-0.833,-0.382
158.145,-0.164,-1.003,-0.351
158.165,0.043,-0.712,-0.191
158.185,0.048,-1.329,-0.341
158.205,-0.053,-0.725,-0.539
158.225,0.007,-1.221,-0.004
158.245,-0.131,-0.891,-0.282
158.265,0.022,-0.984,-0.062
158.285,-0.138,-0.923,-0.543
158.305,-0.065,-1.153,-0.379
158.325,-0.121,-0.525,-0.288
158.345,-0.162,-1.111,-0.205
158.365,-0.19,-1.107,-0.716
158.385,0.04,-0.527,-0.702
158.405,0.208,-0.84,-0.453
158.425,0.19,-1.146,-0.196
158.445,-0.292,-0.912,-0.448
158.465,0.214,-0.935,-0.341
158.485,-0.098,-1.239,-0.315
158.505,0.07,-1.064,-0.49
158.525,-0.232,-0.924,-0.035
158.545,-0.022,-0.652,-0.485
158.565,0.011,-0.948,-0.743
158.585,-0.341,-0.932,-0.5
158.605,0.069,-1.064,-0.466
158.625,0.216,-0.687,-0.272
158.645,-0.063,-0.725,-0.265
158.665,0.251,-0.742,-0.191
158.685,-0.049,-0.873,0.059
158.705,0.158,-1.21,-0.315
158.725,-0.442,-0.67,-0.166
158.745,0.469,-0.882,-0.429
158.765,0.296,-0.951,-0.291
158.785,-0.062,-0.798,-0.438
158.805,-0.407,-0.85,-0.4
158.825,0.038,-1.12,-0.345
158.845,-0.309,-0.974,-0.203
158.865,0.078,-1.284,-0.402
158.885,0.059,-0.886,-0.393
158.905,-0.196,-0.625,-0.327
158.925,0.206,-1.251,-0.208
158.945,0.14,-0.875,-0.675
158.965,0.168,-0.769,-0.351
158.985,-0.025,-0.73,-0.67
159.005,-0.316,-1.03,-0.129
159.025,0.157,-1.116,-0.323
159.045,-0.105,-1.012,-0.137
159.065,-0.328,-0.652,-0.733
159.085,0.207,-1.253,-0.439
159.105,0.354,-1.132,-0.223
159.125,-0.084,-0.997,-0.118
159.145,0.345,-1.118,-0.331
159.165,-0.076,-0.942,-0.49
159.185,-0.179,-0.651,-0.45
159.205,-0.225,-1.195,-0.605
159.225,0.223,-0.987,-0.117
159.245,-0.247,-0.987,-0.286
159.265,0.049,-1.059,-0.43
159.285,-0.212,-1.305,-0.286
159.305,-0.197,-1.108,-0.437
159.325,0.1,-1.125,-0.473
159.345,-0.183,-0.886,-0.556
159.365,-0.188,-0.931,-0.54
159.385,0.126,-1.317,-0.319
159.405,0.219,-1.072,-0.165
159.425,0.031,-1.094,-0.437
159.445,-0.217,-0.614,-0.506
159.465,-0.191,-0.954,-0.158
159.485,-0.06,-1.243,-0.321
159.505,-0.01,-1.172,-0.763
159.525,-0.299,-1.092,-0.46
159.545,0.045,-0.93,-0.236
159.565,-0.068,-0.914,-0.503
159.585,-0.422,-0.983,-0.338
159.605,-0.266,-1.055,-0.607
159.625,-0.187,-1.045,-0.448
159.645,-0.084,-1.048,-0.587
159.665,0.309,-1.365,-0.617
159.685,-0.033,-1.019,-0.525
159.705,-0.247,-1.111,-0.214
159.725,-0.044,-1.322,-0.32
159.745,-0.182,-0.501,0.027
159.765,-0.046,-0.909,-0.493
159.785,0.006,-0.979,-0.169
159.805,0.128,-1.048,0.016
159.825,-0.122,-0.812,-0.133
159.845,0.212,-1.198,-0.14
159.865,0.059,-1.035,-0.329
159.885,-0.276,-1.144,-0.296
159.905,0.295,-0.814,-0.513
159.925,-0.085,-1.12,-0.871
159.945,-0.315,-0.752,-0.302
159.965,0.16,-0.987,-0.536
159.985,0.25,-0.816,-0.437
160.005,-0.175,-0.887,-0.523
160.025,-0.276,-0.756,-0.293
160.045,-0.195,-1.145,-0.405
160.065,-0.006,-0.769,-0.116
160.085,0.112,-1.321,-0.514
160.105,-0.039,-0.947,-0.337
160.125,-0.121,-1.084,-0.388
160.145,0.148,-1.26,-0.404
160.165,-0.217,-1.15,-0.355
160.185,0.054,-1.101,-0.035
160.205,-0.231,-1.011,-0.174
160.225,-0.085,-1.078,-0.449
160.245,-0.202,-0.978,-0.494
160.265,-0.195,-1.16,-0.528
160.285,-0.271,-1.089,-0.341
160.305,0.084,-1.056,-0.68
160.325,-0.335,-0.959,-0.423
160.345,-0.337,-0.843,-0.293
160.365,0.252,-0.855,-0.511
160.385,0.033,-0.975,-0.358
160.405,-0.639,-0.937,-0.316
160.425,-0.283,-0.947,-0.719
160.445,-0.539,-1.066,-0.33
160.465,-0.363,-0.807,-0.469
160.485,-0.81,-1.157,0.001
160.505,-0.228,-1.381,-0.324
160.525,-0.437,-1.167,-0.521
160.545,-0.193,-0.689,-0.693
160.565,-0.536,-1.023,-0.335
160.585,-0.184,-0.919,-0.076
160.605,-0.29,-1.012,-0.473
160.625,0.092,-0.845,-0.269
160.645,0.066,-0.944,-0.183
160.665,-0.061,-0.981,-0.197
160.685,-0.295,-0.877,-0.357
160.705,0.181,-1.093,-0.46
160.725,-0.517,-0.937,-0.379
160.745,-0.501,-1.025,-0.536
160.765,-0.226,-1.012,-0.509
160.785,0.255,-1.144,-0.118
160.805,-0.23,-1.011,-0.246
160.825,-0.214,-1.06,-0.269
160.845,-0.465,-0.712,-0.462
160.865,0.019,-1.265,-0.07
160.885,0.025,-0.749,-0.344
160.905,-0.017,-1.29,-0.275
160.925,-0.292,-0.838,-0.065
160.945,-0.304,-1.115,-0.438
160.965,-0.432,-0.831,-0.391
160.985,-0.173,-0.95,-0.025
161.005,-0.403,-1.211,-0.065
161.025,-0.424,-0.656,-0.169
161.045,-0.285,-0.771,-0.68
161.065,-0.286,-0.84,0.009
161.085,-0.291,-1.063,-0.356
161.105,-0.086,-0.783,-0.337
161.125,-0.162,-1.2,-0.251
161.145,-0.248,-1.398,-0.443
161.165,-0.164,-1.263,0.051
161.185,-0.387,-1.133,-0.172
161.205,-0.165,-1.092,-0.079
161.225,-0.167,-1.021,-0.386
161.245,-0.498,-1.003,-0.032
161.265,0.006,-1.054,0.059
161.285,-0.374,-1.356,-0.496
161.305,-0.178,-0.899,-0.465
161.325,0.047,-0.988,-0.396
161.345,0.017,-1.064,-0.052
161.365,-0.179,-0.64,-0.183
161.385,-0.25,-0.958,-0.211
161.405,0.017,-0.892,-0.132
161.425,-0.034,-0.745,0.178
161.445,-0.301,-1.199,-0.551
161.465,-0.332,-0.903,-0.264
161.485,-0.593,-0.736,-0.829
161.505,-0.143,-0.907,-0.099
161.525,-0.186,-1.151,0.019
161.545,0.07,-0.983,-0.259
161.565,-0.077,-0.848,-0.077
161.585,0.099,-1.293,-0.526
161.605,-0.307,-1.149,-0.12
161.625,0.073,-0.493,0.297
161.645,-0.275,-0.797,-0.284
161.665,-0.015,-0.606,-0.128
161.685,-0.459,-0.733,-0.34
161.705,-0.143,-0.839,-0.196
161.725,-0.583,-0.968,0.007
161.745,-0.246,-0.828,-0.092
161.765,-0.103,-0.611,-0.226
161.785,-0.293,-0.745,-0.235
161.805,-0.401,-0.874,-0.44
161.825,-0.022,-0.941,-0.001
161.845,-0.222,-0.831,-0.073
161.865,-0.301,-1.05,-0.479
161.885,-0.2,-0.852,-0.179
161.905,0.323,-1.084,-0.412
161.925,0.026,-1.019,-0.31
161.945,0.017,-1.146,-0.055
161.965,-0.136,-1.023,-0.006
161.985,-0.198,-1.09,-0.056
162.005,-0.711,-0.608,-0.241
162.025,-0.366,-1.133,-0.079
162.045,-0.327,-0.872,-0.331
162.065,-0.605,-1.154,-0.017
162.085,-0.467,-0.962,-0.171
162.105,-0.64,-0.926,-0.265
162.125,-0.265,-1.355,-0.296
162.145,-0.097,-1.257,0.008
162.165,-0.046,-1.179,-0.154
162.185,-0.161,-1.242,-0.227
162.205,-0.417,-0.965,-0.205
162.225,-0.606,-0.915,-0.356
162.245,-0.58,-1.175,-0.084
162.265,-0.483,-0.948,-0.052
162.285,-0.404,-1.049,-0.414
162.305,-0.28,-0.993,-0.35
162.325,-0.452,-1.108,-0.485
162.345,-0.194,-0.889,0.073
162.365,-0.312,-0.662,-0.059
162.385,-0.272,-0.833,0.029
162.405,-0.047,-0.719,0.14
162.425,-0.515,-1.283,-0.093
162.445,-0.194,-1.144,-0.201
162.465,-0.273,-0.892,-0.143
162.485,-0.331,-0.714,-0.311
162.505,-0.069,-0.901,-0.348
162.525,-0.075,-1.247,-0.268
162.545,-0.426,-1.134,-0.231
162.565,-0.283,-0.977,-0.518
162.585,-0.208,-1.067,-0.455
162.605,-0.313,-1.206,-0.47
162.625,-0.127,-1.119,-0.468
162.645,-0.196,-1.066,-0.098
162.665,0.12,-1.287,-0.29
162.685,-0.561,-0.878,-0.257
162.705,-0.268,-1.149,-0.146
162.725,-0.415,-1.089,-0.07
162.745,-0.109,-0.869,-0.124
162.765,-0.564,-1.096,0.121
162.785,-0.168,-0.883,-0.205
162.805,-0.38,-1.275,-0.189
162.825,-0.4,-0.968,-0.342
162.845,-0.551,-0.888,-0.604
162.865,-0.354,-1.207,-0.2
162.885,-0.043,-1.075,-0.038
162.905,-0.264,-1.081,-0.364
162.925,-0.149,-0.999,-0.316
162.945,0.047,-0.957,-0.008
162.965,-0.215,-1.246,-0.214
162.985,-0.372,-1.068,-0.406
163.005,-0.163,-0.745,-0.419
163.025,-0.381,-0.836,-0.099
163.045,-0.37,-0.904,-0.267
163.065,-0.57,-1.092,-0.263
163.085,-0.085,-0.629,-0.507
163.105,-0.359,-0.87,-0.127
163.125,-0.252,-1.057,-0.013
163.145,-0.486,-1.03,-0.295
163.165,-0.184,-1.19,-0.129
163.185,-0.413,-1.002,-0.289
163.205,-0.284,-0.954,-0.077
163.225,-0.089,-0.935,-0.103
163.245,-0.123,-1.099,-0.27
163.265,-0.286,-1.357,-0.617
163.285,-0.626,-1.012,-0.347
163.305,0.336,-0.903,-0.112
163.325,0.077,-1.237,-0.02
163.345,-0.125,-1.048,-0.321
163.365,-0.427,-0.767,0.065
163.385,-0.302,-1.289,0.096
163.405,-0.401,-1.108,-0.063
163.425,-0.032,-0.747,-0.425
163.445,-0.227,-0.998,-0.06
163.465,-0.448,-1.133,-0.31
163.485,-0.389,-1.008,-0.317
163.505,-0.086,-0.848,-0.103
163.525,-0.007,-1.062,-0.112
163.545,-0.035,-0.9,-0.108
163.565,-0.189,-0.97,-0.06
163.585,-0.396,-0.957,-0.204
163.605,-0.993,-0.891,-0.497
163.625,-0.291,-1.09,0.209
163.645,-0.343,-1.212,-0.283
163.665,-0.318,-0.926,-0.338
163.685,-0.324,-1.044,-0.435
163.705,-0.605,-1.131,-0.156
163.725,-0.223,-0.924,-0.186
163.745,-0.208,-0.782,-0.225
163.765,-0.211,-1.056,0.102
163.785,-0.142,-1.035,-0.046
163.805,-0.193,-1.286,-0.368
163.825,-0.397,-1.098,0.262
163.845,-0.331,-1.006,-0.451
163.865,-0.29,-1.042,-0.172
163.885,-0.287,-1.113,-0.283
163.905,-0.102,-0.901,-0.051
163.925,-0.17,-1.023,0.001
163.945,0.118,-0.519,-0.217
163.965,0.138,-0.997,0.075
163.985,-0.294,-1.579,-0.093
164.005,-1.067,-1.246,0.152
164.025,-0.037,-0.91,0.037
164.045,-0.391,-1.135,-0.244
164.065,-0.431,-1.134,0.054
164.085,-0.358,-1.263,-0.286
164.105,-0.362,-1.118,-0.013
164.125,-0.153,-0.992,-0.021
164.145,-0.587,-0.944,-0.212
164.165,-0.493,-1.214,-0.526
164.185,-0.211,-0.824,0.187
164.205,-0.181,-1.223,-0.029
164.225,-0.191,-0.91,-0.104
164.245,-0.494,-0.922,-0.081
164.265,-0.537,-1.184,0.112
164.285,-0.453,-1.213,0.339
164.305,-0.321,-0.916,0.065
164.325,-0.082,-1.106,-0.042
164.345,-0.791,-1.027,-0.07
164.365,-0.396,-0.85,-0.057
164.385,-0.62,-0.885,-0.329
164.405,-0.688,-1.166,-0.007
164.425,-0.178,-1.005,-0.388
164.445,-0.273,-1.171,-0.023
164.465,-0.283,-0.816,-0.207
164.485,-0.175,-0.678,0.062
164.505,-0.464,-1.15,-0.037
164.525,-0.453,-0.988,-0.182
164.545,0.096,-0.797,-0.309
164.565,-0.372,-0.975,0.191
164.585,-0.173,-0.891,-0.126
164.605,-0.328,-0.991,0.248
164.625,-0.709,-1.209,-0.368
164.645,-0.77,-0.963,-0.178
164.665,-0.477,-0.775,-0.564
164.685,-0.132,-0.933,0.049
164.705,-0.193,-0.683,0.065
164.725,-0.17,-1.349,-0.235
164.745,-0.551,-0.923,-0.251
164.765,-0.031,-1.122,-0.203
164.785,-0.556,-1.153,-0.185
164.805,-0.322,-0.712,-0.242
164.825,-0.364,-1.036,0.086
164.845,-0.392,-1.058,-0.209
164.865,-0.086,-0.907,-0.508
164.885,-0.502,-1.397,-0.189
164.905,-0.632,-0.688,-0.234
164.925,-0.355,-0.561,-0.374
164.945,-0.428,-0.76,-0.086
164.965,0.332,-0.86,-0.508
164.985,-0.218,-0.98,-0.054
165.006,-0.435,-1.165,-0.153
165.026,-0.56,-0.7,-0.266
165.046,-0.72,-0.763,-0.388
165.066,-0.543,-0.853,-0.451
165.086,-0.31,-0.869,0.002
165.106,-0.063,-0.881,-0.231
165.126,-0.134,-1.055,-0.501
165.146,-0.301,-0.45,-0.171
165.166,-0.421,-1.001,-0.2
165.186,-0.3,-1.023,0.151
165.206,-0.463,-0.711,-0.192
165.226,-0.006,-0.952,0.081
165.246,-0.377,-0.961,-0.153
165.266,-0.365,-0.666,-0.344
165.286,-0.784,-0.812,-0.017
165.306,-0.371,-0.793,0.133
165.326,-0.159,-1.225,0.062
165.346,-0.542,-0.861,-0.061
165.366,-0.496,-1.14,0.07
165.386,-0.176,-1.018,-0.089
165.406,-0.636,-0.884,-0.116
165.426,-0.131,-0.934,-0.425
165.446,-0.445,-0.795,-0.094
165.466,-0.426,-0.764,0.17
165.486,-0.584,-0.737,-0.458
165.506,-0.292,-1.148,-0.398
165.526,0.115,-0.416,-0.192
165.546,-0.232,-0.886,-0.41
165.566,-0.561,-0.629,-0.007
165.586,-0.159,-1.369,-0.498
165.606,-0.457,-0.917,-0.036
165.626,-0.118,-1.159,0.021
165.646,-0.259,-1.038,-0.055
165.666,-1.006,-0.852,-0.181
165.686,-0.617,-0.926,-0.078
165.706,-0.217,-0.585,-0.406
165.726,-0.371,-0.492,-0.118
165.746,-0.601,-1.034,-0.292
165.766,-0.53,-0.926,0.019
165.786,-0.802,-1.028,-0.029
165.806,-0.439,-0.58,-0.326
165.826,0.006,-0.779,-0.094
165.846,-0.275,-0.805,-0.073
165.866,0.007,-0.771,-0.239
165.886,-0.256,-0.892,-0.159
165.906,-0.236,-1.012,-0.073
165.926,-0.03,-0.837,-0.272
165.946,-0.352,-0.887,-0.366
165.966,-0.455,-0.752,-0.156
165.986,-0.196,-1.145,0.086
166.006,-0.098,-0.777,-0.256
166.026,-0.478,-0.943,-0.291
166.046,-0.509,-0.766,-0.376
166.066,-0.334,-0.62,0.009
166.086,-0.185,-0.907,-0.026
166.106,-0.19,-0.564,-0.245
166.126,-0.642,-1.146,-0.363
166.146,0.027,-0.493,-0.363
166.166,-0.498,-0.553,-0.391
166.186,-0.422,-0.985,-0.313
166.206,-0.553,-0.98,-0.322
166.226,0.176,-1.108,-0.351
166.246,-0.302,-0.599,0.016
166.266,-0.531,-0.858,0.102
166.286,-0.184,-0.857,-0.438
166.306,-0.199,-1.0,-0.328
166.326,-0.377,-0.411,-0.414
166.346,-0.163,-0.959,-0.16
166.366,-0.485,-0.768,-0.277
166.386,-0.414,-0.717,-0.41
166.406,-0.73,-0.838,0.131
166.426,-0.6,-0.899,-0.09
166.446,0.031,-0.85,-0.379
166.466,-0.015,-0.662,0.119
166.486,-0.335,-0.847,-0.417
166.506,-0.019,-0.452,-0.071
166.526,-0.385,-0.915,0.299
166.546,-0.398,-0.6,-0.21
166.566,-0.335,-1.115,-0.25
166.586,-0.365,-0.934,-0.155
166.606,-0.392,-0.945,0.273
166.626,-0.124,-0.987,0.107
166.646,-0.318,-0.698,-0.277
166.666,-0.217,-0.785,-0.129
166.686,-0.146,-1.227,0.008
166.706,-0.273,-0.369,-0.262
166.726,-0.558,-0.734,-0.402
166.746,-0.626,-0.784,0.043
166.766,-0.324,-0.524,-0.064
166.786,-0.37,-0.597,-0.094
166.806,-0.306,-0.866,0.057
166.826,-0.343,-1.205,-0.407
166.846,0.174,-0.714,-0.239
166.866,-0.607,-1.02,0.332
166.886,-0.737,-0.591,-0.068
166.906,-0.281,-0.996,-0.069
166.926,-0.422,-0.929,-0.152
166.946,-0.287,-1.1,-0.538
166.966,-0.241,-1.086,-0.352
166.986,-0.106,-0.84,-0.012
167.006,-0.669,-0.852,-0.298
167.026,-0.461,-0.895,-0.216
167.046,-0.252,-0.381,-0.144
167.066,-0.181,-0.673,-0.381
167.086,0.087,-0.795,-0.437
167.106,-0.147,-1.347,-0.18
167.126,-0.369,-0.621,-0.225
167.146,-0.549,-0.188,-0.111
167.166,-0.499,-0.841,-0.448
167.186,-0.514,-0.971,-0.248
167.206,-0.247,-0.805,-0.009
167.226,-0.319,-1.129,0.442
167.246,-0.633,-0.755,-0.141
167.266,-0.455,-0.55,-0.014
167.286,-0.202,-0.98,-0.059
167.306,-0.299,-0.956,-0.094
167.326,-0.241,-0.852,-0.007
167.346,-0.269,-0.932,-0.338
167.366,-0.014,-1.151,-0.207
167.386,-0.282,-0.921,-0.1
167.406,-0.406,-0.96,-0.34
167.426,-0.532,-0.544,-0.06
167.446,-0.287,-0.59,-0.51
167.466,-0.836,-0.542,0.04
167.486,-0.384,-0.674,-0.159
167.506,-0.37,-0.78,0.02
167.526,-0.602,-1.005,0.081
167.546,-0.499,-0.555,0.169
167.566,-0.15,-0.736,-0.058
167.586,-0.274,-1.07,-0.463
167.606,-0.3,-1.003,-0.465
167.626,-0.265,-1.071,-0.369
167.646,-0.297,-1.243,0.046
167.666,-0.068,-0.771,-0.399
167.686,-0.285,-1.114,-0.162
167.706,-0.597,-1.034,-0.21
167.726,0.002,-0.867,-0.057
167.746,-0.258,-0.932,0.006
167.766,-0.449,-1.033,-0.119
167.786,-0.585,-0.574,0.012
167.806,-0.254,-1.175,-0.369
167.826,-0.351,-1.176,0.052
167.846,-0.002,-0.764,-0.127
167.866,-0.383,-0.978,0.008
167.886,-0.48,-0.989,-0.252
167.906,-0.127,-1.054,-0.554
167.926,-0.127,-0.76,0.008
167.946,-0.276,-0.785,-0.165
167.966,-0.17,-0.802,0.109
167.986,-0.312,-0.936,-0.057
168.006,-0.258,-0.957,0.453
168.026,-0.065,-0.849,0.106
168.046,-0.183,-0.605,-0.194
168.066,-0.35,-0.491,-0.442
168.086,-0.048,-0.579,-0.296
168.106,-0.781,-0.71,-0.312
168.126,0.089,-0.634,-0.225
168.146,-0.653,-1.076,-0.164
168.166,-0.423,-0.982,-0.069
168.186,-0.304,-0.724,0.138
168.206,-0.335,-0.852,-0.301
168.226,-0.121,-0.747,-0.403
168.246,-0.513,-0.613,0.026
168.266,-0.261,-0.648,0.124
168.286,-0.434,-1.018,-0.257
168.306,-0.278,-0.794,0.056
168.326,-0.37,-0.987,-0.006
168.346,-0.332,-0.957,-0.494
168.366,-0.466,-1.145,-0.292
168.386,-0.45,-0.776,-0.257
168.406,-0.294,-1.169,0.238
168.426,-0.151,-0.723,-0.048
168.446,-0.462,-0.541,-0.259
168.466,-0.507,-0.708,-0.293
168.486,-0.22,-0.8,-0.474
168.506,-0.357,-0.511,0.062
168.526,-0.194,-0.752,-0.059
168.546,-0.548,-0.999,-0.02
168.566,-0.739,-0.814,-0.408
168.586,-0.5,-0.43,-0.017
168.606,-0.556,-1.032,-0.233
168.626,-0.399,-1.089,-0.323
168.646,-0.512,-0.682,-0.063
168.666,-0.241,-0.842,-0.408
168.686,-0.439,-0.907,-0.141
168.706,-0.356,-1.042,-0.235
168.726,-0.352,-1.188,0.035
168.746,-0.338,-1.081,0.006
168.766,-0.375,-0.482,-0.165
168.786,-0.269,-0.81,-0.126
168.806,-0.529,-1.214,-0.063
168.826,-0.086,-0.581,-0.193
168.846,-0.408,-0.557,-0.346
168.866,-0.62,-0.55,-0.27
168.886,-0.318,-0.884,-0.42
168.906,-0.536,-0.865,0.01
168.926,-0.227,-0.754,-0.106
168.946,0.07,-0.473,-0.265
168.966,-0.529,-0.877,-0.306
168.986,-0.304,-0.911,-0.103
169.006,-0.736,-0.632,-0.436
169.026,-0.301,-0.543,-0.383
169.046,-0.557,-0.795,-0.17
169.066,-0.513,-0.65,0.321
169.086,-0.602,-0.752,-0.081
169.106,-0.247,-0.846,-0.129
169.126,-0.206,-0.962,-0.4
169.146,-0.395,-1.024,-0.361
169.166,-0.562,-0.889,0.103
169.186,-0.071,-0.97,-0.263
169.206,-0.535,-0.714,-0.165
169.226,-0.804,-0.512,-0.069
169.246,-0.282,-0.693,-0.278
169.266,-0.594,-0.9,-0.299
169.286,-0.177,-0.543,-0.559
169.306,-0.459,-0.656,-0.456
169.326,-0.277,-0.625,-0.078
169.346,-0.126,-0.813,-0.298
169.366,-0.637,-0.488,-0.094
169.386,-0.492,-0.492,-0.537
169.406,-0.405,-0.752,-0.053
169.426,-0.075,-0.583,-0.232
169.446,-0.516,-0.503,-0.536
169.466,-0.488,-0.824,0.001
169.486,-0.274,-0.739,-0.501
169.506,-0.492,-0.679,-0.008
169.526,-0.344,-0.903,-0.235
169.546,-0.699,-0.611,-0.413
169.566,0.055,-0.492,0.14
169.586,-0.66,-0.731,-0.162
169.606,-0.458,-0.631,-0.003
169.626,-0.406,-0.413,-0.149
169.646,-0.025,-0.778,-0.285
169.666,-0.67,-0.62,-0.413
169.686,-0.007,-0.797,-0.274
169.706,-0.255,-0.806,-0.177
169.726,-0.319,-0.611,-0.048
169.746,-0.6,-0.646,-0.275
169.766,-0.292,-0.575,-0.089
169.786,-0.558,-0.645,0.146
169.806,-0.149,-0.558,-0.163
169.826,-0.574,-0.306,-0.582
169.846,-0.426,-0.409,-0.169
169.866,-0.517,-0.554,-0.187
169.886,-0.605,-0.512,-0.193
169.906,-0.258,-0.672,-0.483
169.926,-0.271,-0.641,-0.091
169.946,-0.136,-0.492,-0.257
169.966,-0.737,-0.564,-0.168
169.986,-0.162,-0.44,0.055
170.006,0.134,-0.353,-0.29
170.026,-0.463,-0.633,-0.144
170.046,0.005,-1.009,-0.168
170.066,-0.427,-0.197,-0.158
170.086,-0.632,-0.734,-0.212
170.106,-0.418,-0.555,-0.19
170.126,-0.142,-0.427,0.226
170.146,-0.526,-0.302,-0.192
170.166,-0.473,-0.203,-0.047
170.186,-0.236,-0.647,-0.073
170.206,-0.357,-0.363,-0.074
170.226,-0.246,-0.553,0.009
170.246,-0.314,-0.04,-0.225
170.266,-0.267,-0.375,0.169
170.286,-0.459,-0.616,-0.302
170.306,-0.335,-0.766,-0.128
170.326,-0.565,-1.124,-0.345
170.346,-0.121,-0.476,0.083
170.366,-0.499,-0.397,-0.279
170.386,-0.145,-0.461,0.07
170.406,-0.428,-1.088,-0.019
170.426,-0.336,-0.88,-0.029
170.446,-0.484,-0.53,0.165
170.466,-0.578,-0.271,-0.202
170.486,-0.714,-0.648,0.225
170.506,-0.582,-0.434,-0.148
170.526,-0.444,-0.858,0.034
170.546,-0.349,-0.627,-0.083
170.566,-0.202,-0.714,0.059
170.586,-0.477,-0.419,-0.272
170.606,-0.572,-0.767,-0.067
170.626,-0.688,-0.305,-0.097
170.646,-0.279,-0.711,-0.009
170.666,-0.087,-0.861,-0.002
170.686,-0.1,-0.847,-0.247
170.706,-0.204,-0.761,0.176
170.726,-0.208,-0.579,-0.084
170.746,-0.02,-0.783,0.083
170.766,-0.294,-0.844,-0.293
170.786,-0.238,-0.499,-0.12
170.806,-0.448,-1.317,0.167
170.826,-0.67,-0.764,0.283
170.846,-0.536,-0.949,0.04
170.866,-0.416,-0.858,-0.034
170.886,-0.404,-0.642,-0.228
170.906,-0.035,-0.742,0.136
170.926,-0.388,-0.751,0.043
170.946,-0.162,-0.461,-0.502
170.966,-0.476,-0.696,-0.372
170.986,-0.462,-0.343,0.04
171.006,-0.653,-0.571,-0.193
171.026,-0.53,-0.897,-0.251
171.046,-0.277,-0.318,-0.06
171.066,-0.395,-0.657,0.036
171.086,-0.204,-0.337,0.259
171.106,-0.36,-0.752,-0.196
171.126,-0.473,-0.632,0.051
171.146,0.029,-0.596,-0.247
171.166,-0.423,-0.707,-0.136
171.186,-0.173,-0.415,0.016
171.206,-0.498,-0.291,-0.053
171.226,-0.291,-1.147,-0.283
171.246,-0.233,-0.506,0.087
171.266,-0.389,-0.864,0.145
171.286,-0.913,-1.2,0.476
171.306,-0.445,-0.588,0.037
171.326,-0.194,-0.589,0.034
171.346,-0.341,-0.575,0.059
171.366,-0.359,-0.615,-0.264
171.386,-0.802,-0.507,-0.243
171.406,-0.59,-0.791,-0.002
171.426,-0.384,-0.61,-0.45
171.446,-0.382,-0.527,-0.219
171.466,-0.202,-0.389,-0.09
171.486,-0.477,-0.663,0.217
171.506,-0.376,-0.722,0.072
171.526,-0.476,-0.707,-0.286
171.546,-0.673,-0.936,-0.003
171.566,-0.917,-0.557,0.126
171.586,-0.369,-0.989,0.158
171.606,-0.405,-0.611,0.226
171.626,-0.556,-0.666,0.234
171.646,-0.773,-0.973,0.106
171.666,-0.311,-0.962,0.073
171.686,-0.498,-0.822,0.026
171.706,-0.338,-0.725,0.134
171.726,-0.069,-0.378,-0.191
171.746,-0.867,-0.695,-0.073
171.766,-0.587,-0.551,-0.162
171.786,-0.485,-0.426,0.065
171.806,-0.18,-0.456,-0.071
171.826,-0.789,-0.669,0.185
171.846,-0.079,-0.811,-0.007
171.866,-0.42,-0.576,0.206
171.886,-0.469,-0.817,-0.418
171.906,-0.478,-0.319,-0.144
171.926,-0.516,-0.513,0.181
171.946,-0.211,-0.655,0.003
171.966,-0.627,-0.579,0.21
171.986,-0.339,-0.639,0.048
172.006,-0.478,-0.757,-0.204
172.026,-0.546,-0.584,0.353
172.046,0.121,-0.731,-0.152
172.066,-0.319,-0.28,-0.172
172.086,-0.285,-0.813,0.134
172.106,-0.184,-0.565,-0.225
172.126,-0.693,-0.832,-0.276
172.146,-0.051,-0.84,-0.174
172.166,-0.902,-1.04,0.143
172.186,-0.545,-0.614,0.424
172.206,-0.483,-0.815,0.001
172.226,-0.253,-0.491,-0.146
172.246,-0.325,-0.625,0.243
172.266,-0.402,-0.676,-0.129
172.286,-0.378,-0.978,-0.083
172.306,-0.56,-0.583,0.097
172.326,-0.653,-0.838,0.236
172.346,-0.193,-0.985,0.015
172.366,-0.186,-0.618,-0.057
172.386,-0.007,-0.948,0.475
172.406,-0.494,-1.135,-0.108
172.426,-0.196,-0.455,-0.103
172.446,-0.38,-0.824,-0.056
172.466,-0.086,-1.045,0.134
172.486,-0.124,-0.882,-0.068
172.506,-0.29,-0.823,0.197
172.526,-0.387,-0.45,0.018
172.546,-0.13,-1.008,-0.027
172.566,-0.186,-0.954,-0.065
172.586,-0.443,-0.495,0.033
172.606,-0.566,-0.776,0.132
172.626,-0.365,-0.62,0.037
172.646,-0.007,-0.754,0.08
172.666,-0.096,-0.245,-0.128
172.686,-0.552,-0.896,-0.118
172.706,-0.58,-0.577,0.024
172.726,-0.082,-0.331,0.039
172.746,-0.576,-0.708,0.032
172.766,-0.258,-0.791,-0.08
172.786,-0.486,-0.499,0.059
172.806,-0.045,-0.452,0.056
172.826,-0.503,-0.815,0.046
172.846,-0.108,-0.37,-0.059
172.866,-0.302,-0.648,0.175
172.886,-0.273,-0.544,0.093
172.906,-0.713,-0.353,-0.041
172.926,-0.76,-0.495,0.089
172.946,-0.373,-0.655,-0.004
172.966,-0.285,-0.782,0.12
172.986,-0.538,-0.101,0.394
173.006,-0.526,-0.807,0.137
173.026,-0.198,-0.581,0.145
173.046,-0.197,-0.565,0.388
173.066,-0.336,-0.55,0.166
173.086,-0.153,-0.243,0.184
173.106,-0.568,-0.669,0.138
173.126,-0.396,-0.706,0.028
173.146,0.022,-0.384,0.196
173.166,-0.291,-0.735,0.45
173.186,-0.275,-0.519,-0.157
173.206,0.153,-0.655,0.012
173.226,-0.592,-0.5,-0.071
173.246,-0.149,-0.531,-0.034
173.266,0.026,-0.756,0.358
173.286,-0.373,-1.029,0.086
173.306,-0.126,-0.98,0.259
173.326,-0.492,-1.011,-0.018
173.346,-0.428,-0.657,-0.023
173.366,-0.218,-1.116,-0.107
173.386,-0.127,-0.678,0.381
173.406,-0.073,-0.62,0.256
173.426,0.017,-0.484,-0.117
173.446,-0.307,-0.544,0.312
173.466,-0.059,-0.465,0.043
173.486,-0.366,-0.57,0.172
173.506,-0.11,-0.727,0.074
173.526,-0.242,-0.669,-0.235
173.546,-0.194,-0.827,-0.12
173.566,-0.203,-0.615,0.308
173.586,-0.604,-0.966,0.233
173.606,-0.487,-0.443,-0.157
173.626,-0.236,-0.849,0.088
173.646,-0.577,-0.618,0.007
173.666,-0.071,-0.591,0.281
173.686,-0.06,-0.44,0.016
173.706,-0.191,-1.008,-0.086
173.726,-0.483,-0.762,0.228
173.746,0.028,-0.603,0.32
173.766,0.162,-0.355,0.168
173.786,-0.217,-0.715,0.183
173.806,-0.144,-0.826,-0.164
173.826,-0.188,-0.293,-0.164
173.846,-0.129,-0.536,-0.183
173.866,-0.248,-0.416,0.296
173.886,-0.215,-0.935,0.001
173.906,-0.02,-0.572,0.242
173.926,0.259,-0.906,-0.069
173.946,-0.484,-0.935,0.05
173.966,-0.219,-0.562,-0.11
173.986,-0.419,-0.558,0.004
174.006,0.134,-0.771,-0.284
174.026,-0.324,-0.393,0.005
174.046,-0.504,-0.76,-0.008
174.066,-0.09,-0.765,-0.276
174.086,0.131,-0.716,0.144
174.106,-0.077,-0.741,0.187
174.126,-0.169,-0.434,-0.084
174.146,-0.134,-0.897,-0.194
174.166,0.059,-0.826,0.397
174.186,-0.4,-0.913,0.107
174.206,-0.246,-0.303,-0.414
174.226,-0.312,-0.755,-0.029
174.246,-0.448,-0.846,-0.072
174.266,-0.277,-0.754,-0.096
174.286,-0.005,-0.519,0.262
174.306,-0.126,-0.556,0.1
174.326,-0.115,-0.797,0.187
174.346,-0.218,-0.772,0.021
174.366,-0.128,-0.99,0.221
174.386,-0.402,-0.668,-0.015
174.406,-0.298,-0.454,0.096
174.426,-0.182,-0.835,0.151
174.446,-0.158,-0.58,-0.076
174.466,-0.139,-0.816,-0.373
174.486,-0.216,-0.933,-0.286
174.506,-0.26,-0.581,0.505
174.526,0.455,-0.241,0.163
174.546,0.006,-0.602,0.173
174.566,-0.074,-0.786,0.341
174.586,-0.199,-0.776,-0.172
174.606,-0.25,-0.31,-0.077
174.626,-0.194,-0.639,-0.148
174.646,-0.114,-0.854,0.565
174.666,-0.564,-0.716,-0.114
174.686,-0.487,-0.655,0.355
174.706,-0.286,-0.579,-0.032
174.726,-0.108,-0.392,0.123
174.746,-0.196,-0.424,0.368
174.766,0.137,-0.628,0.207
174.786,-0.461,-0.672,0.129
174.806,-0.31,-0.587,0.607
174.826,0.141,-0.795,-0.222
174.846,-0.137,-0.468,-0.053
174.866,0.001,-0.698,0.069
174.886,0.224,-0.573,0.337
174.906,-0.33,-0.313,0.025
174.926,-0.2,-0.545,0.322
174.946,-0.233,-0.627,-0.211
174.966,-0.577,-0.764,0.358
174.986,-0.251,-0.687,0.311
175.006,0.001,-0.896,-0.073
175.026,-0.06,-0.544,0.141
175.046,-0.054,-1.08,0.096
175.066,-0.252,-0.458,0.234
175.086,-0.306,-0.514,0.368
175.106,0.086,-0.624,0.007
175.126,-0.278,-0.743,0.217
175.146,-0.125,-0.64,0.179
175.166,-0.141,-1.004,0.141
175.186,0.127,-0.483,0.415
175.206,0.023,-0.674,0.166
175.226,-0.426,-0.335,-0.104
175.246,-0.409,-0.561,0.282
175.266,-0.052,-0.586,0.46
175.286,-0.173,-0.546,0.162
175.306,-0.258,-0.813,0.408
175.326,0.033,-0.706,0.069
175.346,-0.132,-0.584,0.216
175.366,-0.164,-0.674,-0.186
175.386,-0.024,-0.718,-0.007
175.406,-0.252,-0.673,0.172
175.426,0.148,-0.609,0.278
175.446,-0.329,-0.162,0.22
175.466,-0.048,-0.688,0.388
175.486,0.099,-0.749,-0.177
175.506,-0.464,-0.654,0.415
175.526,-0.244,-0.315,-0.031
175.546,0.049,-0.3,-0.156
175.566,0.065,-0.237,0.288
175.586,-0.205,-0.609,-0.157
175.606,-0.331,-0.482,0.365
175.626,0.024,-0.822,-0.36
175.646,0.068,-0.682,-0.082
175.666,-0.392,-0.838,0.249
175.686,-0.391,-0.55,0.205
175.706,-0.099,-0.638,-0.475
175.726,-0.021,-0.602,-0.088
175.746,-0.202,-0.823,-0.3
175.766,-0.009,-0.503,0.083
175.786,-0.3,-1.158,0.069
175.806,-0.585,-0.733,0.012
175.826,-0.239,-0.698,0.028
175.846,-0.131,-1.078,-0.167
175.866,-0.188,-0.62,-0.098
175.886,-0.365,-0.744,0.263
175.906,-0.483,-0.596,-0.06
175.926,-0.233,-0.305,-0.071
175.946,0.076,-0.648,0.276
175.966,0.148,-0.51,-0.203
175.986,0.135,-0.421,0.321
176.006,-0.278,-0.602,0.329
176.026,-0.35,-0.879,-0.179
176.046,-0.013,-1.044,0.219
176.066,0.02,-0.637,-0.416
176.086,-0.041,-0.795,0.036
176.106,-0.521,-0.472,-0.19
176.126,-0.308,-0.82,0.107
176.146,-0.129,-0.737,0.074
176.166,-0.013,-0.961,-0.035
176.186,0.033,-0.784,-0.191
176.206,-0.09,-0.892,0.221
176.226,-0.067,-0.877,0.043
176.246,-0.12,-0.72,-0.093
176.266,0.003,-0.83,-0.045
176.286,-0.071,-0.184,0.046
176.306,-0.117,-0.525,0.052
176.326,-0.182,-0.473,0.122
176.346,-0.109,-0.717,0.253
176.366,-0.034,-0.691,0.272
176.386,-0.08,-0.809,0.026
176.406,-0.056,-0.205,0.155
176.426,0.134,-0.742,0.024
176.446,-0.054,-0.85,0.31
176.466,-0.236,-0.888,0.038
176.486,0.057,-0.666,0.098
176.506,-0.404,-0.465,0.062
176.526,-0.345,-0.529,0.169
176.546,-0.063,-0.898,0.191
176.566,-0.028,-0.907,0.346
176.586,-0.396,-0.493,0.312
176.606,-0.237,-0.323,0.086
176.626,-0.293,-0.773,0.062
176.646,-0.279,-0.493,0.026
176.666,-0.007,-1.02,0.275
176.686,-0.047,-0.889,0.132
176.706,-0.19,-0.928,0.587
176.726,-0.287,-0.674,0.075
176.746,-0.434,-0.78,0.378
176.766,0.122,-0.679,0.374
176.786,-0.052,-0.498,0.361
176.806,-0.303,-0.856,-0.021
176.826,-0.031,-0.702,0.023
176.846,-0.195,-1.004,0.004
176.866,-0.241,-0.505,0.334
176.886,-0.094,-0.522,-0.024
176.906,-0.318,-0.673,-0.053
176.926,-0.247,-0.716,0.217
176.946,-0.167,-0.844,-0.199
176.966,-0.276,-1.028,0.23
176.986,-0.032,-0.67,-0.147
177.006,0.238,-0.575,-0.007
177.026,-0.302,-0.33,0.306
177.046,-0.483,-0.798,-0.032
177.066,-0.565,-0.669,0.136
177.086,-0.178,-0.497,0.312
177.106,-0.299,-0.478,-0.159
177.126,-0.135,-0.829,0.105
177.146,-0.147,-0.747,0.193
177.166,-0.493,-0.781,-0.223
177.186,-0.535,-0.856,-0.146
177.206,-0.109,-0.363,0.386
177.226,-0.13,-0.657,-0.162
177.246,-0.238,-0.678,-0.002
177.266,-0.489,-0.615,-0.344
177.286,-0.071,-0.647,-0.106
177.306,0.092,-0.698,0.214
177.326,-0.102,-0.796,0.252
177.346,-0.321,-0.33,0.223
177.366,-0.146,-0.741,0.061
177.386,-0.445,-0.81,-0.15
177.406,0.046,-0.644,0.153
177.426,-0.155,-0.194,-0.025
177.446,-0.523,-0.796,-0.262
177.466,-0.229,-0.502,0.064
177.486,-0.09,-0.695,0.318
177.506,-0.249,-0.585,0.286
177.526,-0.234,-0.448,0.291
177.546,-0.416,-0.969,0.104
177.566,-0.076,-0.798,-0.142
177.586,-0.335,-0.453,0.164
177.606,-0.642,-0.611,0.068
177.626,-0.288,-0.594,-0.008
177.646,-0.035,-0.492,0.195
177.666,-0.315,-0.806,0.155
177.686,0.097,-0.425,-0.059
177.706,-0.176,-0.468,-0.072
177.726,-0.194,-0.593,-0.15
177.746,-0.293,-0.528,0.128
177.766,-0.293,-0.396,0.257
177.786,-0.324,-0.737,-0.039
177.806,-0.339,-0.492,-0.142
177.826,-0.159,-0.273,0.172
177.846,-0.471,-0.486,0.397
177.866,-0.493,-0.674,0.486
177.886,-0.502,-0.148,0.379
177.906,0.128,-0.549,0.064
177.926,-0.177,-0.292,-0.113
177.946,-0.223,-0.664,0.203
177.966,-0.494,-0.37,0.073
177.986,-0.145,-0.71,0.036
178.006,-0.294,-0.541,0.467
178.026,-0.216,-0.737,0.371
178.046,-0.457,-0.227,0.205
178.066,-0.229,-0.633,0.061
178.086,-0.348,-0.827,0.083
178.106,-0.434,-0.571,-0.22
178.126,-0.142,-0.489,0.294
178.146,-0.581,-0.601,0.33
178.166,-0.169,-0.752,-0.091
178.186,-0.137,-0.367,-0.053
178.206,-0.472,-0.314,0.27
178.226,-0.464,-0.892,0.007
178.246,-0.34,-0.739,0.289
178.266,-0.24,-0.583,-0.104
178.286,-0.323,-0.671,-0.024
178.306,-0.231,-0.465,0.139
178.326,0.025,-0.203,-0.022
178.346,-0.436,-0.65,-0.056
178.366,-0.687,-0.259,-0.066
178.386,-0.18,-0.854,0.14
178.406,-0.027,-0.469,0.186
178.426,-0.289,-0.685,0.101
178.446,-0.565,-0.462,-0.126
178.466,-0.376,-0.901,0.295
178.486,-0.592,-0.802,0.072
178.506,-0.229,-0.442,0.225
178.526,-0.634,-0.663,-0.238
178.546,-0.439,-0.603,0.246
178.566,-0.582,-0.177,-0.069
178.586,-0.362,-0.536,-0.07
178.606,-0.459,-0.393,0.09
178.626,-0.35,-0.708,-0.389
178.646,-0.376,-0.818,0.082
178.666,-0.576,-0.566,-0.04
178.686,-0.231,-0.845,0.295
178.706,-0.373,-0.699,0.063
178.726,-0.575,-0.497,-0.197
178.746,0.062,-0.552,-0.152
178.766,-0.28,-0.468,-0.475
178.786,-0.423,-0.411,0.515
178.806,-0.1,-0.778,-0.48
178.826,0.007,-0.722,-0.076
178.846,-0.377,-0.961,0.189
178.866,-0.283,-0.601,0.314
178.886,-0.543,-0.375,0.383
178.906,-0.366,-0.232,0.012
178.926,-0.381,-0.479,0.134
178.946,-0.315,-0.234,-0.033
178.966,-0.286,-0.446,-0.299
178.986,-0.232,-0.499,-0.207
179.006,-0.283,-0.632,-0.337
179.026,-0.572,-0.987,0.056
179.046,-0.52,-0.264,-0.081
179.066,-0.443,-0.52,-0.046
179.086,-0.371,-0.243,0.119
179.106,-0.102,-0.701,0.023
179.126,-0.538,-0.026,0.096
179.146,-0.365,-0.558,0.335
179.166,-0.106,-0.641,-0.191
179.186,-0.363,-0.555,-0.414
179.206,-0.209,-0.485,-0.174
179.226,-0.336,-0.534,-0.084
179.246,-0.262,-0.608,0.038
179.266,-0.38,-0.875,0.1
179.286,-0.191,-0.669,-0.247
179.306,-0.642,-0.295,-0.28
179.326,-0.393,-0.693,0.225
179.346,-0.271,-0.866,0.003
179.366,-0.237,-0.727,0.014
179.386,-0.063,-0.531,0.006
179.406,-0.462,-0.673,-0.021
179.426,-0.072,-0.576,-0.095
179.446,-0.492,-0.689,-0.196
179.466,-0.093,-0.309,-0.166
179.486,-0.181,-0.421,0.388
179.506,-0.536,-0.077,0.319
179.526,-0.302,-0.604,0.14
179.546,-0.373,-0.582,-0.062
179.566,-0.243,-0.275,0.059
179.586,-0.4,-0.434,-0.346
179.606,-0.386,-0.709,0.139
179.626,-0.04,-0.402,-0.124
179.646,-0.33,-0.433,-0.085
179.666,-0.145,-0.871,-0.076
179.686,-0.338,-0.657,-0.128
179.706,0.041,-0.478,0.06
179.726,-0.422,-0.21,0.232
179.746,-0.42,-0.364,0.078
179.766,0.003,-0.618,-0.083
179.786,-0.386,-0.644,-0.302
179.806,0.035,-0.337,-0.087
179.826,-0.108,-0.989,-0.098
179.846,-0.313,-0.661,0.081
179.866,-0.655,-0.212,-0.21
179.886,-0.292,-0.431,-0.261
179.906,-0.257,-0.648,-0.023
179.926,-0.043,-0.716,0.095
179.946,0.04,-0.319,-0.063
179.966,-0.42,-0.473,0.096
179.986,-0.127,-0.533,-0.35
180.006,-0.12,-0.425,-0.013
180.026,-0.064,-0.46,-0.36
180.046,-0.179,-0.471,0.436
180.066,-0.677,-0.737,0.182
180.086,-0.32,-0.684,-0.011
180.106,-0.51,-0.324,-0.407
180.126,-0.331,-0.361,-0.368
180.146,-0.104,-0.401,0.301
180.166,-0.224,-0.58,-0.316
180.186,-0.06,-0.313,0.017
180.206,-0.213,-0.529,0.299
180.226,-0.546,-0.201,-0.036
180.246,-0.798,-0.596,-0.314
180.266,-0.242,-0.553,-0.432
180.286,-0.316,-0.488,0.002
180.306,-0.462,-0.269,-0.306
180.326,-0.608,-0.441,-0.063
180.346,-0.417,-0.417,-0.295
180.366,-0.296,-0.512,-0.193
180.386,-0.128,-0.382,-0.187
180.406,-0.233,-0.455,-0.133
180.426,0.048,-0.6,-0.222
180.446,-0.48,-0.424,-0.021
180.466,-0.101,-0.42,0.144
180.486,-0.274,0.013,-0.123
180.506,-0.158,-0.566,0.007
180.526,-0.389,-0.628,-0.233
180.546,-0.102,-0.395,-0.374
180.566,-0.267,-0.65,-0.001
180.586,-0.454,-0.656,0.1
180.606,-0.31,-0.72,-0.449
180.626,-0.355,-0.576,-0.095
180.646,-0.224,-0.569,0.006
180.666,-0.563,-0.657,-0.017
180.686,-0.322,-0.473,-0.206
180.706,-0.232,-0.895,-0.068
180.726,-0.316,-0.311,0.113
180.746,-0.045,-0.527,-0.244
180.766,-0.164,-0.496,0.257
180.786,-0.326,-0.323,-0.327
180.806,-0.278,-0.382,0.135
180.826,-0.263,-0.59,-0.039
180.846,-0.224,-0.365,-0.156
180.866,-0.663,-0.144,-0.428
180.886,-0.359,-0.664,0.17
180.906,-0.589,-0.313,-0.245
180.926,-0.046,-0.675,-0.074
180.946,-0.298,-0.217,0.029
180.966,-0.321,-0.59,0.402
180.986,-0.08,-0.58,-0.143
181.006,-0.182,-0.221,-0.061
181.026,-0.513,-0.321,0.003
181.046,-0.304,-0.603,-0.052
181.066,-0.378,-0.424,-0.237
181.086,-0.637,-0.595,0.213
181.106,-0.427,-0.77,-0.2
181.126,-0.338,-0.414,-0.007
181.146,-0.33,-0.517,-0.137
181.166,-0.62,-0.632,-0.199
181.186,-0.103,-0.175,0.138
181.206,-0.337,-0.629,-0.033
181.226,-0.304,-0.412,-0.537
181.246,-0.226,-0.23,-0.031
181.266,-0.46,-0.497,-0.2
181.286,-0.211,-0.595,-0.412
181.306,-0.39,-0.378,0.095
181.326,-0.493,-0.358,-0.249
181.346,-0.176,-0.275,-0.048
181.366,0.017,-0.072,0.084
181.386,-0.132,-0.529,-0.141
181.406,-0.095,-0.397,-0.024
181.426,-0.391,-0.695,-0.205
181.446,-0.573,-0.308,0.15
181.466,0.053,-0.415,-0.105
181.486,0.166,-0.485,0.028
181.506,0.061,-0.555,0.221
181.526,-0.323,-0.51,-0.448
181.546,-0.471,-0.394,-0.217
181.566,-0.451,-0.642,-0.125
181.586,-0.569,-0.51,-0.069
181.606,-0.266,-0.458,0.024
181.626,0.082,-0.762,0.136
181.646,-0.267,-0.656,-0.27
181.666,-0.175,-0.609,-0.174
181.686,0.037,-0.141,0.097
181.706,-0.32,-0.62,-0.068
181.726,0.173,-0.458,-0.483
181.746,0.155,-0.663,-0.484
181.766,-0.28,-0.607,-0.233
181.786,-0.387,-0.742,-0.011
181.806,-0.13,-0.317,-0.001
181.826,-0.335,-0.723,-0.288
181.846,-0.507,-0.265,0.027
181.866,-0.032,-0.365,-0.067
181.886,-0.046,-0.465,-0.345
181.906,-0.251,-0.259,-0.241
181.926,-0.552,0.172,-0.495
181.946,-0.55,-0.355,-0.339
181.966,-0.271,-0.683,-0.481
181.986,-0.4,-0.171,-0.418
182.006,-0.375,-0.43,0.227
182.026,-0.095,-0.027,-0.179
182.046,-0.154,-0.568,-0.459
182.066,-0.021,-0.208,-0.023
182.086,-0.487,-0.467,-0.043
182.106,-0.342,0.081,-0.051
182.126,-0.11,-0.522,-0.267
182.146,-0.154,0.133,0.028
182.166,0.082,-0.377,-0.322
182.186,-0.134,-0.314,0.065
182.206,0.153,-0.122,0.085
182.226,-0.111,-0.613,-0.112
182.246,-0.013,-0.255,-0.374
182.266,-0.308,-0.496,0.086
182.286,-0.245,-0.418,-0.189
182.306,-0.054,-0.425,-0.018
182.326,0.078,-0.33,0.06
182.346,-0.084,-0.354,-0.255
182.366,-0.247,-0.565,0.345
182.386,0.056,-0.45,-0.098
182.406,-0.647,-0.937,-0.228
182.426,-0.5,-0.269,0.104
182.446,-0.061,-0.106,0.209
182.466,-0.176,-0.418,-0.502
182.486,-0.052,-0.779,-0.377
182.506,-0.182,-0.309,-0.26
182.526,-0.09,-0.605,0.304
182.546,-0.382,-0.408,-0.222
182.566,-0.106,-0.309,0.173
182.586,-0.028,-0.332,-0.075
182.606,0.022,-0.22,-0.412
182.626,0.168,-0.399,0.057
182.646,-0.21,-0.39,-0.065
182.666,-0.194,-0.281,-0.303
182.686,-0.543,-0.418,-0.264
182.706,-0.368,-0.548,-0.364
182.726,-0.305,-0.327,-0.284
182.746,-0.061,-0.643,-0.013
182.766,-0.399,-0.437,-0.332
182.786,-0.105,-0.67,-0.122
182.806,-0.263,-0.515,-0.065
182.826,-0.316,-0.512,-0.152
182.846,-0.223,-0.605,-0.469
182.866,-0.35,-0.173,-0.013
182.886,-0.357,-0.201,-0.396
182.906,-0.606,-0.132,-0.259
182.926,-0.333,-0.423,-0.222
182.946,-0.38,-0.468,-0.136
182.966,-0.382,-0.228,-0.111
182.986,-0.201,-0.37,0.027
183.006,-0.158,-0.374,-0.182
183.026,-0.247,-0.903,-0.357
183.046,-0.086,-0.233,0.087
183.066,-0.181,-0.263,-0.227
183.086,-0.357,-0.4,-0.193
183.106,-0.395,-0.244,-0.362
183.126,-0.226,-0.29,-0.334
183.146,-0.173,-0.543,0.134
183.166,-0.008,-0.456,-0.439
183.186,-0.07,-0.623,-0.404
183.206,-0.43,-0.131,-0.228
183.226,-0.335,-0.226,-0.078
183.246,-0.183,-0.58,-0.334
183.266,-0.097,-0.297,-0.45
183.286,-0.115,-0.365,-0.367
183.306,-0.304,-0.571,-0.226
183.326,-0.553,-0.412,-0.344
183.346,-0.484,-0.265,0.322
183.366,-0.227,-0.233,0.25
183.386,-0.208,0.056,0.083
183.406,-0.515,-0.388,-0.067
183.426,-0.28,-0.468,-0.074
183.446,-0.171,-0.304,0.129
183.466,-0.526,-0.459,-0.115
183.486,-0.057,-0.564,-0.296
183.506,-0.349,-0.622,0.303
183.526,-0.02,-1.116,-0.01
183.546,-0.374,-0.291,0.173
183.566,-0.48,-0.761,0.237
183.586,-0.382,-0.609,-0.465
183.606,-0.303,-0.38,-0.27
183.626,-0.361,-0.497,-0.116
183.646,-0.313,0.009,0.042
183.666,-0.212,-0.728,0.134
183.686,-0.326,0.013,-0.069
183.706,-0.298,-0.146,0.217
183.726,-0.633,-0.224,0.09
183.746,-0.229,-0.101,0.081
183.766,-0.331,-0.299,-0.096
183.786,-0.001,-0.731,0.023
183.806,-0.527,-0.301,0.01
183.826,-0.696,-0.687,0.133
183.846,-0.205,-0.492,-0.312
183.866,-0.262,-0.396,0.099
183.886,-0.515,-0.577,-0.347
183.906,-0.622,-0.2,-0.198
183.926,-0.002,-0.422,0.094
183.946,-0.042,-0.311,-0.197
183.966,-0.834,-0.388,-0.017
183.986,-0.417,-0.369,-0.21
184.006,0.019,-0.577,0.083
184.026,-0.411,-0.632,-0.033
184.046,-0.408,-0.422,-0.035
184.066,-0.363,-0.59,0.185
184.086,-0.525,-0.098,0.051
184.106,-0.652,-0.643,0.065
184.126,-0.075,0.104,0.182
184.146,-0.621,-0.309,0.208
184.166,-0.209,-0.345,-0.216
184.186,-0.083,-0.483,0.131
184.206,-0.543,-0.256,0.071
184.226,-0.428,-0.432,0.257
184.246,-0.005,-0.334,-0.275
184.266,-0.134,-0.235,-0.16
184.286,-0.366,-0.26,-0.063
184.306,-0.013,-0.158,0.257
184.326,-0.015,-0.282,-0.063
184.346,-0.2,-0.575,-0.023
184.366,-0.43,-0.8,-0.157
184.386,-0.34,-0.342,0.132
184.406,-0.203,-0.349,0.119
184.426,-0.29,0.007,-0.121
184.446,-0.058,-0.425,-0.203
184.466,-0.552,-0.328,0.159
184.486,-0.546,-0.248,0.111
184.506,-0.199,-0.298,-0.116
184.526,-0.321,-0.228,0.144
184.546,-0.353,-0.577,0.132
184.566,-0.61,-0.613,0.248
184.586,-0.269,-0.479,0.178
184.606,-0.298,-0.846,-0.037
184.626,-0.158,-0.422,-0.128
184.646,-0.269,-0.545,0.433
184.666,-0.302,-0.341,-0.075
184.686,-0.05,-0.478,-0.348
184.706,-0.553,-0.649,-0.227
184.726,-0.185,-0.185,-0.388
184.746,-0.627,-0.426,0.267
184.766,-0.466,-0.267,0.394
184.786,-0.515,-0.414,0.079
184.806,-0.113,-0.354,-0.301
184.826,-0.293,-0.726,0.249
184.846,-0.283,-0.202,0.095
184.866,-0.506,-0.268,0.23
184.886,-0.347,-0.44,0.095
184.906,-0.449,-0.369,-0.301
184.926,-0.228,-0.235,0.089
184.946,-0.522,-0.492,-0.361
184.966,-0.06,-0.737,-0.206
184.986,-0.661,-0.484,0.166
185.006,-0.493,-0.368,0.155
185.026,0.012,-0.414,-0.21
185.046,-0.41,-0.152,-0.238
185.066,-0.586,-0.597,-0.007
185.086,-0.277,-0.566,0.377
185.106,-0.416,-0.606,0.076
185.126,-0.488,-0.309,0.431
185.146,-0.554,-0.706,-0.081
185.166,0.231,-0.264,0.137
185.186,-0.387,-0.592,-0.089
185.206,-0.713,-0.57,-0.203
185.226,-0.025,-0.056,-0.217
185.246,-0.207,-0.164,0.071
185.266,-0.479,-0.388,0.262
185.286,-0.515,-0.675,-0.071
185.306,-0.184,-0.017,0.281
185.326,-0.375,-0.453,0.364
185.346,-0.711,-0.365,0.18
185.366,0.024,-0.233,0.068
185.386,-0.43,-0.818,-0.126
185.406,-0.045,-0.556,0.268
185.426,-0.075,-0.44,-0.233
185.446,-0.526,-0.396,0.118
185.466,-0.12,-0.682,-0.265
185.486,-0.458,-0.356,-0.222
185.506,-0.717,-0.418,-0.034
185.526,-0.437,-0.094,0.137
185.546,-0.281,-0.224,0.201
185.566,-0.451,-0.467,0.004
185.586,-0.41,-0.432,-0.085
185.606,-0.122,-0.179,-0.172
185.626,-0.327,-0.316,0.112
185.646,-0.517,-0.633,0.101
185.666,-0.206,0.065,0.01
185.686,-0.307,-0.547,0.044
185.706,-0.847,0.144,0.294
185.726,-0.264,-0.268,0.154
185.746,-0.262,-0.479,-0.326
185.766,-0.347,-0.827,0.128
185.786,-0.189,-0.207,0.232
185.806,-0.5,-0.672,-0.203
185.826,-0.299,-0.293,0.156
185.846,-0.683,0.012,0.566
185.866,-0.292,-0.588,0.083
185.886,0.024,-0.222,-0.076
185.906,-0.574,-0.527,-0.063
185.926,-0.537,-0.136,-0.038
185.946,-0.522,-0.361,-0.383
185.966,-0.346,-0.375,-0.391
185.986,-0.592,-0.125,-0.029
186.006,-0.283,-0.243,-0.084
186.026,-0.2,-0.529,0.074
186.046,-0.267,-0.017,-0.11
186.066,-0.725,-0.655,-0.034
186.086,-0.172,-0.294,0.109
186.106,-0.175,-0.509,-0.539
186.126,-0.173,-0.645,-0.269
186.146,-0.275,-0.585,-0.179
186.166,-0.309,-0.368,-0.113
186.186,-0.15,-0.295,-0.353
186.206,0.048,-0.145,-0.243
186.226,-0.544,-0.064,0.086
186.246,-0.14,-0.302,0.042
186.266,-0.367,-0.466,-0.634
186.286,-0.365,-0.164,-0.117
186.306,-0.65,-0.485,-0.084
186.326,-0.387,-0.682,-0.231
186.346,-0.538,-0.166,-0.064
186.366,-0.436,-0.082,0.03
186.386,-0.58,-0.503,0.085
186.406,-0.442,0.054,-0.043
186.426,-0.443,-0.227,0.077
186.446,-0.344,-0.272,-0.046
186.466,-0.672,-0.467,-0.498
186.486,-0.647,-0.158,-0.067
186.506,-0.274,-0.672,-0.285
186.526,-0.496,-0.439,-0.033
186.546,-0.122,-0.518,-0.112
186.566,-0.293,-0.636,-0.109
186.586,-0.223,-0.196,-0.251
186.606,-0.063,-0.29,-0.164
186.626,-0.413,-0.191,-0.026
186.646,-0.45,-0.409,-0.256
186.666,-0.159,-0.168,-0.193
186.686,-0.222,-0.359,-0.409
186.706,-0.368,-0.458,0.0
186.726,-0.039,-0.49,-0.3
186.746,-0.351,-0.768,-0.033
186.766,-0.297,-0.151,0.093
186.786,-0.293,-0.196,0.206
186.806,-0.484,0.176,-0.119
186.826,-0.274,-0.464,0.076
186.846,-0.003,-0.521,-0.045
186.866,-0.187,-0.726,-0.424
186.886,-0.264,-0.18,-0.342
186.906,-0.3,-0.218,0.114
186.926,-0.217,-0.066,0.177
186.946,-0.135,-0.544,-0.477
186.966,-0.171,-0.22,0.013
186.986,-0.372,-0.477,-0.016
187.006,-0.237,-0.107,-0.218
187.026,-0.19,-0.268,-0.234
187.046,-0.51,-0.685,-0.286
187.066,-0.284,-0.399,-0.458
187.086,-0.75,-0.761,-0.302
187.106,-0.216,-0.609,0.059
187.126,-0.184,-0.598,-0.156
187.146,-0.161,-0.498,0.066
187.166,-0.377,-0.425,-0.477
187.186,-0.234,-0.337,0.005
187.206,-0.007,-0.367,0.062
187.226,-0.024,-0.399,-0.631
187.246,-0.335,-0.31,-0.217
187.266,-0.308,-0.623,-0.027
187.286,-0.113,-0.38,0.169
187.306,-0.633,-0.11,-0.356
187.326,-0.395,-0.428,0.198
187.346,-0.069,-0.288,0.003
187.366,-0.137,-0.293,-0.285
187.386,-0.259,-0.183,0.114
187.406,-0.633,-0.294,0.358
187.426,-0.34,-0.184,-0.167
187.446,-0.454,-0.251,-0.194
187.466,-0.274,-0.219,-0.315
187.486,-0.483,-0.277,0.244
187.506,-0.518,-0.575,-0.265
187.526,-0.729,-0.608,-0.313
187.546,-0.07,-0.441,-0.243
187.566,-0.398,-0.056,-0.24
187.586,-0.285,-0.402,-0.237
187.606,-0.315,-0.315,-0.283
187.626,-0.534,-0.78,-0.267
187.646,-0.569,-0.342,-0.089
187.666,-0.516,-0.365,0.149
187.686,-0.465,-0.913,-0.338
187.706,-0.239,-0.331,-0.4
187.726,-0.478,-0.706,-0.077
187.746,0.021,-0.513,-0.035
187.766,-0.115,-0.178,0.164
187.786,-0.168,-0.356,0.132
187.806,-0.348,-0.478,-0.454
187.826,-0.004,-0.512,-0.545
187.846,-0.339,-0.468,-0.013
187.866,-0.307,-0.362,-0.026
187.886,-0.273,-0.626,0.159
187.906,-0.158,-0.155,-0.052
187.926,-0.168,-0.587,-0.228
187.946,-0.407,-0.712,0.1
187.966,-0.412,-0.161,-0.302
187.986,-0.18,-0.457,0.315
188.006,-0.163,-0.358,-0.038
188.026,-0.383,-0.265,-0.229
188.046,-0.619,-0.54,-0.279
188.066,-0.322,-0.379,-0.055
188.086,-0.14,-0.304,-0.103
188.106,0.082,-0.113,-0.105
188.126,-0.514,-0.545,-0.346
188.146,-0.375,-0.536,-0.123
188.166,-0.354,-0.333,0.062
188.186,0.006,-0.406,-0.255
188.206,-0.279,-0.46,-0.058
188.226,-0.455,-0.126,0.105
188.246,-0.153,-0.779,-0.01
188.266,-0.348,-0.73,-0.38
188.286,-0.517,-0.79,-0.077
188.306,-0.45,-0.216,0.156
188.326,0.089,-0.344,-0.048
188.346,-0.196,-0.717,0.074
188.366,-0.26,-0.46,0.032
188.386,-0.338,-0.443,-0.379
188.406,-0.211,-0.881,0.225
188.426,-0.199,-0.413,0.115
188.446,-0.206,-0.676,-0.197
188.466,-0.242,-0.302,0.1
188.486,-0.083,-0.673,-0.181
188.506,-0.244,-0.406,-0.18
188.526,-0.443,-0.171,-0.347
188.546,-0.369,-0.225,-0.378
188.566,-0.623,-0.316,-0.131
188.586,0.177,-0.435,-0.209
188.606,-0.072,-0.719,-0.45
188.626,-0.408,-0.499,-0.065
188.646,-0.296,-0.459,-0.041
188.666,-0.368,-0.464,-0.076
188.686,0.056,-0.718,-0.082
188.706,-0.533,-0.316,-0.068
188.726,-0.236,-0.639,-0.116
188.746,-0.281,-0.11,-0.067
188.766,-0.098,-0.369,-0.029
188.786,-0.274,-0.209,-0.256
188.806,-0.621,-0.214,-0.403
188.826,-0.331,0.005,-0.084
188.846,-0.475,-0.389,-0.119
188.866,-0.264,-0.508,-0.071
188.886,0.004,-0.515,0.074
188.906,-0.627,-0.13,-0.167
188.926,-0.437,-0.707,-0.192
188.946,-0.379,-0.619,-0.06
188.966,-0.343,-0.393,-0.357
188.986,-0.101,-0.484,-0.135
189.006,-0.295,-0.259,-0.16
189.026,-0.161,-0.733,0.049
189.046,-0.369,-0.488,-0.234
189.066,-0.216,-0.521,-0.113
189.086,-0.13,-0.688,-0.154
189.106,-0.438,-0.29,-0.62
189.126,-0.129,-0.501,-0.23
189.146,-0.265,-0.51,-0.126
189.166,-0.076,-0.646,-0.322
189.186,-0.331,-0.549,-0.152
189.206,-0.203,-0.668,0.138
189.226,-0.303,-0.276,0.067
189.246,-0.322,-0.24,-0.483
189.266,-0.244,-0.086,0.037
189.286,-0.196,-0.346,-0.003
189.306,-0.55,-0.5,-0.132
189.326,-0.017,-0.525,-0.574
189.346,-0.681,-0.346,0.049
189.366,-0.456,-0.401,-0.21
189.386,-0.343,-0.49,-0.097
189.406,-0.219,-0.492,-0.334
189.426,0.007,-0.226,-0.303
189.446,-0.677,-0.563,0.014
189.466,-0.403,-0.209,0.157
189.486,-0.7,-0.457,-0.244
189.506,-0.253,-0.588,0.145
189.526,-0.222,-0.67,-0.239
189.546,0.048,-0.56,-0.246
189.566,-0.238,-0.431,-0.435
189.586,-0.041,-0.614,-0.065
189.606,-0.148,-0.358,-0.188
189.626,-0.352,-0.613,-0.185
189.646,-0.551,-0.552,-0.24
189.666,-0.21,-0.789,-0.374
189.686,-0.567,-0.419,-0.058
189.706,-0.013,-0.585,-0.204
189.726,-0.319,-0.23,-0.042
189.746,-0.04,-0.419,-0.395
189.766,-0.376,-0.554,-0.161
189.786,-0.229,-0.334,0.213
189.806,-0.244,-0.504,-0.349
189.826,-0.299,-0.39,-0.291
189.846,-0.368,-0.765,-0.298
189.866,-0.198,-0.503,-0.395
189.886,-0.482,-0.494,0.128
189.906,-0.553,-0.908,-0.664
189.926,-0.081,-0.303,-0.441
189.946,-0.209,-0.832,-0.1
189.966,-0.33,-0.848,-0.336
189.986,-0.003,-1.161,-0.201
190.006,-0.374,-0.504,-0.195
190.026,-0.059,-0.912,-0.084
190.046,-0.279,-0.691,-0.172
190.066,-0.514,-0.418,-0.259
190.086,0.041,-0.541,-0.147
190.106,-0.12,-0.711,-0.218
190.126,-0.347,-0.925,0.159
190.146,-0.173,-0.631,-0.295
190.166,-0.404,-0.44,-0.069
190.186,-0.173,-0.479,0.006
190.206,-0.813,-0.269,-0.439
190.226,-0.523,-0.761,-0.402
190.246,-0.135,-0.906,0.197
190.266,-0.379,-0.58,-0.334
190.286,-0.275,-0.596,-0.174
190.306,-0.611,-0.639,-0.204
190.326,0.018,-0.809,-0.171
190.346,-0.114,-1.203,-0.244
190.366,-0.397,-0.874,-0.144
190.386,-0.444,-0.555,-0.317
190.406,-0.17,-0.613,-0.194
190.426,0.022,-0.463,-0.553
190.446,-0.193,-0.582,-0.187
190.466,0.038,-0.501,-0.102
190.486,-0.593,-0.493,0.017
190.506,-0.56,-0.642,0.057
190.526,-0.642,-0.642,-0.255
190.546,-0.311,-1.228,-0.001
190.566,-0.371,-0.762,-0.388
190.586,-0.453,-0.748,-0.261
190.606,-0.268,-0.66,0.16
190.626,-0.19,-0.826,-0.126
190.646,-0.741,-0.465,-0.128
190.666,-0.554,-0.835,-0.216
190.686,-0.283,-0.454,0.191
190.706,-0.527,-0.842,-0.077
190.726,-0.578,-0.774,0.108
190.746,-0.215,-0.785,-0.306
190.766,-0.673,-0.752,-0.377
190.786,-0.484,-0.416,-0.337
190.806,-0.373,-0.714,-0.056
190.826,-0.554,-0.696,0.147
190.846,-0.287,-0.785,-0.025
190.866,-0.541,-0.695,0.018
190.886,-0.122,-0.608,-0.133
190.906,-0.437,-0.705,-0.421
190.926,-0.276,-0.698,0.234
190.946,-0.253,-0.435,-0.039
190.966,-0.523,-0.576,-0.071
190.986,-0.804,-0.864,-0.008
191.006,-0.309,-0.637,-0.525
191.026,-0.352,-0.733,-0.27
191.046,-0.252,-0.508,-0.053
191.066,-0.386,-0.589,-0.214
191.086,-0.419,-0.37,-0.215
191.106,0.062,-0.74,0.048
191.126,-0.624,-0.64,-0.173
191.146,-0.19,-0.812,0.298
191.166,-0.45,-0.601,-0.173
191.186,-0.394,-0.89,0.0
191.206,-0.397,-0.521,-0.063
191.226,-0.486,-0.595,-0.266
191.246,-0.209,-0.542,-0.359
191.266,-0.057,-0.408,-0.144
191.286,-0.259,-0.516,0.214
191.306,-0.349,-0.818,-0.227
191.326,-0.571,-0.678,-0.041
191.346,-0.276,-0.581,-0.184
191.366,0.069,-0.634,-0.096
191.386,-0.441,-0.621,0.089
191.406,-0.446,-0.244,-0.118
191.426,-0.481,-0.557,-0.28
191.446,-0.466,-0.491,0.167
191.466,-0.923,-0.976,-0.269
191.486,-0.293,-0.421,-0.002
191.506,-0.545,-0.017,-0.43
191.526,-0.703,-0.313,0.128
191.546,-0.235,-0.668,0.387
191.566,-0.597,-0.118,-0.146
191.586,-0.454,-0.578,-0.337
191.606,-0.108,-0.499,0.034
191.626,-0.685,-0.633,-0.094
191.646,-0.71,-0.637,0.308
191.666,-0.357,-1.036,-0.237
191.686,-0.156,-0.418,-0.397
191.706,-0.694,-0.643,-0.056
191.726,-0.3,-0.624,-0.013
191.746,-0.272,-0.533,-0.291
191.766,-0.813,-0.673,0.07
191.786,-0.254,-0.541,-0.105
191.806,-0.241,-0.341,-0.178
191.826,-0.47,-0.512,-0.015
191.846,-0.149,-0.614,-0.16
191.866,-0.169,-0.615,-0.251
191.886,-0.369,-0.569,-0.429
191.906,-0.477,-0.77,-0.241
191.926,-0.576,-0.571,0.38
191.946,-0.389,-0.487,-0.112
191.966,-0.275,-0.598,-0.313
191.986,-0.454,-0.718,0.146
192.006,-0.835,-0.697,-0.113
192.026,-0.139,-0.502,-0.039
192.046,-0.365,-0.864,-0.035
192.066,-0.479,-0.82,0.206
192.086,-0.215,-0.978,-0.359
192.106,-0.062,-0.655,0.203
192.126,-0.917,-0.488,0.069
192.146,-0.258,-0.399,-0.054
192.166,-0.639,-0.366,-0.245
192.186,-0.259,-0.809,-0.129
192.206,-0.329,-0.612,-0.055
192.226,-0.208,-0.749,0.305
192.246,-0.42,-0.322,0.223
192.266,-0.705,-0.375,-0.129
192.286,-0.418,-0.577,0.323
192.306,-0.238,-0.737,0.112
192.326,-0.102,-1.304,0.009
192.346,-0.542,-0.905,-0.15
192.366,-0.103,-0.984,-0.197
192.386,-0.435,-0.914,0.032
192.406,-0.244,-0.252,-0.006
192.426,-0.42,-0.879,-0.136
192.446,-0.275,-0.84,0.16
192.466,-0.137,-0.814,-0.027
192.486,-0.543,-0.105,0.016
192.506,-0.428,-0.639,0.174
192.526,-0.269,-0.434,0.118
192.546,0.169,-0.591,-0.381
192.566,-0.503,-1.023,0.096
192.586,0.076,-0.318,-0.033
192.606,0.059,-0.551,-0.142
192.626,-0.361,-0.661,-0.052
192.646,-0.403,-0.278,-0.117
192.666,-0.478,-0.684,-0.044
192.686,-0.339,-0.649,-0.06
192.706,-0.594,-0.682,0.08
192.726,-0.311,-0.392,-0.364
192.746,0.002,-0.437,-0.028
192.766,-0.422,-0.545,-0.076
192.786,-0.356,-0.801,0.374
192.806,-0.654,-0.659,-0.46
192.826,-0.235,-0.8,0.127
192.846,-0.27,-0.361,0.045
192.866,-0.314,-0.885,0.113
192.886,-0.383,-0.243,-0.134
192.906,-0.397,-0.301,0.014
192.926,-0.249,-0.745,-0.036
192.946,-0.369,-0.648,0.624
192.966,-0.301,-0.705,-0.146
192.986,-0.337,-0.486,-0.241
193.006,-0.152,-0.305,0.313
193.026,-0.247,-0.344,-0.017
193.046,-0.343,-0.652,0.04
193.066,-0.096,-0.299,0.163
193.086,-0.303,-0.309,-0.038
193.106,-0.137,-0.585,-0.135
193.126,-0.259,-0.535,-0.031
193.146,-0.753,-0.209,-0.232
193.166,-0.111,-0.303,-0.358
193.186,-0.335,-0.257,-0.217
193.206,-0.377,-0.005,-0.523
193.226,-0.303,-0.408,-0.108
193.246,-0.432,-0.449,-0.138
193.266,-0.32,-0.247,0.083
193.286,-0.476,-0.125,-0.014
193.306,-0.118,-0.634,-0.071
193.326,-0.402,-0.549,0.191
193.346,-0.451,-0.706,-0.129
193.366,-0.551,-0.423,-0.26
193.386,-0.31,-0.308,-0.562
193.406,-0.333,-0.672,-0.027
193.426,-0.288,-0.25,-0.034
193.446,-0.575,-0.582,0.213
193.466,-0.667,-0.588,-0.218
193.486,-0.22,-0.251,0.109
193.506,-0.065,-0.595,-0.548
193.526,-0.572,-0.751,-0.333
193.546,-0.058,-0.319,0.005
193.566,-0.333,-0.483,0.073
193.586,-0.403,-0.233,-0.398
193.606,-0.483,-0.33,-0.211
193.626,-0.688,-0.835,-0.039
193.646,-0.211,-0.223,-0.08
193.666,-0.561,-0.126,0.034
193.686,-0.564,-0.305,0.101
193.706,-0.21,-0.293,-0.323
193.726,-0.767,-0.558,0.015
193.746,-0.68,-0.603,-0.241
193.766,-0.377,-0.461,-0.035
193.786,-0.313,-0.327,-0.195
193.806,-0.27,-0.346,0.116
193.826,-0.423,-0.604,0.049
193.846,0.148,-0.611,-0.267
193.866,-0.42,-0.8,-0.411
193.886,-0.42,-0.396,0.156
193.906,-0.525,-0.605,-0.208
193.926,-0.343,-0.599,-0.188
193.946,-0.254,-0.197,0.082
193.966,-0.137,-0.425,-0.286
193.986,-0.675,-0.464,-0.044
194.006,-0.44,-0.356,-0.084
194.026,-0.307,-0.262,-0.1
194.046,-0.272,-0.883,0.132
194.066,-0.384,-0.662,-0.009
194.086,-0.274,-0.602,0.109
194.106,-0.529,-0.748,-0.142
194.126,-0.054,-0.612,-0.248
194.146,-0.166,-0.86,0.115
194.166,-0.622,-0.362,-0.221
194.186,-0.568,-0.641,-0.072
194.206,-0.557,-0.516,0.003
194.226,-0.23,-0.541,-0.234
194.246,-0.618,-0.454,-0.23
194.266,-0.431,-1.049,-0.13
194.286,-0.274,-0.446,0.069
194.306,-0.364,-0.607,-0.004
194.326,-0.295,-0.464,-0.344
194.346,-0.556,-0.796,0.317
194.366,-0.228,-0.483,0.001
194.386,-0.472,-0.31,-0.162
194.406,-0.401,-0.526,-0.118
194.426,-0.284,-0.698,-0.135
194.446,-0.294,-0.679,-0.161
194.466,-0.319,-0.438,0.143
194.486,-0.489,-0.434,0.378
194.506,-0.401,-0.484,-0.193
194.526,-0.331,-0.564,-0.178
194.546,-0.604,-0.524,-0.118
194.566,-0.434,-0.572,-0.383
194.586,-0.268,-0.642,0.019
194.606,-0.595,-0.415,-0.061
194.626,-0.099,-0.499,-0.077
194.646,-0.083,-0.32,-0.482
194.666,-0.573,-0.344,-0.551
194.686,-0.046,-0.494,-0.158
194.706,-0.353,-0.442,0.035
194.726,-0.222,-0.772,-0.469
194.746,-0.41,-0.592,0.061
194.766,-0.13,-0.502,-0.179
194.786,-0.225,-0.901,-0.266
194.806,-0.471,-0.504,-0.095
194.826,-0.526,-0.78,-0.359
194.846,-0.574,-0.76,-0.602
194.866,-0.24,-0.688,0.153
194.886,-0.155,-0.583,-0.093
194.906,-0.144,-0.852,-0.22
194.926,-0.302,-0.406,-0.181
194.946,-0.523,-0.544,-0.221
194.966,-0.424,-0.204,-0.147
194.986,-0.036,-0.534,-0.087
195.007,-0.369,-0.474,0.063
195.027,-0.262,-0.773,-0.216
195.047,-0.499,-0.85,-0.289
195.067,-0.213,-0.473,-0.181
195.087,-0.366,-0.825,0.425
195.107,-0.069,-0.465,-0.045
195.127,-0.141,-0.266,0.021
195.147,-0.404,-0.416,-0.095
195.167,-0.35,-0.481,0.305
195.187,-0.425,-0.552,0.13
195.207,-0.593,-0.691,-0.259
195.227,-0.484,-0.626,-0.019
195.247,-0.284,-0.696,-0.128
195.267,-0.261,-0.839,0.014
195.287,-0.314,-0.57,0.139
195.307,-0.41,-0.356,-0.282
195.327,-0.14,-0.846,0.03
195.347,-0.312,-0.329,-0.203
195.367,-0.161,-0.358,0.253
195.387,-0.674,-0.54,0.154
195.407,-1.106,-0.544,-0.457
195.427,-0.275,-0.663,-0.286
195.447,-0.623,-0.626,-0.32
195.467,-0.381,-0.72,-0.07
195.487,-0.403,-0.621,-0.003
195.507,-0.036,-0.604,0.082
195.527,-0.279,-0.25,-0.145
195.547,-0.336,-0.51,-0.144
195.567,-0.199,-0.656,-0.008
195.587,-0.283,-0.639,0.578
195.607,-0.437,-0.753,-0.351
195.627,-0.129,-0.717,-0.43
195.647,-0.566,-0.418,-0.149
195.667,-0.294,-0.69,-0.18
195.687,-0.669,-0.707,-0.195
195.707,-0.317,-0.702,-0.065
195.727,-0.322,-0.726,-0.309
195.747,-0.037,-0.345,-0.196
195.767,-0.678,-0.552,-0.131
195.787,-0.493,-0.635,-0.12
195.807,-0.2,-0.593,-0.101
195.827,-0.289,-0.557,-0.103
195.847,-0.341,-0.774,-0.226
195.867,-0.56,-0.91,-0.113
195.887,-0.489,-0.382,-0.07
195.907,-0.138,-0.441,0.114
195.927,-0.404,-0.57,-0.393
195.947,-0.309,-0.472,-0.102
195.967,-0.407,-0.27,-0.073
195.987,-0.627,-0.768,-0.066
196.007,-0.202,-0.897,-0.038
196.027,-0.29,-0.544,-0.339
196.047,0.059,-0.985,-0.039
196.067,-0.618,-0.664,-0.046
196.087,-0.248,-0.73,0.028
196.107,-0.669,-0.529,-0.133
196.127,-0.379,-0.748,-0.193
196.147,-0.213,-0.398,0.106
196.167,-0.83,-0.781,-0.324
196.187,-0.438,-0.494,-0.364
196.207,-0.51,-0.766,-0.326
196.227,-0.556,-0.522,-0.005
196.247,-0.349,-0.834,-0.204
196.267,-0.205,-0.63,-0.101
196.287,-0.445,-0.359,0.208
196.307,-0.371,-0.605,-0.323
196.327,-0.396,-0.365,-0.425
196.347,-0.434,-0.62,0.078
196.367,-0.655,-0.712,-0.245
196.387,-0.222,-0.571,-0.314
196.407,-0.387,-0.469,-0.109
196.427,-0.368,-0.975,-0.126
196.447,-0.605,-0.482,-0.268
196.467,-0.537,-0.778,0.015
196.487,-0.502,-0.818,-0.258
196.507,-0.771,-0.469,-0.278
196.527,-0.798,-0.301,-0.478
196.547,-0.586,-0.522,-0.601
196.567,-0.375,-0.839,-0.06
196.587,-0.605,-0.715,-0.363
196.607,-0.681,-0.676,-0.137
196.627,-0.649,-0.56,0.285
196.647,-0.576,-0.615,-0.01
196.667,-0.545,-0.495,-0.101
196.687,-0.046,-0.394,-0.015
196.707,-0.271,-0.519,0.333
196.727,-0.28,-0.395,-0.475
196.747,-0.264,-0.634,-0.117
196.767,-0.698,0.094,0.204
196.787,-0.727,-0.483,-0.023
196.807,-0.721,-0.453,0.151
196.827,-0.235,-0.234,-0.211
196.847,-0.604,-0.562,-0.336
196.867,-0.756,-0.697,0.302
196.887,-0.59,-0.298,-0.082
196.907,-0.543,-0.277,0.073
196.927,-0.457,-0.541,0.09
196.947,-0.445,-0.226,0.174
196.967,-0.662,-0.598,-0.016
196.987,-0.363,-0.387,-0.013
197.007,-0.644,-0.262,0.014
197.027,-0.553,-0.554,-0.223
197.047,-0.402,-0.478,0.104
197.067,-0.689,-0.374,-0.209
197.087,-0.673,-0.646,0.127
197.107,-0.44,-0.727,0.08
197.127,-0.746,-0.285,-0.526
197.147,-0.65,-0.502,0.068
197.167,-0.475,-0.673,-0.057
197.187,-0.174,-0.58,0.185
197.207,-0.458,-0.488,0.246
197.227,-0.506,-0.891,-0.075
197.247,-0.495,-0.444,-0.03
197.267,-0.809,-0.513,-0.384
197.287,-0.583,-0.254,-0.17
197.307,-0.616,-0.631,0.186
197.327,-0.538,-0.3,-0.149
197.347,-0.582,-0.585,0.037
197.367,-0.52,-0.542,-0.166
197.387,-0.644,-0.521,-0.19
197.407,-0.556,-0.158,-0.061
197.427,-0.819,-0.851,-0.757
197.447,-0.648,-0.485,-0.095
197.467,-0.3,-0.57,-0.622
197.487,-0.515,-0.587,-0.178
197.507,-0.585,-0.469,-0.334
197.527,-0.182,-0.38,-0.408
197.547,-0.835,-0.505,0.129
197.567,-0.792,-0.361,0.053
197.587,-0.26,-0.658,-0.256
197.607,-0.604,-0.61,0.287
197.627,-0.665,-0.811,0.009
197.647,-0.848,-0.201,-0.231
197.667,-0.504,-0.642,-0.574
197.687,-0.484,-0.674,-0.203
197.707,-0.816,-0.499,-0.324
197.727,-0.63,-0.383,-0.285
197.747,-0.666,-0.735,-0.09
197.767,-0.555,-0.37,-0.296
197.787,-0.822,-0.675,0.089
197.807,-0.336,-0.352,-0.275
197.827,-0.391,-0.741,-0.384
197.847,-0.661,-0.489,-0.056
197.867,-0.629,-0.635,-0.181
197.887,-0.615,-0.854,0.006
197.907,-0.761,-0.889,-0.135
197.927,-0.694,-0.75,-0.44
197.947,-0.664,-0.4,-0.084
197.967,-0.292,-0.985,-0.321
197.987,-0.409,-0.53,-0.128
198.007,-0.427,-0.562,-0.279
198.027,-0.54,-0.955,-0.2
198.047,-0.836,-0.778,-0.163
198.067,-0.647,-0.77,-0.025
198.087,-0.444,-0.603,-0.282
198.107,-0.888,-0.304,-0.729
198.127,-0.5,-0.372,-0.368
198.147,-0.191,-0.659,-0.161
198.167,-0.444,-0.755,0.049
198.187,-0.378,-0.898,-0.134
198.207,-0.614,-0.656,0.014
198.227,-0.461,-0.759,-0.145
198.247,-0.795,-0.584,-0.131
198.267,-0.491,-0.567,-0.213
198.287,-0.52,-0.663,0.054
198.307,-0.592,-0.649,0.183
198.327,-0.405,-0.7,-0.337
198.347,-0.746,-0.672,-0.11
198.367,-0.669,-0.287,-0.387
198.387,-0.596,-0.474,0.193
198.407,-0.821,-0.483,-0.114
198.427,-0.564,-0.381,-0.153
198.447,-0.969,-0.405,-0.356
198.467,-0.399,-0.314,-0.162
198.487,-0.586,-0.478,-0.123
198.507,-0.709,-0.57,-0.319
198.527,-0.778,-0.73,-0.091
198.547,-0.659,-0.78,-0.288
198.567,-0.471,-0.449,-0.04
198.587,-0.501,-0.642,-0.326
198.607,-0.745,-0.898,-0.089
198.627,-0.77,-1.037,-0.142
198.647,-0.467,-0.186,-0.068
198.667,-0.743,-0.817,-0.084
198.687,-0.572,-0.74,-0.11
198.707,-0.551,-0.355,-0.296
198.727,-0.517,-0.845,-0.048
198.747,-0.399,-0.479,-0.097
198.767,-0.832,-0.225,-0.028
198.787,-0.967,-0.141,-0.163
198.807,-0.689,-0.647,-0.19
198.827,-0.21,-0.542,-0.367
198.847,-0.163,-0.607,-0.295
198.867,-0.196,-0.537,-0.258
198.887,-0.585,-0.269,0.041
198.907,-0.903,-0.793,-0.392
198.927,-1.015,-0.361,-0.415
198.947,-0.656,-0.527,-0.154
198.967,-0.583,-0.227,-0.284
198.987,-0.288,-0.233,-0.21
199.007,-0.368,-0.583,-0.204
199.027,-0.502,-0.53,-0.225
199.047,-0.725,-0.32,-0.257
199.067,-0.751,-0.306,-0.292
199.087,-0.505,-0.993,-0.17
199.107,-0.433,-0.328,-0.382
199.127,-0.507,-0.18,0.039
199.147,-0.789,-0.467,-0.253
199.167,-0.443,-0.312,0.021
199.187,-0.488,-0.254,-0.204
199.207,-0.773,-0.462,0.142
199.227,-0.712,-0.336,-0.052
199.247,-0.423,-0.499,-0.278
199.267,-0.594,-0.504,0.422
199.287,-0.224,-0.621,-0.162
199.307,-0.437,-0.439,-0.2
199.327,-0.62,-0.089,-0.192
199.347,-0.529,-0.635,-0.016
199.367,-0.508,-0.325,-0.393
199.387,-0.671,-0.405,-0.072
199.407,-0.708,-0.184,-0.452
199.427,-0.395,-0.14,-0.113
199.447,-0.364,-0.673,0.103
199.467,-0.404,-0.599,-0.247
199.487,-0.223,-0.58,0.038
199.507,-0.631,-0.564,-0.493
199.527,-0.21,-0.557,-0.298
199.547,-0.72,-0.402,-0.401
199.567,-0.756,-0.637,0.227
199.587,-0.895,-0.606,-0.25
199.607,-0.623,-0.62,-0.303
199.627,-0.643,-0.366,-0.223
199.647,-0.443,-0.494,-0.189
199.667,-0.485,-0.512,-0.288
199.687,-0.759,-0.625,-0.446
199.707,-0.595,-0.773,0.058
199.727,-0.596,-0.121,0.005
199.747,-0.895,-0.491,-0.149
199.767,-0.729,0.097,-0.155
199.787,-0.692,-0.304,-0.171
199.807,-0.245,-0.112,-0.305
199.827,-0.485,-0.283,-0.332
199.847,-0.393,-0.449,0.105
199.867,-0.823,-0.6,-0.091
199.887,-0.272,-0.692,-0.481
199.907,-0.253,-0.284,-0.291
199.927,-0.918,-0.437,-0.09
199.947,-0.655,-0.369,-0.123
199.967,-0.417,-0.333,-0.094
199.987,-0.386,-0.416,-0.489
200.007,-0.641,-0.57,-0.114
200.027,-0.578,-0.27,0.036
200.047,-0.63,-0.508,-0.473
200.067,-0.495,-0.463,0.185
200.087,-0.281,-0.333,-0.106
200.107,-0.674,-0.482,-0.147
200.127,-0.321,-0.824,-0.356
200.147,-0.694,-0.258,-0.301
200.167,-0.693,-0.205,-0.243
200.187,-0.349,-0.813,-0.455
200.207,-0.33,-0.659,-0.242
200.227,-0.334,-0.037,-0.346
200.247,-0.772,-0.404,-0.042
200.267,-0.612,-0.464,-0.793
200.287,-0.353,-0.555,-0.215
200.307,-0.521,-0.674,-0.366
200.327,-0.738,-0.511,-0.153
200.347,-0.439,-0.293,0.326
200.367,-0.689,-0.486,0.184
200.387,-0.224,-0.363,-0.243
200.407,-0.275,-0.142,-0.168
200.427,-0.46,-0.613,-0.282
200.447,-0.295,-0.443,-0.138
200.467,-0.572,-0.303,0.042
200.487,-0.422,-0.693,-0.368
200.507,-0.284,-0.466,0.208
200.527,-0.531,-0.129,0.096
200.547,-0.631,-0.592,0.077
200.567,-0.921,-0.319,-0.011
200.587,-0.617,-0.57,-0.279
200.607,-0.429,-0.18,0.116
200.627,-0.396,-0.868,-0.15
200.647,-0.475,-0.516,-0.425
200.667,-0.679,-0.826,-0.067
200.687,-0.968,-0.681,-0.301
200.707,-0.686,-0.681,-0.18
200.727,-0.644,-0.586,0.086
200.747,-0.645,-0.773,-0.084
200.767,-0.459,-0.542,-0.074
200.787,-0.181,-0.44,0.17
200.807,-0.554,-0.838,-0.523
200.827,-0.626,-0.659,0.151
200.847,-0.647,-0.032,-0.06
200.867,-0.57,-0.479,-0.101
200.887,-0.746,-0.907,-0.095
200.907,-0.567,-0.82,0.034
200.927,-0.491,-0.479,0.101
200.947,-0.532,-0.511,-0.153
200.967,-0.5,-0.64,-0.135
200.987,-0.498,-0.078,0.022
201.007,-0.939,0.016,-0.516
201.027,-0.458,-0.567,-0.121
201.047,-0.7,-0.344,0.006
201.067,-0.776,-0.339,-0.204
201.087,-0.787,-0.315,-0.265
201.107,-0.473,-0.649,-0.135
201.127,-0.613,-0.133,-0.211
201.147,-0.914,-0.525,-0.134
201.167,-0.48,-0.435,-0.179
201.187,-0.852,-0.539,0.227
201.207,-0.551,-0.568,-0.309
201.227,-0.536,-0.486,0.079
201.247,-0.395,-0.776,-0.214
201.267,-0.225,-0.93,-0.029
201.287,-0.854,-0.593,0.051
201.307,-0.595,-0.746,0.227
201.327,-0.627,-0.436,0.007
201.347,-0.481,-0.445,-0.153
201.367,-0.528,-0.518,-0.07
201.387,-0.65,-0.212,0.305
201.407,-0.647,-0.507,-0.052
201.427,-0.783,-0.791,-0.355
201.447,-0.364,-0.554,-0.166
201.467,-0.465,-0.273,-0.168
201.487,-0.366,-0.881,0.073
201.507,-0.625,-0.508,-0.309
201.527,-0.697,-0.396,-0.161
201.547,-0.792,0.04,-0.008
201.567,-0.51,-0.242,-0.126
201.587,-0.777,-0.453,-0.056
201.607,-0.188,-0.374,-0.042
201.627,-0.813,-0.861,-0.018
201.647,-0.511,-0.705,-0.261
201.667,-0.25,-0.367,0.068
201.687,-0.45,-0.461,-0.215
201.707,-0.524,-0.437,-0.115
201.727,-0.759,-0.484,-0.352
201.747,-0.85,-0.489,-0.117
201.767,-0.416,-0.48,-0.09
201.787,-0.256,-0.721,-0.116
201.807,-0.635,-0.554,-0.281
201.827,-0.762,-0.774,0.086
201.847,-1.013,-0.637,-0.018
201.867,-0.701,-0.265,-0.155
201.887,-0.525,-0.545,-0.166
201.907,-0.187,-0.396,-0.288
201.927,-0.381,-0.494,-0.275
201.947,-0.442,-0.595,0.162
201.967,-0.585,-0.727,-0.201
201.987,-0.631,-0.601,0.417
202.007,-0.228,-0.48,-0.365
202.027,-0.483,-0.401,-0.071
202.047,-0.955,-0.483,-0.097
202.067,-0.667,-0.362,-0.134
202.087,-0.695,-0.81,-0.45
202.107,-0.636,-0.322,-0.421
202.127,-0.416,-0.731,-0.107
202.147,-0.543,-0.321,-0.349
202.167,-0.528,-0.427,0.093
202.187,-0.271,-0.898,-0.177
202.207,-0.658,-0.387,-0.091
202.227,-0.149,-0.341,-0.15
202.247,-0.664,-0.287,-0.165
202.267,-0.516,-0.705,0.144
202.287,-0.604,-0.52,0.074
202.307,-0.498,-0.422,-0.116
202.327,-0.447,-0.417,-0.009
202.347,-0.464,-0.474,0.08
202.367,-0.704,-0.637,-0.277
202.387,-0.791,-0.352,-0.462
202.407,-0.065,-0.353,-0.051
202.427,-0.646,-0.601,0.084
202.447,-0.408,-0.737,-0.503
202.467,-0.866,-0.72,-0.261
202.487,-0.603,-0.299,-0.196
202.507,-0.583,-0.382,-0.338
202.527,-0.466,-0.575,-0.164
202.547,-1.094,-0.61,-0.353
202.567,-0.503,-0.937,-0.199
202.587,-0.766,-0.606,-0.004
202.607,-0.462,-0.822,-0.545
202.627,-0.742,-0.543,-0.355
202.647,-0.712,-0.336,0.128
202.667,-0.612,-0.768,-0.306
202.687,-0.756,-0.506,-0.672
202.707,-0.647,-0.368,-0.12
202.727,-0.804,-0.533,-0.154
202.747,-0.927,-0.662,-0.114
202.767,-0.343,-0.561,-0.14
202.787,-0.809,-0.382,0.089
202.807,-0.604,-0.529,-0.31
202.827,-0.421,-0.562,-0.183
202.847,-0.692,-0.33,-0.256
202.867,-0.728,-0.457,-0.034
202.887,-0.51,-0.806,-0.019
202.907,-0.331,-0.439,-0.091
202.927,-0.791,-0.369,0.275
202.947,-0.58,-0.788,-0.047
202.967,-0.91,-1.008,0.108
202.987,-0.652,-0.746,-0.318
203.007,-0.573,-0.55,-0.279
203.027,-0.756,-0.327,0.24
203.047,-0.69,-0.714,-0.43
203.067,-0.87,-0.431,-0.006
203.087,-0.585,-1.126,0.101
203.107,-0.417,-0.504,0.072
203.127,-0.837,-0.619,-0.49
203.147,-0.737,-0.107,-0.228
203.167,-0.513,-0.907,-0.026
203.187,-0.366,-0.534,0.015
203.207,-0.906,-0.921,-0.145
203.227,-0.63,-0.644,-0.278
203.247,-0.547,-0.879,-0.195
203.267,-0.607,-0.094,-0.274
203.287,-1.072,-0.633,-0.401
203.307,-0.483,-0.615,-0.226
203.327,-0.287,-0.574,0.197
203.347,-0.566,-0.795,-0.222
203.367,-0.806,-0.356,-0.457
203.387,-0.705,-0.429,-0.233
203.407,-0.235,-0.384,0.199
203.427,-0.405,-0.799,-0.484
203.447,-0.438,-0.341,-0.162
203.467,-0.502,-0.391,-0.017
203.487,-0.701,-0.628,-0.397
203.507,-0.615,-0.425,-0.151
203.527,-0.592,-0.531,-0.377
203.547,-0.462,-0.902,-0.446
203.567,-0.277,-0.61,-0.089
203.587,-0.364,-0.685,0.148
203.607,-0.876,-0.571,-0.294
203.627,-0.553,-0.378,-0.099
203.647,-0.46,-0.9,-0.125
203.667,-0.47,-0.656,-0.187
203.687,-0.722,-0.733,-0.351
203.707,-0.005,-0.726,-0.406
203.727,-0.836,-0.737,-0.355
203.747,-0.787,-0.56,-0.223
203.767,-0.537,-0.475,-0.27
203.787,-0.164,-0.503,-0.403
203.807,-0.747,-0.544,-0.211
203.827,-0.64,-0.453,-0.299
203.847,-0.356,-0.104,-0.077
203.867,-0.587,-0.576,-0.28
203.887,-0.642,-0.386,-0.048
203.907,-0.467,-0.413,-0.165
203.927,-0.515,-0.248,-0.319
203.947,-0.361,-0.48,-0.26
203.967,-0.317,-0.763,-0.259
203.987,-0.506,-0.503,-0.208
204.007,-0.526,-0.516,-0.169
204.027,-0.545,-0.412,-0.347
204.047,-0.495,-0.732,-0.299
204.067,-0.577,-0.313,-0.223
204.087,-0.615,-0.561,-0.84
204.107,-0.373,-0.385,-0.144
204.127,-0.306,-0.492,-0.443
204.147,-0.918,-0.527,-0.299
204.167,-0.618,-0.507,-0.396
204.187,-0.757,-0.389,-0.105
204.207,-0.672,-0.115,-0.052
204.227,-0.551,-0.901,-0.285
204.247,-0.498,-0.385,-0.286
204.267,-0.65,-0.49,-0.286
204.287,-1.004,-0.546,-0.299
204.307,-0.816,-0.979,-0.09
204.327,-0.438,-0.384,0.318
204.347,-1.166,-0.548,-0.318
204.367,-0.37,-0.701,-0.16
204.387,-0.511,-0.524,-0.433
204.407,-0.359,-0.597,-0.408
204.427,-0.657,-0.883,-0.453
204.447,-1.023,-0.52,0.029
204.467,-0.52,-0.416,-0.094
204.487,-0.355,-0.627,-0.314
204.507,-0.429,-0.477,-0.195
204.527,-0.747,-0.507,-0.086
204.547,-0.608,-0.297,-0.011
204.567,-0.74,-0.531,-0.163
204.587,-0.783,-0.358,-0.228
204.607,-0.43,-0.572,0.028
204.627,-0.865,-0.116,-0.465
204.647,-0.811,-0.586,-0.611
204.667,-0.85,-0.641,0.017
204.687,-0.906,-0.518,-0.336
204.707,-0.567,-0.648,0.024
204.727,-0.377,-0.75,0.151
204.747,-0.633,-0.356,0.138
204.767,-0.906,-1.101,-0.834
204.787,-0.443,-0.631,-0.076
204.807,-0.279,-0.769,-0.346
204.827,-0.757,-0.483,-0.376
204.847,-0.711,-0.946,-0.178
204.867,-0.518,-0.408,-0.369
204.887,-0.317,-0.382,-0.083
204.907,-0.754,-0.849,0.021
204.927,-0.915,-0.487,-0.299
204.947,-0.539,-0.431,-0.175
204.967,-0.503,-0.347,-0.346
204.987,-0.67,-0.84,-0.172
205.007,-0.772,-0.87,0.025
205.027,-0.457,-0.243,-0.171
205.047,-0.549,-0.712,-0.267
205.067,-0.824,-0.65,0.001
205.087,-0.674,-0.431,-0.344
205.107,-0.96,-0.801,-0.344
205.127,-0.554,-0.626,-0.392
205.147,-0.729,-0.403,-0.572
205.167,-0.76,-0.863,-0.447
205.187,-0.684,-0.664,-0.256
205.207,-0.654,-0.793,-0.227
205.227,-0.484,-0.706,-0.462
205.247,-0.541,-0.304,-0.378
205.267,-0.675,-0.265,-0.664
205.287,-0.483,-0.496,0.15
205.307,-0.552,-0.422,0.002
205.327,-0.711,-0.422,-0.424
205.347,-0.652,-0.666,-0.284
205.367,-0.656,-0.475,-0.486
205.387,-0.541,-0.782,-0.103
205.407,-0.723,-0.713,-0.171
205.427,-0.728,-0.525,-0.552
205.447,-0.251,-0.716,-0.49
205.467,-0.461,-0.757,-0.306
205.487,-0.778,-0.647,-0.016
205.507,-0.503,-0.269,-0.38
205.527,-0.591,-0.2,-0.05
205.547,-0.551,-0.527,-0.248
205.567,-0.603,-0.393,-0.47
205.587,-0.387,-0.594,-0.395
205.607,-0.557,-0.89,-0.197
205.627,-0.64,-0.641,-0.151
205.647,-0.42,-0.53,-0.14
205.667,-0.589,-0.436,-0.294
205.687,-0.624,-0.51,-0.255
205.707,-0.564,-0.547,0.12
205.727,-0.655,-0.596,0.162
205.747,-0.639,-0.42,-0.3
205.767,-0.756,-0.764,-0.648
205.787,-0.809,-0.32,-0.265
205.807,-0.843,-0.608,-0.266
205.827,-0.91,-0.072,-0.553
205.847,-0.823,-0.568,-0.278
205.867,-0.685,-0.589,-0.506
205.887,-0.62,-0.608,-0.225
205.907,-0.695,-0.589,-0.189
205.927,-1.102,-0.369,-0.196
205.947,-0.301,-0.523,-0.106
205.967,-0.407,-0.33,-0.209
205.987,-0.53,-0.434,-0.14
206.007,-0.25,-0.531,-0.06
206.027,-0.831,-0.476,-0.4
206.047,-0.258,-0.304,-0.35
206.067,-0.827,-0.42,-0.39
206.087,-0.595,-0.496,-0.471
206.107,-0.891,-0.475,-0.393
206.127,-0.648,-0.794,-0.162
206.147,-0.583,-0.046,-0.196
206.167,-0.68,-0.464,-0.676
206.187,-0.514,-0.441,0.006
206.207,-0.635,-0.581,-0.188
206.227,-0.743,-1.034,-0.31
206.247,-0.752,-0.629,-0.628
206.267,-0.463,-0.576,-0.599
206.287,-0.769,-0.756,-0.071
206.307,-0.461,-0.761,-0.171
206.327,-0.397,-0.659,-0.13
206.347,-0.986,-0.449,-0.396
206.367,-0.43,-0.344,-0.091
206.387,-0.243,-0.567,-0.63
206.407,-0.603,-0.708,-0.594
206.427,-0.537,-0.649,-0.145
206.447,-0.468,-0.573,-0.531
206.467,-0.737,-0.561,-0.366
206.487,-0.659,-0.525,-0.699
206.507,-0.959,-0.699,-0.93
206.527,-0.669,-0.503,-0.574
206.547,-0.599,-0.526,-0.442
206.567,-0.604,-0.686,-0.531
206.587,-0.511,-0.942,-0.22
206.607,-0.865,-0.763,-0.13
206.627,-0.816,-0.265,-0.208
206.647,-0.334,-0.905,-0.563
206.667,-0.744,-0.309,-0.213
206.687,-0.687,-0.925,-0.572
206.707,-0.728,-0.745,0.028
206.727,-0.886,-0.66,-0.331
206.747,-0.398,-0.226,-0.499
206.767,-0.823,-0.57,-0.312
206.787,-0.936,-0.622,-0.29
206.807,-0.801,-0.752,-0.193
206.827,-1.121,-0.458,-0.708
206.847,-0.845,-0.669,-0.466
206.867,-0.9,-0.612,-0.215
206.887,-0.571,-0.622,-0.154
206.907,-0.824,-0.406,0.318
206.927,-0.491,-0.397,-0.069
206.947,-0.387,-0.724,-0.458
206.967,-0.509,-0.666,0.028
206.987,-0.696,-0.683,-0.218
207.007,-0.608,-0.495,-0.078
207.027,-0.928,-0.346,-0.258
207.047,-0.65,-0.484,-0.064
207.067,-0.788,-0.944,-0.14
207.087,-0.466,-0.362,-0.249
207.107,-0.09,-0.779,-0.443
207.127,-0.513,-0.655,-0.444
207.147,-1.021,-0.481,-0.563
207.167,-0.692,-0.54,-0.387
207.187,-0.586,-0.359,-0.153
207.207,-0.598,-0.654,-0.255
207.227,-0.769,-0.724,-0.514
207.247,-0.579,-0.59,-0.161
207.267,-0.875,-0.334,-0.576
207.287,-0.808,-0.403,-0.258
207.307,-0.486,-0.519,-0.043
207.327,-0.818,-0.276,-0.554
207.347,-0.493,-0.322,-0.28
207.367,-0.848,-0.405,-0.463
207.387,-0.221,-0.817,-0.004
207.407,-0.712,-0.414,0.117
207.427,-0.609,-0.598,-0.24
207.447,-0.487,-0.654,-0.195
207.467,-0.674,-0.709,-0.104
207.487,-0.536,-0.618,-0.233
207.507,-0.45,-0.714,-0.544
207.527,-0.392,-0.557,-0.489
207.547,-0.444,-0.631,-0.491
207.567,-0.645,-0.543,-0.744
207.587,-0.627,-0.45,-0.197
207.607,-0.13,-0.633,-0.635
207.627,-0.401,-0.713,-0.223
207.647,-0.792,-0.962,-0.533
207.667,-0.584,-0.407,-0.435
207.687,-0.667,-0.553,-0.287
207.707,-0.636,-0.624,-0.101
207.727,-0.836,-0.35,-0.248
207.747,-0.686,-0.84,-0.445
207.767,-0.243,-0.57,-0.43
207.787,-0.465,-0.767,-0.667
207.807,-1.089,-0.438,-0.296
207.827,-0.353,-1.015,-0.435
207.847,-0.377,-0.401,-0.596
207.867,-0.68,-0.409,-0.253
207.887,-0.46,-0.745,-0.133
207.907,-0.793,-0.534,-0.46
207.927,-0.715,-0.727,-0.531
207.947,-0.307,-0.477,-0.547
207.967,-0.655,-0.389,-0.355
207.987,-0.975,-0.745,-0.671
208.007,-0.616,-0.805,-0.426
208.027,-0.62,-0.314,-0.524
208.047,-0.368,-0.15,-0.353
208.067,-0.601,-0.44,-0.343
208.087,-0.681,-0.412,-0.666
208.107,-0.387,-0.595,-0.322
208.127,-0.565,-0.497,-0.356
208.147,-0.734,-0.462,-0.484
208.167,-0.365,-0.56,-0.569
208.187,-0.581,-0.265,-0.582
208.207,-0.617,-0.489,-0.537
208.227,-0.587,-0.452,-0.698
208.247,-0.834,-0.532,-0.652
208.267,-0.709,-0.529,-0.475
208.287,-0.605,-0.262,-0.61
208.307,-0.642,-0.475,-0.326
208.327,-0.357,-0.473,-0.539
208.347,-0.563,-0.474,-0.625
208.367,-0.443,-0.586,-0.47
208.387,-0.602,-0.789,-0.635
208.407,-0.392,-0.191,-0.716
208.427,-0.525,-0.291,-0.644
208.447,-0.618,-0.279,-1.001
208.467,-0.637,-0.749,-0.982
208.487,-0.82,-0.244,-0.771
208.507,-0.516,-0.163,-0.83
208.527,-0.623,-0.34,-0.46
208.547,-0.717,-0.223,-0.344
208.567,-0.395,-0.397,-0.527
208.587,-0.868,-0.726,-0.978
208.607,-0.71,-0.467,-0.873
208.627,-0.433,-0.785,-0.521
208.647,-0.589,-0.693,-0.617
208.667,-0.668,-0.504,-0.963
208.687,-0.608,-0.536,-0.775
208.707,-0.635,-0.472,-0.83
208.727,-0.975,-0.913,-0.321
208.747,-0.749,-0.605,-0.475
208.767,-0.373,-0.456,-0.674
208.787,-0.834,-0.417,-0.554
208.807,-0.764,-0.393,-0.595
208.827,-0.815,-0.496,-0.598
208.847,-0.709,-0.621,-0.249
208.867,-0.802,-0.441,-0.323
208.887,-0.578,-0.595,-0.317
208.907,-0.604,-0.343,-0.562
208.927,-0.495,-0.433,-0.692
208.947,-0.874,-0.536,-0.878
208.967,-0.74,-0.682,-0.825
208.987,-0.716,-0.309,-0.413
209.007,-0.576,-0.421,-0.86
209.027,-0.824,-0.084,-0.659
209.047,-0.487,-0.395,-0.911
209.067,-0.428,-0.355,-0.665
209.087,-0.852,-0.759,-0.852
209.107,-0.76,-0.407,-0.495
209.127,-0.778,-0.53,-0.687
209.147,-0.125,-0.301,-0.807
209.167,-0.749,-0.399,-0.824
209.187,-0.319,-0.265,-0.598
209.207,-0.91,0.0,-0.614
209.227,-0.839,-0.577,-0.712
209.247,-0.782,-0.231,-0.663
209.267,-0.809,-0.286,-0.702
209.287,-0.707,-0.027,-1.058
209.307,-0.802,-0.283,-0.661
209.327,-0.822,-0.308,-0.949
209.347,-0.433,-0.247,-0.833
209.367,-0.433,-0.238,-0.595
209.387,-0.466,-0.15,-0.717
209.407,-0.551,-0.611,-0.387
209.427,-0.626,-0.517,-0.842
209.447,-0.725,-0.095,-0.763
209.467,-0.822,-0.828,-0.66
209.487,-0.559,-0.468,-0.705
209.507,-0.866,-0.437,-0.495
209.527,-0.825,-0.51,-0.587
209.547,-0.385,-0.155,-0.424
209.567,-0.225,-0.382,-1.029
209.587,-0.52,-0.559,-0.564
209.607,-0.38,-0.61,-0.918
209.627,-0.651,-0.438,-0.627
209.647,-0.882,-0.247,-0.776
209.667,-0.484,-0.435,-0.854
209.687,-0.47,-0.482,-0.474
209.707,-0.567,-0.582,-1.051
209.727,-0.616,-0.366,-0.369
209.747,-0.366,-0.375,-0.597
209.767,-0.761,-0.579,-0.678
209.787,-0.728,-0.228,-0.752
209.807,-0.786,-0.084,-0.801
209.827,-0.566,-0.423,-0.629
209.847,-0.795,-0.364,-0.99
209.867,-0.708,-0.628,-1.308
209.887,-0.724,-0.263,-0.686
209.907,-0.623,-0.327,-0.845
209.927,-0.874,-0.472,-0.875
209.947,-0.558,-0.551,-1.0
209.967,-0.332,-0.029,-0.459
209.987,-0.566,-0.327,-0.333
210.007,-0.298,-0.582,-0.727
210.027,-0.332,-0.227,-0.735
210.047,-0.443,-0.349,-0.617
210.067,-0.595,-0.379,-0.629
210.087,-0.612,-0.199,-0.809
210.107,-0.449,-0.924,-0.448
210.127,-0.671,-0.775,-0.477
210.147,-0.963,-0.142,-0.555
210.167,-0.467,-0.447,-0.333
210.187,-0.777,-0.499,-0.537
210.207,-0.743,-0.672,-0.803
210.227,-0.556,-0.393,-0.64
210.247,-0.549,-0.368,-0.456
210.267,-0.8,-0.14,-0.854
210.287,-0.49,-0.355,-0.68
210.307,-0.343,-0.491,-0.924
210.327,-0.785,-0.347,-0.215
210.347,-0.317,-0.209,-0.527
210.367,-0.889,-0.251,-0.489
210.387,-0.14,-0.32,-0.907
210.407,-0.636,-0.396,-0.388
210.427,-0.522,-0.57,-0.536
210.447,-0.923,-0.666,-0.939
210.467,-0.565,-0.705,-0.493
210.487,-0.52,-0.382,-0.786
210.507,-0.585,-0.369,-0.576
210.527,-0.671,-0.233,-0.433
210.547,-0.747,-0.346,-0.551
210.567,-0.324,-0.252,-0.95
210.587,-0.544,-0.497,-0.522
210.607,-0.255,-0.327,-0.399
210.627,-0.665,-0.678,-0.594
210.647,-0.651,-0.499,-0.444
210.667,-0.39,-0.853,-0.442
210.687,-0.893,-0.472,-0.954
210.707,-0.796,-0.244,-0.317
210.727,-0.346,-0.49,-0.687
210.747,-0.803,-0.346,-0.707
210.767,-0.947,-0.449,-0.689
210.787,-0.2,-0.613,-0.299
210.807,-0.863,-0.55,-0.249
210.827,-0.553,-0.274,-0.461
210.847,-0.566,-0.36,-0.666
210.867,-1.147,-0.632,0.013
210.887,-0.639,-0.801,-0.568
210.907,-0.49,-0.489,-0.705
210.927,-0.505,-0.654,-0.371
210.947,-0.393,-0.58,-0.587
210.967,-0.657,-0.867,-0.141
210.987,-0.441,-0.381,-0.728
211.007,-0.717,-0.616,-0.602
211.027,-0.864,-0.587,-0.24
211.047,-0.839,-0.773,-0.433
211.067,-0.891,-0.658,-0.59
211.087,-0.397,-0.585,-0.731
211.107,-0.897,-0.727,-0.765
211.127,-0.532,-0.636,-0.788
211.147,-0.643,-0.313,-0.344
211.167,-0.607,-0.934,-0.401
211.187,-0.319,-0.554,-0.459
211.207,-0.666,-0.74,-0.789
211.227,-0.459,-0.328,-0.617
211.247,-0.561,-0.633,-0.488
211.267,-0.6,-0.802,-0.29
211.287,-0.121,-0.638,-0.472
211.307,-0.872,-0.523,-0.517
211.327,-0.336,-0.048,-0.73
211.347,-0.465,-1.018,-0.359
211.367,-0.703,-0.847,-0.595
211.387,-0.283,-0.357,-0.809
211.407,-0.969,-0.91,-0.691
211.427,-0.689,-0.594,-0.388
211.447,-0.833,-0.69,-0.376
211.467,-0.501,-0.724,-1.056
211.487,-0.791,-0.642,-0.546
211.507,-0.494,-0.684,-0.795
211.527,-0.635,-0.411,-0.461
211.547,-0.707,-0.361,-0.41
211.567,-0.534,-0.564,-0.745
211.587,-0.687,-0.693,-0.509
211.607,-0.84,-0.612,-0.335
211.627,-0.084,-0.517,-0.294
211.647,-0.742,-0.483,-0.671
211.667,-1.085,-0.607,-0.297
211.687,-0.803,-0.374,-0.448
211.707,-0.876,-0.803,-0.601
211.727,-0.441,-0.463,-0.53
211.747,-0.538,-0.551,-0.36
211.767,-0.529,-0.801,-0.366
211.787,-0.681,-0.632,-0.347
211.807,-0.659,-0.612,-0.674
211.827,-0.674,-0.722,-0.502
211.847,-0.621,-0.723,-0.594
211.867,-0.426,-0.989,-0.516
211.887,-0.53,-0.817,-0.664
211.907,-0.498,-0.723,-0.253
211.927,-0.507,-0.798,-0.576
211.947,-0.42,-0.852,-0.602
211.967,-0.518,-0.459,-0.494
211.987,-0.491,-0.693,-0.353
212.007,-0.336,-0.222,-0.577
212.027,-0.715,-0.622,-0.648
212.047,-0.769,-0.455,-0.395
212.067,-0.832,-0.707,-0.215
212.087,-0.553,-0.813,-0.304
212.107,-0.967,-0.627,-0.793
212.127,-0.51,-0.422,-0.445
212.147,-0.643,-0.71,-0.611
212.167,-0.395,-0.619,-0.36
212.187,-0.764,-0.655,-0.228
212.207,-0.677,-0.726,-1.074
212.227,-0.389,-0.715,-0.587
212.247,-0.33,-0.895,-0.678
212.267,-0.743,-0.696,-0.739
212.287,-0.568,-0.57,-0.797
212.307,-0.551,-0.616,-0.707
212.327,-0.525,-0.62,-0.654
212.347,-0.655,-0.514,-0.682
212.367,-0.357,-0.618,-1.023
212.387,-0.975,-0.676,-0.602
212.407,-0.689,-0.525,-0.406
212.427,-0.495,-0.648,-0.728
212.447,-0.484,-0.719,-0.929
212.467,-0.298,-0.592,-0.567
212.487,-0.339,-0.687,-0.35
212.507,-0.621,-0.755,-0.514
212.527,-0.28,-0.695,-0.703
212.547,-0.693,-0.677,-0.75
212.567,-0.364,-0.952,-0.405
212.587,-0.197,-0.682,-0.592
212.607,-0.32,-0.39,-0.642
212.627,-0.544,-0.958,-0.65
212.647,-0.618,-0.886,-0.482
212.667,-0.872,-0.246,-0.486
212.687,-0.497,-0.98,-0.509
212.707,-0.774,-0.563,-0.712
212.727,-0.719,-0.848,-0.733
212.747,-0.798,-0.785,-0.661
212.767,-0.658,-0.824,-0.483
212.787,-0.57,-0.721,-0.433
212.807,-0.491,-1.125,-0.267
212.827,-0.675,-0.775,-0.72
212.847,-0.338,-0.89,-0.403
212.867,-0.603,-1.18,-0.897
212.887,-0.711,-0.586,-0.484
212.907,-0.505,-1.226,-0.851
212.927,-0.152,-0.375,-0.793
212.947,-0.483,-0.698,-0.406
212.967,-0.634,-1.107,-0.527
212.987,-0.883,-0.576,-0.62
213.007,-0.621,-0.982,-0.835
213.027,-0.525,-0.964,-0.494
213.047,-0.645,-1.185,-0.546
213.067,-0.894,-0.997,-0.425
213.087,-0.736,-0.977,-0.917
213.107,-0.276,-0.662,-0.462
213.127,-0.304,-0.586,-0.69
213.147,-0.769,-1.065,-0.53
213.167,-0.44,-0.77,-0.595
213.187,-0.808,-1.195,-0.738
213.207,-0.272,-0.771,-0.644
213.227,-0.499,-0.402,-0.756
213.247,-0.348,-1.187,-0.69
213.267,-0.874,-1.028,-0.762
213.287,-0.387,-0.68,-0.513
213.307,-0.521,-0.646,-0.758
213.327,-0.34,-1.0,-0.48
213.347,-0.333,-0.51,0.056
213.367,-0.489,-0.976,-0.66
213.387,-0.607,-0.465,-0.924
213.407,-0.327,-0.701,-0.184
213.427,-0.499,-0.542,-0.537
213.447,-0.673,-0.718,-0.618
213.467,-0.679,-0.66,-0.671
213.487,-0.79,-0.641,-0.791
213.507,-0.603,-0.555,-0.635
213.527,-0.291,-0.795,-0.731
213.547,-0.486,-0.973,-0.739
213.567,-0.627,-0.801,-0.449
213.587,-0.355,-0.915,-0.373
213.607,-0.678,-0.88,-0.606
213.627,-0.46,-0.429,-0.465
213.647,-0.508,-0.651,-0.146
213.667,-0.305,-0.656,-0.729
213.687,-0.776,-0.555,-0.884
213.707,-0.644,-0.645,-0.389
213.727,-0.806,-0.397,-0.689
213.747,-0.513,-1.189,-0.635
213.767,-0.227,-0.964,-0.504
213.787,-0.569,-0.899,-0.282
213.807,-0.57,-1.042,-0.482
213.827,-0.278,-0.746,-0.934
213.847,-0.233,-0.722,-0.436
213.867,-0.458,-0.347,-0.447
213.887,-0.305,-0.559,-0.659
213.907,-0.68,-0.842,-0.832
213.927,-0.193,-0.666,-0.571
213.947,-0.039,-1.131,-0.952
213.967,-0.363,-0.743,-0.84
213.987,-0.891,-0.766,-0.756
214.007,-0.599,-0.979,-0.735
214.027,-0.358,-0.833,-0.307
214.047,-0.568,-0.946,-0.511
214.067,-0.229,-1.0,-0.425
214.087,-0.383,-0.677,-0.467
214.107,-0.644,-0.585,-0.818
214.127,-0.489,-0.69,-0.64
214.147,-0.672,-0.887,-0.573
214.167,-0.533,-0.919,-0.548
214.187,-0.613,-0.863,-0.417
214.207,-0.269,-0.826,-0.339
214.227,-0.077,-0.961,-0.448
214.247,-0.783,-0.565,-0.17
214.267,-0.876,-0.801,-0.432
214.287,-0.532,-0.592,-0.629
214.307,-0.786,-1.035,-0.272
214.327,-0.456,-0.891,-0.766
214.347,-0.308,-0.583,-0.425
214.367,-0.167,-0.591,-0.553
214.387,-0.422,-1.022,-0.683
214.407,-0.496,-0.729,-0.484
214.427,-0.845,-0.71,-0.583
214.447,-0.448,-0.899,-0.903
214.467,-0.459,-0.694,-0.504
214.487,-0.331,-1.114,-0.741
214.507,-0.601,-0.98,-0.504
214.527,-0.568,-0.655,-0.541
214.547,-0.779,-0.767,-0.432
214.567,-0.934,-0.768,-0.981
214.587,-0.708,-0.823,-0.72
214.607,-0.812,-0.698,-0.494
214.627,-0.433,-0.678,0.058
214.647,-0.603,-0.633,-0.498
214.667,-0.612,-0.766,-0.615
214.687,-0.705,-0.864,-0.349
214.707,-1.147,-0.912,-0.649
214.727,-0.198,-1.016,-0.448
214.747,-0.715,-0.873,-0.523
214.767,-0.586,-0.928,-0.333
214.787,-0.796,-0.476,-0.421
214.807,-0.32,-1.008,-0.652
214.827,-0.487,-0.605,-0.842
214.847,-0.694,-0.863,-0.761
214.867,-0.607,-0.836,-0.511
214.887,-0.188,-0.719,-0.586
214.907,-0.544,-1.075,-0.559
214.927,-0.569,-0.945,-0.523
214.947,-0.727,-1.035,-0.735
214.967,-0.91,-0.853,-0.572
214.987,-0.565,-0.953,-0.544
215.007,-0.474,-0.523,-0.834
215.027,-0.318,-0.915,-0.684
215.047,-0.99,-1.276,-0.5
215.067,-0.767,-0.857,-0.429
215.087,-0.666,-0.631,-0.734
215.107,-0.545,-0.446,-0.473
215.127,-0.577,-0.809,-0.697
215.147,-0.575,-0.871,-0.767
215.167,-0.467,-0.788,-0.188
215.187,-0.71,-0.703,-0.671
215.207,-0.334,-1.01,-0.917
215.227,-0.441,-0.829,-0.705
215.247,-0.604,-0.786,-0.669
215.267,-0.217,-0.773,-0.441
215.287,-0.232,-0.8,-0.697
215.307,-0.359,-0.968,-0.549
215.327,-1.151,-0.701,-0.411
215.347,-0.232,-0.787,-0.721
215.367,-0.391,-0.786,-0.546
215.387,-0.154,-0.987,-0.622
215.407,-0.329,-0.637,-0.56
215.427,-0.259,-0.964,-0.583
215.447,-0.393,-0.461,-0.562
215.467,-0.308,-1.035,-0.631
215.487,-0.172,-0.66,-0.578
215.507,-0.524,-1.208,-0.632
215.527,-0.881,-1.265,-0.114
215.547,-0.626,-0.906,-0.447
215.567,-0.479,-1.243,-0.563
215.587,-0.537,-0.639,-0.635
215.607,-0.817,-0.782,-0.367
215.627,-0.881,-0.5,-0.739
215.647,-0.697,-0.819,-0.813
215.667,-0.397,-0.739,-0.833
215.687,-0.261,-0.858,-0.314
215.707,-0.406,-0.979,-0.336
215.727,-0.365,-0.865,-0.55
215.747,-0.594,-1.027,-0.694
215.767,-0.918,-0.712,-0.695
215.787,-0.64,-0.846,-0.176
215.807,-0.613,-0.81,-0.592
215.827,-0.672,-0.236,-0.495
215.847,-0.562,-0.89,-0.645
215.867,-0.482,-0.733,-0.549
215.887,-0.392,-0.811,-0.514
215.907,-0.627,-0.582,-0.226
215.927,-0.959,-0.759,-0.603
215.947,-0.661,-0.858,-0.476
215.967,-0.552,-0.353,-0.642
215.987,-0.313,-0.978,-0.528
216.007,-0.675,-0.838,-0.491
216.027,-0.446,-0.627,-0.594
216.047,-0.48,-0.964,-0.497
216.067,-0.53,-0.651,-0.679
216.087,-0.369,-0.916,-0.436
216.107,-0.678,-0.636,-0.531
216.127,-0.655,-0.648,-0.659
216.147,-0.542,-0.859,-0.553
216.167,-0.656,-1.033,-0.263
216.187,-0.421,-0.914,-0.536
216.207,-0.669,-0.856,-0.434
216.227,-0.471,-0.663,-0.456
216.247,-0.534,-0.764,-0.417
216.267,-0.462,-0.718,-0.758
216.287,-0.595,-0.761,-0.737
216.307,-0.565,-0.665,-0.681
216.327,-0.464,-0.893,-0.409
216.347,-0.428,-0.824,-0.468
216.367,-0.475,-0.865,-0.483
216.387,-0.124,-0.956,-0.551
216.407,-0.669,-0.673,-0.806
216.427,-0.476,-0.66,-0.653
216.447,-0.779,-0.604,-0.509
216.467,-0.405,-1.008,-0.595
216.487,-0.7,-0.791,-0.528
216.507,-0.522,-0.64,-0.905
216.527,-0.534,-0.554,-0.61
216.547,-0.412,-1.149,-1.012
216.567,-0.576,-0.848,-0.856
216.587,-0.586,-0.907,-0.795
216.607,-0.172,-0.555,-0.984
216.627,-0.392,-1.318,-0.773
216.647,-0.574,-1.084,-0.545
216.667,-0.511,-0.579,-0.377
216.687,-0.141,-0.95,-0.731
216.707,-0.515,-1.111,-0.777
216.727,-0.62,-0.551,-0.657
216.747,-0.619,-1.138,-0.678
216.767,-0.589,-0.654,-0.806
216.787,-0.621,-1.159,-0.491
216.807,-0.761,-1.139,-0.66
216.827,-0.745,-0.811,-0.731
216.847,-0.678,-1.039,-0.709
216.867,-0.413,-0.817,-0.135
216.887,-0.611,-0.501,-0.461
216.907,-0.563,-0.893,-0.694
216.927,-0.278,-0.541,-1.113
216.947,-0.28,-0.786,-0.979
216.967,-0.596,-0.67,-0.607
216.987,-0.666,-1.341,-0.667
217.007,-0.736,-0.758,-0.847
217.027,-0.427,-0.775,-0.643
217.047,-0.599,-0.962,-0.755
217.067,-0.614,-0.513,-0.73
217.087,-0.707,-0.995,-0.636
217.107,-0.701,-1.218,-0.798
217.127,-0.479,-0.728,-0.863
217.147,-0.815,-1.173,-0.852
217.167,-0.338,-0.876,-0.667
217.187,-0.644,-0.637,-0.895
217.207,-0.565,-0.801,-0.135
217.227,-0.797,-0.95,-0.385
217.247,-0.549,-0.97,-0.442
217.267,-0.61,-0.634,-0.76
217.287,-0.56,-1.129,-0.755
217.307,-0.265,-0.744,-0.872
217.327,-0.519,-0.467,-0.237
217.347,-0.702,-0.773,-0.335
217.367,-0.685,-0.92,-0.469
217.387,-0.409,-0.911,-0.629
217.407,-0.27,-0.985,-0.693
217.427,-0.491,-1.036,-0.508
217.447,-0.421,-0.876,-0.297
217.467,-0.422,-0.766,-0.487
217.487,-0.242,-0.586,-0.843
217.507,-0.912,-1.297,-0.769
217.527,-0.395,-1.386,-0.518
217.547,-0.335,-0.582,-0.772
217.567,-0.8,-0.865,-0.691
217.587,-0.709,-0.866,-0.299
217.607,-0.696,-0.784,-0.652
217.627,-0.669,-0.925,-0.918
217.647,-0.631,-0.493,-0.024
217.667,-0.497,-0.772,-0.37
217.687,-0.367,-0.95,-0.584
217.707,-0.328,-0.95,-0.573
217.727,-0.713,-0.908,-0.99
217.747,-0.714,-1.044,-0.655
217.767,-0.287,-0.558,-0.715
217.787,-0.42,-0.885,-0.561
217.807,-0.526,-1.159,-0.252
217.827,-0.449,-0.839,-0.484
217.847,-0.536,-0.627,-0.184
217.867,-0.409,-0.705,-0.874
217.887,-0.59,-1.074,-0.9
217.907,-0.465,-1.139,-0.34
217.927,-0.823,-0.64,-0.568
217.947,-0.666,-1.274,-0.513
217.967,-0.664,-0.863,-0.621
217.987,-0.625,-1.043,-0.574
218.007,-0.728,-0.666,-0.466
218.027,-0.641,-1.132,-0.549
218.047,-0.835,-1.074,-0.709
218.067,-0.412,-0.787,-0.138
218.087,-0.545,-0.74,-0.584
218.107,-0.898,-0.64,-0.66
218.127,-0.729,-0.828,-0.685
218.147,-0.506,-0.845,-0.557
218.167,-0.682,-0.703,-0.677
218.187,-0.699,-1.183,-1.04
218.207,-0.571,-1.081,-0.676
218.227,-0.49,-1.144,-0.832
218.247,-0.835,-1.432,-0.56
218.267,-0.421,-0.715,-0.61
218.287,-0.687,-0.607,-0.726
218.307,-0.537,-0.789,-0.406
218.327,-0.539,-0.838,-0.617
218.347,-0.636,-0.888,-0.672
218.367,-0.737,-0.904,-0.686
218.387,-0.576,-0.583,-0.675
218.407,-0.186,-0.584,-0.486
218.427,-0.795,-1.029,-0.76
218.447,-0.196,-0.691,-0.587
218.467,-0.592,-0.662,-0.702
218.487,-0.543,-0.776,-0.725
218.507,-0.772,-0.81,-0.515
218.527,-0.709,-0.82,-0.792
218.547,-0.657,-1.18,-0.506
218.567,-0.764,-1.209,-0.566
218.587,-0.6,-0.727,-0.367
218.607,-0.654,-1.11,-0.971
218.627,-0.212,-1.158,-0.411
218.647,-0.826,-1.293,-0.673
218.667,-0.58,-0.965,-0.979
218.687,-0.547,-0.803,-0.763
218.707,-0.814,-0.798,-0.517
218.727,-0.472,-0.726,-0.651
218.747,-0.69,-0.97,-0.364
218.767,-1.106,-0.877,-0.711
218.787,-0.473,-0.727,-0.646
218.807,-0.804,-0.797,-0.691
218.827,-0.796,-1.027,-0.861
218.847,-0.446,-0.852,-0.658
218.867,-0.642,-1.315,-0.691
218.887,-0.373,-0.91,-0.632
218.907,-0.317,-1.014,-0.636
218.927,-0.706,-0.591,-0.642
218.947,-0.422,-1.073,-0.619
218.967,-0.728,-0.851,-0.407
218.987,-0.104,-0.965,-0.827
219.007,-0.703,-0.99,-0.771
219.027,-0.36,-0.804,-0.348
219.047,-0.403,-0.954,-0.38
219.067,-0.499,-0.519,-0.587
219.087,-0.703,-1.282,-0.249
219.107,-0.614,-0.747,-0.553
219.127,-1.035,-0.883,-0.253
219.147,-0.557,-0.876,-0.337
219.167,-0.531,-0.802,-0.315
219.187,-0.569,-0.666,-0.866
219.207,-1.189,-0.812,-0.488
219.227,-0.845,-0.659,-0.636
219.247,-0.737,-0.853,-0.884
219.267,-0.537,-1.082,-0.338
219.287,-0.537,-0.909,-0.374
219.307,-0.624,-0.655,-0.631
219.327,-0.473,-0.967,-0.728
219.347,-0.823,-1.093,-0.6
219.367,-0.492,-0.76,-0.973
219.387,-0.521,-0.828,-0.886
219.407,-0.527,-1.041,-0.679
219.427,-0.632,-0.931,-0.489
219.447,-0.233,-0.924,-0.654
219.467,-0.514,-0.888,-0.737
219.487,-0.793,-0.768,-0.795
219.507,-0.541,-0.97,-0.14
219.527,-0.428,-0.747,-0.847
219.547,-0.686,-0.993,-1.0
219.567,-0.363,-0.546,-0.736
219.587,-0.5,-0.547,-0.508
219.607,-1.035,-1.04,-0.598
219.627,-0.506,-1.126,-0.766
219.647,-0.65,-0.688,-0.563
219.667,-0.466,-0.816,-0.384
219.687,-0.392,-0.757,-0.574
219.707,-0.543,-1.001,-0.594
219.727,-0.262,-0.897,-0.605
219.747,-0.649,-0.928,-0.782
219.767,-0.493,-0.804,-0.55
219.787,-0.463,-1.119,-0.428
219.807,-0.621,-0.882,-0.36
219.827,-0.432,-1.117,-0.541
219.847,-0.709,-0.979,-0.609
219.867,-0.675,-0.896,-0.242
219.887,-0.843,-0.784,-0.604
219.907,-0.532,-0.767,-0.722
219.927,-0.517,-0.736,-0.792
219.947,-0.349,-1.186,-0.822
219.967,-0.428,-0.643,-0.769
219.987,-0.654,-1.017,-0.303
220.007,-0.821,-1.0,-0.852
220.027,-0.502,-0.833,-0.398
220.047,-0.354,-0.96,-0.739
220.067,-0.414,-0.825,-0.475
220.087,-0.343,-0.791,-0.902
220.107,-0.59,-1.056,-0.691
220.127,-0.643,-0.934,-1.006
220.147,-0.703,-0.936,-0.687
220.167,-0.573,-0.715,-0.554
220.187,-0.577,-1.001,-0.525
220.207,-0.513,-1.001,-0.714
220.227,-0.576,-1.094,-0.789
220.247,-0.558,-1.066,-0.699
220.267,-0.682,-1.144,-0.842
220.287,-0.343,-1.009,-0.843
220.307,-0.515,-0.549,-0.788
220.327,-0.556,-0.713,-0.653
220.347,-0.675,-0.601,-0.399
220.367,-0.799,-1.041,-0.421
220.387,-0.259,-1.246,-0.754
220.407,-0.402,-0.803,-0.846
220.427,-0.837,-0.484,-0.829
220.447,-0.365,-0.952,-0.99
220.467,-0.336,-0.819,-0.556
220.487,-0.493,-1.142,-0.984
220.507,-0.191,-0.82,-1.149
220.527,-0.457,-0.85,-0.557
220.547,-0.782,-1.219,-0.551
220.567,-0.437,-1.007,-0.908
220.587,-0.447,-1.044,-0.65
220.607,-0.605,-1.123,-0.981
220.627,-0.36,-0.943,-0.735
220.647,-0.794,-0.692,-0.656
220.667,-0.254,-0.92,-0.606
220.687,-0.627,-0.564,-0.658
220.707,-0.659,-0.863,-1.114
220.727,-0.493,-0.725,-0.671
220.747,-0.387,-0.68,-0.286
220.767,-0.433,-0.459,-0.652
220.787,-0.599,-0.918,-1.008
220.807,-0.537,-0.683,-0.889
220.827,-0.667,-0.974,-0.845
220.847,-0.487,-0.426,-1.194
220.867,-0.241,-0.983,-0.712
220.887,-0.44,-0.697,-0.809
220.907,-0.282,-0.451,-0.79
220.927,-0.164,-1.01,-0.764
220.947,-0.559,-0.65,-0.882
220.967,-0.475,-0.979,-0.571
220.987,0.002,-0.314,-0.705
221.007,-0.14,-1.155,-0.861
221.027,-0.781,-1.102,-0.684
221.047,-0.365,-1.015,-0.701
221.067,-0.436,-1.02,-0.978
221.087,-0.276,-0.702,-0.818
221.107,-0.583,-0.448,-0.811
221.127,-0.607,-0.59,-0.912
221.147,-0.56,-0.771,-1.065
221.167,-0.54,-0.815,-0.914
221.187,-0.257,-0.952,-0.539
221.207,-0.653,-0.738,-0.914
221.227,-0.534,-0.831,-0.607
221.247,-0.766,-0.756,-0.807
221.267,-0.2,-0.949,-0.778
221.287,-0.14,-1.048,-1.053
221.307,-0.472,-0.804,-0.57
221.327,-0.46,-0.803,-0.373
221.347,-0.314,-0.932,-0.931
221.367,-0.111,-0.958,-0.525
221.387,-0.327,-0.694,-1.035
221.407,-0.552,-0.712,-0.792
221.427,-0.722,-0.429,-1.027
221.447,-0.635,-0.543,-0.724
221.467,-0.425,-1.053,-0.84
221.487,-0.576,-0.842,-0.813
221.507,-0.408,-1.062,-0.557
221.527,-0.566,-1.157,-0.569
221.547,-0.676,-0.369,-0.845
221.567,-0.693,-0.512,-0.582
221.587,-0.144,-0.936,-0.584
221.607,-0.254,-0.555,-0.577
221.627,-0.093,-0.538,-0.783
221.647,-0.327,-1.208,-0.747
221.667,-0.516,-0.663,-0.871
221.687,-0.168,-0.935,-0.338
221.707,-0.45,-0.762,-0.718
221.727,-0.4,-0.244,-0.814
221.747,-0.447,-0.519,-0.69
221.767,-1.035,-0.847,-0.716
221.787,-0.127,-0.56,-0.363
221.807,-0.351,-1.227,-0.782
221.827,-0.391,-0.72,-0.618
221.847,-0.457,-0.714,-0.794
221.867,-0.41,-0.687,-1.109
221.887,-0.564,-0.937,-0.765
221.907,-0.313,-0.746,-0.594
221.927,-0.696,-0.657,-0.735
221.947,-0.386,-1.283,-0.982
221.967,-0.319,-0.883,-0.435
221.987,-0.465,-1.006,-0.986
222.007,-0.352,-0.681,-0.89
222.027,-0.611,-0.515,-0.961
222.047,-0.596,-0.908,-0.947
222.067,-0.353,-0.995,-0.738
222.087,-0.261,-0.739,-0.628
222.107,-0.773,-0.996,-0.844
222.127,-0.282,-0.811,-0.59
222.147,-0.5,-0.844,-0.532
222.167,-0.431,-0.656,-0.744
222.187,-0.654,-0.719,-0.989
222.207,-0.564,-0.739,-0.382
222.227,-0.21,-0.45,-0.813
222.247,-0.388,-0.72,-1.113
222.267,-0.485,-0.86,-0.752
222.287,-0.423,-0.819,-0.563
222.307,-0.305,-0.894,-0.517
222.327,-0.327,-0.939,-0.891
222.347,-0.416,-1.017,-1.034
222.367,-0.201,-0.501,-0.604
222.387,-0.214,-0.859,-0.557
222.407,-0.297,-0.667,-0.433
222.427,-0.351,-0.785,-0.436
222.447,-0.234,-0.725,-0.611
222.467,-0.287,-0.492,-0.834
222.487,-0.126,-0.69,-0.748
222.507,-0.167,-0.921,-0.687
222.527,-0.56,-0.844,-0.829
222.547,-0.571,-0.568,-0.432
222.567,-0.489,-0.637,-0.428
222.587,-0.143,-0.546,-0.902
222.607,-0.644,-0.792,-0.691
222.627,-0.247,-1.029,-0.216
222.647,-0.259,-0.634,-0.403
222.667,-0.089,-0.694,-0.602
222.687,-0.275,-0.696,-0.406
222.707,-0.578,-1.029,-0.303
222.727,-0.503,-0.871,-0.623
222.747,-0.552,-0.933,-0.919
222.767,-0.438,-0.679,-0.457
222.787,-0.375,-0.661,-0.431
222.807,-0.557,-0.732,-0.813
222.827,-0.029,-0.533,-0.551
222.847,-0.594,-0.42,-0.768
222.867,-0.06,-0.656,-0.933
222.887,-0.096,-0.58,-0.562
222.907,-0.149,-0.81,-0.294
222.927,-0.471,-0.839,-0.518
222.947,-0.264,-0.483,-0.532
222.967,-0.609,-0.848,-0.847
222.987,-0.181,-0.533,-0.449
223.007,-0.375,-0.35,-0.678
223.027,-0.443,-0.564,-0.718
223.047,-0.6,-0.717,-0.391
223.067,-0.848,-0.973,-0.809
223.087,-0.547,-0.668,-0.603
223.107,-0.145,-0.496,-0.791
223.127,-0.449,-0.747,-0.624
223.147,-0.396,-0.5,-1.002
223.167,-0.23,-0.631,-0.457
223.187,-0.003,-0.636,-0.48
223.207,-0.103,-0.755,-0.124
223.227,-0.569,-0.979,-0.524
223.247,-0.768,-0.777,-0.768
223.267,0.084,-0.771,-0.388
223.287,0.063,-0.562,-0.394
223.307,-0.362,-0.678,-0.338
223.327,-0.643,-0.454,-0.975
223.347,-0.204,-0.61,-0.726
223.367,-0.403,-0.767,-0.777
223.387,-0.394,-0.837,-0.307
223.407,-0.181,-0.806,-0.456
223.427,-0.293,-0.658,-0.396
223.447,-0.609,-0.75,-0.839
223.467,-0.454,-0.879,-0.578
223.487,-0.248,-0.453,-0.939
223.507,-0.279,-0.641,-0.833
223.527,-0.333,-0.611,-0.591
223.547,-0.192,-0.821,-0.557
223.567,-0.425,-0.862,-0.521
223.587,-0.317,-0.681,-0.718
223.607,-1.016,-1.049,-0.512
223.627,-0.433,-0.483,-0.578
223.647,-0.18,-0.778,-0.271
223.667,-0.41,-0.699,-0.652
223.687,-0.416,-0.562,-0.961
223.707,-0.525,-0.712,-0.461
223.727,-0.123,-0.904,-0.506
223.747,-0.228,-0.362,-0.746
223.767,-0.195,-0.981,-0.626
223.787,-0.701,-1.13,-0.536
223.807,-0.374,-0.521,-0.644
223.827,-0.392,-0.965,-0.802
223.847,-0.378,-0.411,-0.625
223.867,-0.429,-0.591,-0.405
223.887,-0.37,-0.585,-0.652
223.907,-0.153,-0.743,-0.534
223.927,-0.717,-0.784,-0.611
223.947,0.014,-0.694,-0.82
223.967,-0.258,-0.787,-0.59
223.987,-0.38,-0.362,-0.653
224.007,-0.191,-0.766,-0.412
224.027,-0.674,-0.513,-0.317
224.047,-0.525,-0.414,-0.399
224.067,-0.413,-0.791,-0.719
224.087,-0.125,-0.53,-0.784
224.107,-0.406,-0.771,-0.85
224.127,-0.31,-0.639,-0.512
224.147,-0.507,-0.705,-0.71
224.167,-0.298,-0.754,-0.795
224.187,-0.074,-0.573,-0.173
224.207,-0.213,-0.852,-0.466
224.227,-0.407,-0.433,-0.491
224.247,-0.24,-0.832,-0.497
224.267,-0.243,-0.89,-0.227
224.287,-0.253,-0.686,-0.586
224.307,-0.13,-0.688,-0.423
224.327,-0.142,-0.537,-0.377
224.347,-0.384,-0.599,-0.198
224.367,-0.243,-0.941,-0.572
224.387,-0.45,-0.425,-0.311
224.407,-0.554,-0.691,-0.924
224.427,-0.43,-0.591,-0.142
224.447,-0.387,-0.207,-0.481
224.467,-0.709,-0.376,-0.434
224.487,-0.231,-0.572,-0.844
224.507,-0.948,-0.89,-0.864
224.527,0.154,-0.89,-0.745
224.547,-0.094,-0.383,-0.628
224.567,-0.448,-0.703,-0.68
224.587,-0.369,-0.658,-0.714
224.607,-0.303,-0.853,-0.651
224.627,-0.488,-0.542,-1.071
224.647,-0.328,-0.415,-0.521
224.667,-0.389,-0.335,-0.653
224.687,-0.382,-0.725,-0.431
224.707,-0.329,-0.516,-0.699
224.727,-0.645,-0.659,-0.677
224.747,-0.376,-0.467,-0.577
224.767,-0.364,-0.648,-0.472
224.787,-0.383,-0.83,-0.386
224.807,-0.457,-0.394,-0.619
224.827,-0.181,-0.641,-0.528
224.847,-0.499,-0.733,-0.592
224.867,-0.386,-0.622,-0.662
224.887,-0.187,-0.791,-0.996
224.907,-0.441,-0.566,-0.586
224.927,-0.397,-0.686,-0.785
224.947,-0.46,-0.789,-0.438
224.967,-0.206,-0.152,-0.787
224.987,-0.501,-0.831,-0.741
225.008,-0.215,-0.541,-0.798
225.028,-0.479,-0.613,-0.545
225.048,-0.605,-0.827,-0.726
225.068,-0.286,-0.694,-0.533
225.088,-0.482,-0.889,-1.183
225.108,-0.301,-0.202,-0.256
225.128,-0.981,-0.704,-0.847
225.148,-0.447,-0.677,-0.503
225.168,-0.546,-0.248,-0.546
225.188,-0.661,-0.787,-0.497
225.208,-0.565,-0.373,-0.793
225.228,-0.571,-0.516,-0.696
225.248,-0.463,-1.022,-0.564
225.268,-0.717,-0.702,-0.649
225.288,-0.362,-0.541,-0.837
225.308,-0.168,-0.647,-0.531
225.328,-0.365,-0.648,-0.191
225.348,-0.246,-0.764,-0.73
225.368,-0.181,-0.777,-0.547
225.388,-0.156,-0.696,-0.594
225.408,-0.034,-0.252,-0.721
225.428,-0.497,-0.828,-0.493
225.448,-0.544,-0.76,-0.508
225.468,-0.264,-0.648,-0.795
225.488,-0.28,-0.94,-0.399
225.508,-0.273,-0.564,-0.694
225.528,-0.039,-0.896,-0.47
225.548,-0.429,-0.846,-0.623
225.568,-0.321,-0.847,-0.684
225.588,-0.603,-0.934,-0.686
225.608,0.003,-0.332,-0.537
225.628,-0.491,-0.486,-0.879
225.648,-0.481,-0.41,-0.568
225.668,-0.477,-0.434,-0.374
225.688,-0.536,-0.644,-0.527
225.708,-0.551,-0.631,-0.975
225.728,-0.509,-0.427,-0.901
225.748,-0.689,-0.303,-0.603
225.768,-0.573,-0.894,-0.762
225.788,-0.026,-0.143,-0.446
225.808,-0.276,-0.913,-0.717
225.828,-0.257,-0.746,-0.51
225.848,-0.211,-0.644,-0.229
225.868,-0.073,-0.629,-0.61
225.888,-0.78,-0.266,-0.803
225.908,-0.673,-0.463,-0.515
225.928,-0.59,-0.595,-0.539
225.948,-0.526,-0.471,-0.538
225.968,-0.489,-0.616,-0.325
225.988,-0.523,-0.817,-0.846
226.008,-0.384,-0.599,-0.395
226.028,-0.444,-0.679,-0.72
226.048,-0.59,-0.861,-0.333
226.068,-0.885,-0.434,-1.039
226.088,-0.65,-0.715,-0.157
226.108,-0.577,-0.947,-0.637
226.128,-0.517,-0.916,-0.826
226.148,-0.688,-0.628,-0.399
226.168,-0.549,-0.531,-0.493
226.188,-0.677,-0.63,-0.5
226.208,-0.473,-0.627,-0.404
226.228,-0.656,-0.896,-0.569
226.248,-0.619,-0.713,-0.634
226.268,-0.698,-0.799,-0.81
226.288,-0.48,-0.771,-0.607
226.308,-0.615,-0.73,-0.68
226.328,-0.271,-0.832,-0.558
226.348,-0.385,-0.567,-0.542
226.368,-0.489,-0.893,-0.221
226.388,-0.628,-0.956,-0.739
226.408,-0.403,-0.853,-0.616
226.428,-0.333,-0.534,-0.673
226.448,-0.442,-0.644,-0.846
226.468,-0.161,-1.077,0.023
226.488,-0.393,-0.605,-0.752
226.508,-0.294,-0.74,-0.471
226.528,-0.437,-0.802,-0.209
226.548,-0.321,-0.765,-0.792
226.568,-0.606,-0.965,-0.389
226.588,-0.539,-0.666,-0.87
226.608,-0.381,-0.953,-0.72
226.628,-0.385,-0.769,-0.457
226.648,-0.337,-0.757,-0.639
226.668,-0.227,-0.522,-0.286
226.688,-0.732,-0.674,-0.539
226.708,-0.638,-0.548,-0.478
226.728,-0.399,-0.931,-0.737
226.748,-0.577,-0.719,-0.826
226.768,0.247,-0.608,-0.845
226.788,-0.323,-0.465,-0.813
226.808,-0.44,-0.936,-0.765
226.828,-0.516,-0.874,-0.388
226.848,-0.513,-0.606,-0.545
226.868,-0.417,-0.38,-0.883
226.888,-0.396,-0.628,-0.709
226.908,-0.504,-0.904,-0.628
226.928,-0.462,-0.905,-0.034
226.948,-0.162,-0.654,-0.626
226.968,-0.154,-0.597,-0.532
226.988,-0.38,-0.707,-0.817
227.008,-0.691,-0.868,-0.457
227.028,-0.326,-0.436,-0.32
227.048,-0.117,-0.724,-0.638
227.068,-0.16,-0.527,-0.495
227.088,-0.288,-0.982,-0.509
227.108,-0.136,-0.396,-0.633
227.128,-0.408,-0.778,-0.406
227.148,-0.291,-0.354,-0.823
227.168,-0.547,-0.501,-0.849
227.188,-0.345,-0.902,-0.654
227.208,-0.165,-0.572,-0.729
227.228,-0.54,-0.299,-1.222
227.248,-0.582,-0.76,-0.802
227.268,-0.389,-0.305,-1.089
227.288,-0.472,-0.539,-0.724
227.308,-0.304,-0.345,-0.51
227.328,-0.536,-0.575,-0.646
227.348,-0.101,-0.634,-0.635
227.368,-0.701,-0.25,-0.696
227.388,-0.181,-0.479,-0.638
227.408,-0.571,-0.681,-0.121
227.428,-0.752,-0.553,-0.766
227.448,-0.352,-0.757,-0.705
227.468,-0.45,-0.621,-0.888
227.488,-0.621,-0.386,-1.117
227.508,-0.743,-0.644,-0.684
227.528,-0.405,-0.788,-0.5
227.548,-0.201,-0.814,-0.275
227.568,-0.256,-0.601,-0.789
227.588,-0.355,-0.798,-0.812
227.608,-0.282,-0.92,-0.574
227.628,-0.396,-0.889,-0.413
227.648,-0.685,-0.412,-1.008
227.668,-0.676,-0.665,-0.644
227.688,-0.432,-0.617,-0.404
227.708,-0.436,-0.809,-0.824
227.728,-0.243,-0.735,-0.999
227.748,-0.251,-0.739,-0.603
227.768,-0.268,-0.671,-1.034
227.788,-0.467,-0.943,-0.53
227.808,-0.685,-0.406,-0.379
227.828,-0.318,-0.628,-0.885
227.848,-0.298,-0.583,-0.453
227.868,-0.871,-0.438,-0.653
227.888,-0.542,-0.462,-0.492
227.908,-0.503,-0.732,-0.9
227.928,-0.337,-0.496,-0.642
227.948,-0.53,-0.494,-0.718
227.968,-0.36,-0.562,-0.925
227.988,-0.404,-0.42,-0.823
228.008,-0.388,-0.475,-0.641
228.028,-0.505,-0.473,-0.977
228.048,-0.5,-0.338,-0.982
228.068,-0.575,-0.59,-1.014
228.088,-0.269,-0.593,-0.896
228.108,-0.242,-0.421,-0.686
228.128,-0.505,-0.614,-0.873
228.148,-0.048,-0.472,-0.513
228.168,-0.427,-0.695,-1.054
228.188,-0.067,-1.052,-0.658
228.208,-0.505,-0.483,-0.847
228.228,-0.78,-0.908,-0.78
228.248,-0.274,-0.73,-0.607
228.268,-0.294,-0.425,-1.278
228.288,-0.334,-0.433,-1.178
228.308,-0.471,-0.352,-0.773
228.328,-0.365,-0.986,-0.792
228.348,-0.467,-0.535,-1.026
228.368,-0.414,-0.662,-0.343
228.388,-0.175,-0.418,-0.968
228.408,-0.32,-0.33,-0.855
228.428,-0.237,-0.886,-0.506
228.448,-0.419,-0.618,-0.873
228.468,-0.434,-0.458,-0.92
228.488,-0.592,-0.688,-0.676
228.508,-0.45,-0.271,-0.907
228.528,-1.034,-0.713,-0.672
228.548,-0.479,-0.696,-0.645
228.568,-0.37,-0.85,-0.677
228.588,-0.243,-0.615,-0.521
228.608,-0.404,-1.246,-0.814
228.628,-0.271,-0.668,-0.852
228.648,-0.798,-0.349,-0.752
228.668,-0.367,-0.875,-1.306
228.688,-0.71,-0.905,-0.683
228.708,-0.621,-0.353,-0.797
228.728,-0.419,-0.322,-0.66
228.748,-0.12,-0.843,-0.911
228.768,-0.302,-0.214,-0.463
228.788,-0.366,-0.467,-0.769
228.808,-0.378,-0.356,-0.55
228.828,-0.51,-0.73,-0.823
228.848,-0.472,-0.255,-0.63
228.868,-0.275,-0.608,-1.032
228.888,-0.641,-0.614,-1.168
228.908,-0.247,-0.461,-0.759
228.928,-0.444,-0.624,-0.718
228.948,-0.209,-0.844,-0.735
228.968,-0.182,-0.514,-0.777
228.988,-0.706,-0.599,-0.803
229.008,-0.488,-0.691,-0.574
229.028,-0.553,-0.293,-0.363
229.048,-0.747,-0.075,-0.207
229.068,-0.59,-0.732,-0.507
229.088,0.1,-0.497,-1.174
229.108,-0.264,-0.612,-0.49
229.128,-0.008,-0.08,-0.479
229.148,-0.223,-0.439,-0.689
229.168,-0.531,-0.334,-0.513
229.188,-0.462,-0.277,-0.632
229.208,-0.265,-0.506,-0.704
229.228,-0.283,-0.574,-0.657
229.248,-0.487,-0.25,-0.82
229.268,-0.668,-0.384,-1.081
229.288,0.286,-0.709,-1.087
229.308,-0.397,-0.678,-0.523
229.328,-0.437,-0.608,-0.927
229.348,-0.368,-0.304,-1.033
229.368,-0.425,-0.227,-1.043
229.388,-0.355,-0.102,-0.825
229.408,-0.118,-0.691,-0.422
229.428,-0.402,-0.512,-0.762
229.448,-0.621,-0.611,-1.022
229.468,-0.408,-0.565,-0.446
229.488,-0.462,-0.333,-0.673
229.508,-0.093,-0.538,-0.819
229.528,-0.135,-0.273,-0.641
229.548,-0.331,-0.642,-0.724
229.568,-0.606,-0.405,-0.879
229.588,-0.586,-0.628,-0.855
229.608,-0.324,-0.907,-0.991
229.628,-0.268,-0.754,-0.842
229.648,-0.404,-0.541,-0.57
229.668,-0.439,-0.187,-0.583
229.688,-0.462,-0.661,-0.81
229.708,-0.353,-0.612,-0.815
229.728,-0.83,-0.478,-1.003
229.748,-0.582,-0.699,-0.724
229.768,-0.495,-0.669,-1.099
229.788,-0.14,-0.572,-0.652
229.808,-0.561,-0.69,-0.724
229.828,-0.366,-0.95,-0.867
229.848,-0.371,-0.73,-0.735
229.868,-0.164,-0.453,-0.873
229.888,-0.18,-0.459,-0.75
229.908,-0.459,-0.309,-0.75
229.928,-0.539,-0.31,-0.546
229.948,-0.576,-0.747,-0.682
229.968,-0.489,-0.71,-0.565
229.988,-0.527,-0.703,-0.697
230.008,-0.324,-0.583,-0.814
230.028,-0.353,-0.683,-0.687
230.048,-0.303,-0.589,-0.714
230.068,-0.183,-0.735,-0.852
230.088,-0.077,-0.382,-1.078
230.108,-0.446,-0.719,-0.903
230.128,-0.269,-0.731,-0.9
230.148,-0.564,-0.414,-0.683
230.168,-0.26,-0.379,-0.802
230.188,-0.275,-0.566,-0.961
230.208,-0.288,-0.347,-0.829
230.228,-0.456,-0.357,-0.857
230.248,-0.606,-0.132,-0.977
230.268,-0.746,-0.375,-0.514
230.288,-0.466,-0.169,-0.847
230.308,-0.155,-0.506,-0.951
230.328,-0.507,-0.232,-1.108
230.348,-0.284,-0.217,-0.766
230.368,-0.256,-0.514,-0.681
230.388,-0.471,-0.609,-0.904
230.408,-0.145,-0.586,-0.743
230.428,-0.994,-0.386,-0.992
230.448,-0.657,-0.694,-0.816
230.468,-0.593,-0.565,-0.558
230.488,-0.585,-0.247,-0.825
230.508,-0.376,-0.374,-0.891
230.528,-0.389,-0.999,-0.496
230.548,-0.372,-0.806,-0.711
230.568,-0.326,-0.129,-0.841
230.588,-0.622,-0.325,-0.908
230.608,-0.676,-0.685,-0.985
230.628,-0.365,-0.859,-0.673
230.648,-0.57,-0.796,-0.609
230.668,-0.756,-0.447,-0.752
230.688,-0.25,-0.17,-0.789
230.708,-0.175,-0.191,-0.636
230.728,-0.122,-0.892,-1.03
230.748,-0.389,-0.617,-0.741
230.768,-0.295,-0.747,-0.776
230.788,-0.164,-0.54,-0.704
230.808,-0.578,-0.819,-0.692
230.828,-0.243,-0.65,-0.849
230.848,-0.413,-0.727,-0.402
230.868,-0.274,-0.452,-0.983
230.888,-0.421,-0.669,-0.867
230.908,-0.202,-0.652,-0.611
230.928,-0.434,-0.468,-0.899
230.948,-0.772,-0.242,-0.754
230.968,-0.19,-0.15,-0.881
230.988,-0.659,-0.496,-0.849
231.008,-0.226,-0.615,-1.002
231.028,-0.497,-0.343,-0.587
231.048,-0.25,-0.377,-0.571
231.068,-0.261,-0.413,-0.58
231.088,-0.395,-0.92,-0.825
231.108,-0.391,-0.347,-0.67
231.128,-0.411,-0.512,-0.35
231.148,-0.898,-0.77,-0.701
231.168,-0.466,-0.716,-0.989
231.188,-0.716,-0.487,-0.927
231.208,-0.449,-1.123,-0.938
231.228,-0.732,-0.658,-0.482
231.248,-0.735,-0.763,-0.674
231.268,-0.178,-0.78,-1.065
231.288,-0.275,-0.722,-0.472
231.308,-0.5,-0.924,-0.619
231.328,-0.445,-0.428,-0.706
231.348,-0.518,-1.035,-0.45
231.368,-0.359,-0.577,-0.807
231.388,-0.604,-0.805,-0.483
231.408,-0.281,-0.231,-1.202
231.428,-0.525,-0.63,-0.914
231.448,-0.566,-1.069,-0.601
231.468,-0.475,-0.532,-0.427
231.488,-0.607,-0.853,-0.997
231.508,-0.412,-0.438,-0.831
231.528,-0.579,-0.505,-0.717
231.548,-0.358,-0.34,-0.929
231.568,-0.207,-0.583,-0.8
231.588,-0.609,-0.451,-0.422
231.608,-0.489,-0.619,-0.944
231.628,-0.345,-0.738,-0.781
231.648,-0.527,-0.408,-0.675
231.668,-0.342,-0.876,-0.632
231.688,-0.317,-0.651,-0.897
231.708,-0.224,-0.775,-0.753
231.728,-0.559,-0.478,-0.78
231.748,-0.62,-0.832,-0.664
231.768,-0.485,-0.726,-0.965
231.788,-0.621,-0.618,-0.485
231.808,-0.324,-0.304,-0.695
231.828,-0.677,-0.699,-0.536
231.848,0.02,-0.668,-0.861
231.868,-0.187,-0.854,-0.982
231.888,-0.457,-0.77,-0.941
231.908,-0.275,-0.49,-0.627
231.928,-0.767,-0.586,-0.847
231.948,0.09,-0.587,-1.086
231.968,-0.53,-0.253,-0.754
231.988,-0.438,-0.942,-0.866
232.008,-0.8,-0.138,-0.87
232.028,-0.347,-0.392,-1.162
232.048,-0.676,-0.713,-1.121
232.068,-0.447,-0.568,-0.936
232.088,-0.581,-0.781,-0.999
232.108,-0.695,-0.58,-0.914
232.128,-0.63,-0.219,-0.63
232.148,-0.418,-0.775,-1.027
232.168,-0.713,-0.696,-0.991
232.188,-0.623,-0.793,-0.937
232.208,-0.34,-0.791,-1.034
232.228,0.031,-0.752,-0.876
232.248,-0.388,-0.889,-0.622
232.268,-0.674,-0.74,-0.874
232.288,-0.577,-0.698,-0.762
232.308,-0.502,-0.79,-1.285
232.328,-0.585,-1.182,-0.793
232.348,-0.327,-0.762,-0.503
232.368,-0.469,-0.734,-0.764
232.388,-0.331,-0.342,-0.752
232.408,-0.585,-0.707,-0.734
232.428,-0.262,-0.502,-0.482
232.448,-0.571,-0.769,-0.524
232.468,-0.735,-0.409,-0.99
232.488,-0.1,-0.864,-0.547
232.508,-0.897,-0.592,-0.528
232.528,-0.667,-0.541,-1.147
232.548,-0.658,-0.588,-0.797
232.568,-0.032,-0.286,-0.7
232.588,-0.178,-0.812,-1.363
232.608,-0.24,-0.419,-0.935
232.628,-0.604,-0.494,-0.939
232.648,-0.062,-0.716,-0.93
232.668,-0.47,-0.361,-0.591
232.688,-0.35,-0.77,-0.818
232.708,-0.496,-0.728,-0.726
232.728,-0.556,-0.74,-0.786
232.748,-0.603,-0.991,-0.302
232.768,-0.581,-0.58,-0.6
232.788,-0.415,-0.611,-0.812
232.808,-0.473,-0.756,-0.862
232.828,-0.553,-0.383,-0.961
232.848,-0.264,-0.832,-1.0
232.868,-1.153,-1.089,-1.044
232.888,-0.466,-0.358,-0.615
232.908,-0.425,-0.549,-0.991
232.928,-0.337,-0.635,-0.68
232.948,-0.582,-0.831,-0.919
232.968,-0.554,-0.701,-0.972
232.988,-0.401,-1.032,-0.886
233.008,-0.325,-0.825,-0.458
233.028,-0.668,-0.955,-0.211
233.048,-0.557,-0.747,-0.903
233.068,-0.284,-0.612,-0.934
233.088,-1.066,-0.996,-0.663
233.108,-0.773,-0.655,-0.81
233.128,-0.338,-0.747,-0.969
233.148,-0.414,-0.645,-0.738
233.168,-0.529,-0.841,-0.69
233.188,-0.731,-0.663,-0.89
233.208,-0.826,-0.943,-0.873
233.228,-0.756,-1.145,-0.483
233.248,-0.332,-1.107,-0.982
233.268,-0.764,-0.896,-0.917
233.288,-0.622,-1.108,-0.916
233.308,-0.795,-0.482,-0.489
233.328,-0.454,-0.805,-1.215
233.348,-0.717,-0.604,-0.658
233.368,-0.622,-0.623,-0.829
233.388,-0.94,-0.781,-0.477
233.408,-0.918,-0.06,-0.778
233.428,-0.611,-0.166,-1.279
233.448,-0.879,-0.473,-0.507
233.468,-0.2,-0.928,-0.879
233.488,-1.027,-0.453,-1.238
233.508,-0.766,-1.089,-0.91
233.528,-0.591,-0.463,-0.814
233.548,-0.669,-1.248,-1.039
233.568,-0.817,-0.799,-1.136
233.588,-0.782,-0.478,-0.778
233.608,-0.776,-0.639,-1.093
233.628,-0.649,-0.993,-1.034
233.648,-0.203,-0.675,-0.57
233.668,-0.601,-0.637,-0.898
233.688,-0.37,-0.679,-1.091
233.708,-0.512,-0.804,-1.042
233.728,-0.387,-0.555,-0.797
233.748,-1.183,-0.514,-0.817
233.768,-0.685,-0.761,-0.773
233.788,-0.367,-0.427,-0.73
233.808,-0.751,-0.764,-0.821
233.828,-0.274,-0.831,-0.774
233.848,-0.339,-0.462,-0.991
233.868,-0.718,-0.473,-1.137
233.888,-0.709,-0.877,-0.64
233.908,-0.816,-0.903,-0.743
233.928,-0.723,-0.396,-0.985
233.948,-0.834,-0.766,-1.066
233.968,-0.479,-0.756,-0.467
233.988,-0.838,-0.803,-1.105
234.008,-0.424,-0.517,-0.88
234.028,-0.409,-0.33,-1.082
234.048,-0.869,-0.737,-1.027
234.068,-0.213,-0.275,-1.087
234.088,-0.432,-0.846,-1.37
234.108,-0.389,-0.794,-0.854
234.128,-0.697,-0.619,-0.79
234.148,-0.425,-0.934,-1.054
234.168,-0.327,-0.651,-0.409
234.188,-0.572,-0.878,-0.863
234.208,-0.146,-1.081,-0.868
234.228,-0.536,-1.106,-0.831
234.248,-0.312,-0.809,-1.024
234.268,-0.492,-0.645,-1.111
234.288,-0.44,-1.007,-1.061
234.308,-0.895,-0.701,-1.029
234.328,-0.488,-0.71,-0.817
234.348,-0.697,-0.773,-1.008
234.368,-0.718,-0.938,-0.822
234.388,-0.207,-0.699,-1.208
234.408,-0.593,-0.786,-1.101
234.428,-0.75,-0.557,-1.122
234.448,-0.624,-1.031,-1.748
234.468,-0.798,-0.753,-1.07
234.488,-0.243,-1.042,-1.2
234.508,-0.67,-0.845,-0.893
234.528,-0.426,-1.017,-0.842
234.548,-0.264,-1.0,-1.274
234.568,-0.649,-0.83,-1.051
234.588,-0.445,-0.95,-1.251
234.608,-0.758,-0.536,-0.938
234.628,-0.076,-0.6,-1.132
234.648,-0.389,-0.678,-1.118
234.668,-0.591,-0.69,-1.051
234.688,-0.691,-0.828,-0.934
234.708,-0.566,-0.588,-0.984
234.728,-0.619,-0.9,-0.904
234.748,-0.155,-0.41,-0.844
234.768,-0.795,-1.002,-1.019
234.788,-0.522,-1.032,-1.178
234.808,-0.553,-1.078,-1.294
234.828,-0.578,-1.055,-1.121
234.848,-0.591,-1.14,-0.915
234.868,-0.601,-0.767,-1.227
234.888,-0.407,-0.632,-0.74
234.908,-0.466,-0.783,-1.161
234.928,-0.517,-1.072,-0.984
234.948,-1.191,-0.879,-0.674
234.968,-0.519,-0.619,-1.011
234.988,-0.912,-0.849,-1.194
235.008,-0.445,-0.958,-1.477
235.028,-0.282,-1.085,-0.886
235.048,-0.739,-0.858,-0.892
235.068,-0.577,-0.919,-0.836
235.088,-0.627,-0.789,-0.905
235.108,-0.25,-0.669,-1.034
235.128,-0.482,-0.805,-1.084
235.148,-0.175,-0.715,-0.906
235.168,-0.424,-0.666,-0.714
235.188,-0.464,-1.001,-1.5
235.208,-0.498,-0.382,-0.717
235.228,-0.344,-0.891,-0.966
235.248,-0.849,-0.642,-0.954
235.268,-0.481,-0.97,-0.771
235.288,-0.52,-0.726,-0.933
235.308,-0.363,-0.717,-0.84
235.328,-0.548,-0.414,-1.212
235.348,-0.708,-0.804,-0.942
235.368,-0.502,-0.496,-0.798
235.388,-0.723,-0.713,-0.993
235.408,-0.89,-0.391,-0.983
235.428,-0.363,-1.104,-0.869
235.448,-0.392,-0.658,-0.826
235.468,-0.425,-1.28,-0.619
235.488,-0.269,-0.759,-0.836
235.508,-0.669,-0.537,-0.658
235.528,-0.819,-0.449,-0.948
235.548,-0.555,-0.595,-1.407
235.568,-0.608,-0.814,-1.011
235.588,-0.698,-0.632,-1.095
235.608,-0.56,-0.224,-0.936
235.628,-0.676,-0.713,-0.997
235.648,-0.934,-0.541,-0.886
235.668,-0.669,-0.816,-1.074
235.688,-0.831,-0.519,-0.91
235.708,-0.556,-0.564,-0.887
235.728,-0.742,-0.861,-0.939
235.748,-0.387,-0.583,-1.245
235.768,-0.279,-0.576,-0.775
235.788,-0.474,-0.599,-0.835
235.808,-0.912,-0.755,-0.986
235.828,-0.289,-0.501,-1.311
235.848,-0.282,-0.928,-0.886
235.868,-0.613,-0.736,-1.059
235.888,-0.364,-0.708,-1.049
235.908,-0.715,-0.516,-0.951
235.928,-0.98,-0.942,-0.638
235.948,-0.749,-0.692,-0.898
235.968,-0.251,-0.833,-0.955
235.988,-0.912,-0.7,-1.044
236.008,-0.609,-0.651,-0.922
236.028,-0.608,-0.981,-0.915
236.048,-0.698,-0.481,-0.798
236.068,-0.692,-0.628,-1.02
236.088,-0.572,-0.89,-1.083
236.108,-0.682,-0.79,-1.009
236.128,-0.868,-0.416,-0.953
236.148,-0.534,-0.64,-0.945
236.168,-0.366,-0.929,-0.946
236.188,-0.395,-0.877,-1.132
236.208,-0.727,-0.583,-0.945
236.228,-0.813,-0.554,-0.8
236.248,-0.624,-0.634,-0.681
236.268,-0.248,-0.756,-0.742
236.288,-0.446,-0.552,-0.964
236.308,-0.425,-0.791,-0.993
236.328,-0.38,-0.911,-0.724
236.348,-0.468,-0.427,-1.0
236.368,-0.538,-0.642,-0.794
236.388,-0.439,-0.903,-0.973
236.408,-0.687,-0.723,-1.446
236.428,-0.87,-0.749,-0.827
236.448,-0.439,-0.818,-0.763
236.468,-0.342,-0.703,-1.039
236.488,-0.817,-0.939,-1.205
236.508,-0.433,-0.594,-0.67
236.528,-0.273,-0.775,-1.008
236.548,-0.615,-1.099,-1.046
236.568,-0.767,-0.841,-0.901
236.588,-0.571,-0.921,-0.435
236.608,-0.701,-1.398,-0.895
236.628,-0.699,-0.84,-0.967
236.648,-0.494,-0.6,-0.995
236.668,-0.905,-0.817,-0.675
236.688,-0.863,-0.632,-0.912
236.708,-0.571,-0.775,-0.859
236.728,-0.588,-0.875,-0.973
236.748,-0.527,-0.939,-0.943
236.768,-0.23,-1.045,-1.098
236.788,-0.571,-0.622,-1.007
236.808,-0.47,-0.647,-1.172
236.828,-0.782,-0.859,-1.153
236.848,-0.433,-1.2,-0.954
236.868,-0.699,-0.714,-1.214
236.888,-0.605,-0.979,-1.047
236.908,-0.658,-0.764,-1.154
236.928,-0.417,-1.102,-1.28
236.948,-0.878,-0.775,-1.018
236.968,-1.057,-0.823,-0.908
236.988,-0.64,-1.275,-1.344
237.008,-0.497,-0.487,-0.97
237.028,-0.573,-0.873,-1.331
237.048,-0.373,-0.858,-0.839
237.068,-0.521,-0.71,-0.975
237.088,-0.718,-0.829,-1.366
237.108,-1.071,-0.736,-0.956
237.128,-0.658,-1.044,-1.239
237.148,-0.387,-0.834,-1.302
237.168,-0.679,-1.185,-0.967
237.188,-0.58,-0.846,-0.877
237.208,-0.501,-0.518,-1.021
237.228,-0.809,-1.095,-1.175
237.248,-0.475,-0.866,-1.077
237.268,-0.273,-1.225,-1.221
237.288,-0.639,-0.791,-1.138
237.308,-0.829,-0.698,-1.014
237.328,-0.643,-0.716,-1.386
237.348,-1.072,-0.902,-1.005
237.368,-0.559,-1.209,-1.365
237.388,-0.517,-1.024,-1.321
237.408,-0.249,-0.525,-0.942
237.428,-0.626,-0.609,-1.222
237.448,-0.496,-0.805,-1.257
237.468,-0.736,-0.765,-1.115
237.488,-0.634,-0.993,-1.162
237.508,-0.866,-0.537,-0.992
237.528,-0.603,-0.926,-1.012
237.548,-0.639,-0.696,-1.256
237.568,-0.506,-1.054,-1.407
237.588,-0.701,-0.814,-1.099
237.608,-0.562,-0.511,-0.842
237.628,-0.635,-0.946,-1.079
237.648,-0.648,-0.601,-1.131
237.668,-0.569,-0.964,-0.719
237.688,-0.563,-0.932,-0.921
237.708,-0.433,-0.748,-1.405
237.728,-0.613,-0.555,-1.119
237.748,-0.672,-0.805,-1.032
237.768,-0.628,-0.636,-1.288
237.788,-0.716,-0.52,-1.124
237.808,-0.633,-0.909,-1.072
237.828,-0.151,-1.07,-1.122
237.848,-0.742,-0.832,-1.325
237.868,-0.607,-0.506,-0.783
237.888,-0.622,-0.927,-1.026
237.908,-0.607,-0.567,-1.267
237.928,-0.635,-0.832,-0.923
237.948,-0.528,-0.422,-1.108
237.968,-0.924,-0.323,-0.894
237.988,-0.377,-0.557,-1.118
238.008,-0.452,-1.088,-1.404
238.028,-0.814,-1.238,-1.325
238.048,-1.016,-0.751,-0.886
238.068,-0.759,-0.566,-0.915
238.088,-0.599,-0.655,-1.376
238.108,-0.05,-0.897,-0.83
238.128,-0.456,-1.036,-0.925
238.148,-0.929,-0.543,-1.275
238.168,-0.707,-0.352,-1.147
238.188,-0.585,-0.865,-1.574
238.208,-0.51,-0.548,-1.274
238.228,-0.841,-0.195,-1.164
238.248,-0.599,-0.765,-1.051
238.268,-0.725,-0.757,-1.142
238.288,-0.823,-0.612,-1.084
238.308,-0.546,-0.787,-1.288
238.328,-0.438,-0.474,-1.022
238.348,-0.411,-0.81,-0.75
238.368,-0.463,-0.725,-1.004
238.388,-0.668,-1.023,-1.086
238.408,-0.417,-0.772,-1.228
238.428,-0.497,-0.926,-1.149
238.448,-0.544,-0.668,-1.328
238.468,-0.686,-1.073,-1.364
238.488,-0.654,-0.538,-1.094
238.508,-0.549,-0.921,-0.981
238.528,-0.08,-0.393,-1.244
238.548,-0.525,-0.491,-0.824
238.568,-0.698,-0.659,-1.188
238.588,-0.752,-1.078,-1.096
238.608,-0.678,-0.885,-0.897
238.628,-0.136,-0.935,-1.148
238.648,-0.645,-0.915,-0.959
238.668,-0.382,-0.451,-0.953
238.688,-0.629,-0.781,-1.198
238.708,-0.503,-0.881,-1.189
238.728,-0.386,-0.906,-0.802
238.748,-0.663,-0.863,-0.767
238.768,-0.664,-0.636,-0.904
238.788,-0.202,-1.064,-1.22
238.808,-0.337,-0.708,-0.865
238.828,-0.376,-0.651,-1.114
238.848,-0.364,-1.081,-1.317
238.868,-0.434,-1.023,-1.178
238.888,-0.12,-0.735,-1.091
238.908,-0.525,-0.427,-0.848
238.928,-0.423,-0.467,-1.22
238.948,-0.823,-0.831,-1.252
238.968,-0.704,-0.412,-1.157
238.988,-0.769,-0.76,-1.077
239.008,-0.26,-0.753,-0.919
239.028,-1.031,-0.65,-0.949
239.048,-0.606,-0.491,-1.511
239.068,-1.116,-0.777,-1.145
239.088,-0.68,-0.75,-1.065
239.108,-0.627,-0.908,-1.262
239.128,-0.26,-0.603,-1.24
239.148,-0.456,-0.492,-0.945
239.168,-0.682,-0.478,-0.936
239.188,-0.293,-0.951,-1.112
239.208,-0.477,-0.743,-1.007
239.228,-0.473,-0.435,-1.01
239.248,-0.745,-0.638,-1.343
239.268,-0.677,-0.681,-1.337
239.288,-0.654,-0.688,-1.19
239.308,-0.493,-0.553,-1.242
239.328,-0.478,-0.604,-1.22
239.348,-0.171,-0.781,-1.123
239.368,-0.39,-0.471,-1.126
239.388,-1.004,-0.897,-1.628
239.408,-0.429,-0.381,-1.084
239.428,-0.768,-0.821,-1.161
239.448,-0.657,-0.524,-1.09
239.468,-0.622,-0.672,-1.268
239.488,-0.592,-0.734,-1.261
239.508,-0.724,-0.361,-1.211
239.528,-0.399,-0.481,-0.927
239.548,-0.726,-0.639,-1.229
239.568,-0.367,-0.26,-0.938
239.588,0.008,-0.44,-0.959
239.608,-0.703,-0.794,-1.242
239.628,-0.494,-1.068,-1.257
239.648,-0.945,-0.59,-1.25
239.668,-0.507,-0.343,-1.197
239.688,-0.314,-0.494,-1.304
239.708,-0.292,-0.28,-1.057
239.728,-0.427,-0.729,-1.339
239.748,-0.275,-0.639,-1.047
239.768,0.055,-0.633,-1.42
239.788,-0.114,-0.554,-1.562
239.808,-0.551,-0.445,-1.594
239.828,-0.727,-0.256,-1.354
239.848,-0.53,-0.213,-1.377
239.868,-0.641,-0.245,-1.398
239.888,-0.358,-0.445,-1.033
239.908,-0.688,-0.652,-1.385
239.928,-0.452,-0.532,-1.604
239.948,-0.285,-0.442,-1.085
239.968,-0.48,-0.541,-0.922
239.988,-0.648,-0.738,-1.11
240.008,-17.168,26.83,-2.312
240.028,-20.584,21.51,4.372
240.048,-4.81,16.629,7.908
240.068,-15.995,11.565,11.435
240.088,13.063,5.602,20.65
240.108,15.395,13.62,-4.445
240.128,17.361,12.782,1.792
240.148,11.775,-3.868,7.692
240.168,13.209,16.177,7.795
240.188,14.906,-2.607,16.004
240.208,6.219,19.662,11.629
240.228,9.976,-8.182,1.388
240.248,6.872,15.196,4.207
240.268,9.734,-9.726,8.278
240.288,17.417,-5.019,24.812
240.308,4.587,-21.243,14.804
240.328,17.612,-20.404,12.142
240.348,13.002,-13.659,6.116
240.368,18.483,-1.667,28.312
240.388,17.272,-20.643,14.225
240.408,8.622,-4.954,22.927
240.428,14.315,-6.413,5.586
240.448,10.093,-7.83,28.186
240.468,15.775,3.045,3.613
240.488,11.992,-18.853,22.379
240.508,-5.716,-11.221,14.087
240.528,8.412,-27.122,14.067
240.548,4.148,-16.844,13.168
240.568,-3.096,-24.976,23.272
240.588,12.824,-24.508,15.038
240.608,12.351,-5.361,1.675
240.628,-2.542,-13.064,0.431
240.648,0.205,-5.2,1.182
240.668,5.474,-12.629,0.604
240.688,12.712,-6.314,18.516
240.708,-4.112,10.707,6.898
240.728,-7.793,3.135,3.391
240.748,-11.281,-12.168,4.607
240.768,-18.726,3.072,6.069
240.788,-14.503,-6.134,8.861
240.808,-9.041,0.41,9.671
240.828,-6.751,17.017,-8.839
240.848,-13.14,-1.352,11.079
240.868,-3.217,6.192,0.951
240.888,-12.329,15.554,-7.365
240.908,-18.365,7.504,-18.526
240.928,-23.314,11.225,-4.038
240.948,-16.443,13.675,-11.991
240.968,-25.731,9.636,-8.165
240.988,-6.909,17.565,-21.472
241.008,-14.181,12.386,-15.452
241.028,-0.412,26.815,-6.333
241.048,-20.079,9.107,-29.016
241.068,-8.246,12.946,-22.151
241.088,-13.192,10.727,-26.548
241.108,5.173,10.436,-13.524
241.128,-6.475,-0.137,-9.027
241.148,-2.472,14.749,-19.858
241.168,1.976,18.827,-15.035
241.188,6.538,5.182,-0.575
241.208,-12.895,5.198,-13.907
241.228,0.995,2.283,-16.818
241.248,-0.271,4.992,-13.343
241.268,6.133,5.561,-15.111
241.288,-3.473,0.955,-10.802
241.308,1.127,-2.324,-11.766
241.328,-4.437,2.77,-12.643
241.348,7.242,-25.503,-8.812
241.368,-1.253,-4.596,2.359
241.388,6.162,-17.341,-2.767
241.408,7.153,-18.057,7.901
241.428,11.985,-4.713,-23.466
241.448,8.74,-8.973,4.156
241.468,19.972,-12.288,-15.236
241.488,7.365,-9.734,-1.06
241.508,16.717,-12.665,-12.858
241.528,5.393,-19.826,-8.753
241.548,29.943,-19.614,-5.851
241.568,24.123,-10.727,6.794
241.588,12.804,-20.074,3.074
241.608,4.984,-8.885,5.092
241.628,17.493,-15.588,-15.083
241.648,1.268,-6.58,2.06
241.668,19.137,1.547,7.056
241.688,8.666,0.971,4.551
241.708,12.74,-17.838,5.098
241.728,8.512,-6.338,6.24
241.748,11.843,-20.733,11.683
241.768,9.734,-1.189,9.612
241.788,10.922,-9.095,23.508
241.808,9.732,-11.761,1.703
241.828,-8.41,-1.928,11.999
241.848,4.49,-5.859,7.462
241.868,-0.696,-13.961,5.973
241.888,0.062,-3.805,17.053
241.908,-3.322,15.018,5.056
241.928,-9.105,6.398,27.478
241.948,-16.576,3.531,14.887
241.968,1.875,8.305,12.015
241.988,-13.892,7.838,12.739
242.008,-11.685,24.116,16.847
242.028,-6.315,28.318,19.571
242.048,-17.42,17.808,10.855
242.068,-14.904,6.729,16.603
242.088,-3.316,-0.904,-1.183
242.108,-22.938,18.115,24.667
242.128,-11.452,12.502,2.022
242.148,-10.371,30.535,12.911
242.168,-17.785,-2.113,13.897
242.188,-21.015,4.136,19.622
242.208,-6.199,10.086,2.871
242.228,-19.052,2.455,10.235
242.248,-30.589,-2.75,5.044
242.268,-19.968,4.095,0.205
242.288,-12.6,2.291,9.867
242.308,-13.785,4.975,-10.196
242.328,-17.151,9.124,13.067
242.348,-23.356,-3.631,-4.846
242.368,-9.652,9.7,4.592
242.388,-11.213,5.143,-4.318
242.408,-3.101,-2.243,-0.004
242.428,-22.615,8.416,5.114
242.448,0.589,-20.963,-1.27
242.468,-11.203,-2.986,-9.381
242.488,-9.156,-20.443,-1.266
242.508,-1.049,-6.197,-4.284
242.528,-11.879,-4.83,-13.072
242.548,-11.119,-0.563,-2.871
242.568,-14.194,-6.153,-25.372
242.588,7.693,-27.784,-18.112
242.608,16.903,-10.729,-12.307
242.628,-2.736,-11.156,-16.128
242.648,16.069,-32.551,-16.486
242.668,1.475,-21.491,-9.791
242.688,-2.981,-14.793,-10.946
242.708,9.671,-25.408,-13.799
242.728,10.516,-19.014,-28.014
242.748,17.712,-1.853,-18.326
242.768,15.344,-7.592,-24.974
242.788,7.81,-8.558,-12.13
242.808,9.885,-17.173,-15.823
242.828,14.052,-10.199,-9.283
242.848,10.312,-6.351,-3.753
242.868,8.885,9.4,-3.662
242.888,12.846,-7.788,1.309
242.908,11.61,11.824,-21.15
242.928,15.353,2.245,-7.856
242.948,12.113,-2.282,-15.569
242.968,7.261,24.649,0.8
242.988,14.995,13.983,-5.159
243.008,1.698,2.959,-0.907
243.028,15.692,14.411,-10.001
243.048,0.501,11.636,-5.459
243.068,0.578,15.209,1.856
243.088,-8.965,26.84,-3.408
243.108,10.925,-3.834,-11.241
243.128,5.534,15.947,12.723
243.148,-5.438,14.736,-14.038
243.168,3.629,21.242,12.451
243.188,-6.735,13.007,0.064
243.208,-5.967,5.112,-1.308
243.228,-9.058,20.859,6.304
243.248,-8.685,2.06,-4.359
243.268,-20.381,1.562,9.635
243.288,-9.43,1.335,30.288
243.308,-21.258,3.033,24.386
243.328,-24.573,5.796,-1.649
243.348,-13.007,9.164,12.637
243.368,-0.797,4.78,5.114
243.388,-19.377,6.798,16.243
243.408,-9.286,4.962,5.609
243.428,-10.455,12.729,25.038
243.448,-24.037,-5.835,16.144
243.468,-0.22,-1.042,7.799
243.488,3.631,7.627,10.554
243.508,-7.188,-2.838,9.338
243.528,-9.042,-14.629,12.464
243.548,-17.573,-18.011,5.375
243.568,-10.083,-5.098,9.271
243.588,-15.643,-9.076,23.527
243.608,-3.064,-15.391,16.391
243.628,-11.171,5.803,-1.474
243.648,-0.947,-23.05,18.451
243.668,-1.964,-26.878,12.764
243.688,-10.692,-19.792,8.587
243.708,-10.296,-5.162,0.133
243.728,6.458,-26.187,6.783
243.748,-13.081,-21.262,5.49
243.768,-2.206,-15.838,6.814
243.788,1.734,-6.808,-4.033
243.808,-1.965,-10.95,7.207
243.828,5.822,-8.936,10.272
243.848,9.045,13.444,3.929
243.868,7.996,-5.691,11.07
243.888,-3.183,-10.559,-10.169
243.908,0.354,4.682,13.343
243.928,8.143,3.107,5.952
243.948,21.48,4.678,-0.541
243.968,16.668,1.124,-4.539
243.988,7.989,-0.399,-5.729
244.008,0.566,3.737,4.576
244.028,-1.895,0.988,-1.725
244.048,0.169,14.945,-8.514
244.068,6.614,12.941,-26.946
244.088,22.061,15.723,-11.523
244.108,20.035,5.533,-16.966
244.128,18.186,12.442,-12.591
244.148,4.484,23.833,-10.303
244.168,23.274,5.379,-4.337
244.188,23.202,15.332,-23.721
244.208,16.153,12.732,-20.798
244.228,11.297,14.277,-8.495
244.248,29.171,23.727,-5.186
244.268,-1.099,14.869,-11.32
244.288,1.994,23.47,-15.337
244.308,11.277,33.363,-18.273
244.328,1.394,16.59,-15.499
244.348,17.242,9.064,-7.818
244.368,-4.442,13.137,-17.603
244.388,13.277,6.877,-9.747
244.408,-9.438,5.602,-14.736
244.428,6.576,15.232,-12.308
244.448,-5.738,-9.372,-9.791
244.468,-14.011,1.673,-12.127
244.488,11.343,-0.704,-13.739
244.508,-10.586,-6.981,-5.639
244.528,-7.173,-6.144,-14.992
244.548,0.766,1.853,-10.129
244.568,-11.539,-20.359,-6.862
244.588,-11.631,-20.54,-16.037
244.608,-1.115,-16.015,3.161
244.628,-10.948,-9.998,-10.383
244.648,-17.145,-8.77,-6.237
244.668,-32.197,-19.526,-16.161
244.688,-16.302,-21.686,4.145
244.708,-16.454,-18.298,11.417
244.728,-14.316,-20.761,-10.618
244.748,-16.77,-7.634,-6.792
244.768,-8.908,-9.723,0.967
244.788,-2.498,-13.33,-0.38
244.808,-24.443,-11.138,1.074
244.828,-15.737,-11.719,-8.965
244.848,-10.603,-7.134,2.361
244.868,-7.582,0.65,21.261
244.888,-10.432,-9.773,5.191
244.908,-9.067,-24.538,22.374
244.928,-3.451,-9.617,3.486
244.948,-7.359,-10.614,15.915
244.968,-9.478,2.876,1.853
244.988,5.717,-5.098,12.48
245.008,-4.848,6.695,14.583
245.028,2.304,9.225,6.892
245.048,-5.793,14.651,13.077
245.068,9.331,12.7,3.648
245.088,1.522,14.483,-1.942
245.108,4.745,5.367,2.678
245.128,-5.214,21.768,12.959
245.148,4.332,13.393,4.437
245.168,9.156,11.622,10.772
245.188,24.485,27.089,13.884
245.208,21.467,16.187,12.474
245.228,10.228,19.587,13.469
245.248,11.006,10.627,2.115
245.268,1.964,14.044,10.394
245.288,23.86,19.012,5.582
245.308,12.834,21.413,2.663
245.328,15.523,9.246,8.023
245.348,12.023,18.545,13.326
245.368,16.819,4.777,-2.287
245.388,9.99,10.747,11.536
245.408,15.012,12.139,-0.259
245.428,10.01,5.858,2.142
245.448,14.906,9.149,4.328
245.468,-7.119,2.56,5.644
245.488,-7.791,1.546,0.771
245.508,19.112,5.618,-2.092
245.528,4.455,0.942,-12.449
245.548,-2.916,-7.262,-4.206
245.568,-12.95,3.935,4.981
245.588,-4.223,-15.125,-5.729
245.608,11.485,-4.514,-12.65
245.628,1.334,-8.516,-12.743
245.648,-3.673,-9.026,-19.213
245.668,-9.931,-20.195,-14.437
245.688,-0.601,-23.486,-3.438
245.708,-0.112,-10.298,-9.785
245.728,-12.273,-14.286,-27.125
245.748,4.866,-19.698,-11.495
245.768,-14.727,-15.325,-9.768
245.788,-14.458,-11.325,-13.352
245.808,1.431,-18.637,-18.205
245.828,-12.222,-27.797,-12.718
245.848,-15.466,-11.021,-4.1
245.868,-11.176,-22.133,-19.551
245.888,-13.168,-9.653,-13.088
245.908,-9.294,-15.318,-25.67
245.928,-22.498,-4.606,-25.815
245.948,-16.849,-3.854,-18.657
245.968,-26.525,-3.025,-10.418
245.988,-13.759,-0.426,-17.073
246.008,-15.82,-10.35,-5.363
246.028,-15.718,2.611,-12.346
246.048,-14.112,-3.478,-21.286
246.068,-11.606,-1.163,-15.947
246.088,-7.995,3.287,-6.7
246.108,-16.089,5.088,-8.414
246.128,-12.837,5.968,-4.956
246.148,-0.316,19.047,-0.436
246.168,-1.836,14.871,3.304
246.188,-16.208,16.645,-9.384
246.208,1.892,15.348,4.514
246.228,-1.071,10.467,-14.91
246.248,9.696,24.432,5.618
246.268,-11.386,32.244,-4.906
246.288,2.286,6.891,1.158
246.308,3.284,25.446,7.097
246.328,18.012,21.6,-4.207
246.348,5.528,18.713,9.792
246.368,8.675,13.232,3.728
246.388,15.76,8.733,6.75
246.408,20.921,7.13,-4.522
246.428,3.578,10.376,5.806
246.448,5.741,15.736,12.765
246.468,13.372,1.42,9.164
246.488,20.781,3.022,13.029
246.508,1.515,-3.848,21.44
246.528,9.985,6.234,17.739
246.548,29.68,5.637,12.815
246.568,5.064,-7.855,6.423
246.588,8.017,-29.606,23.897
246.608,15.965,7.11,20.188
246.628,10.602,-10.947,11.735
246.648,22.094,-1.981,9.978
246.668,31.449,-18.682,15.866
246.688,14.505,-13.442,10.241
246.708,25.608,-9.143,19.323
246.728,2.487,-17.033,5.584
246.748,16.338,-4.088,14.184
246.768,-0.115,-26.557,4.868
246.788,5.639,0.729,3.43
246.808,14.732,-14.407,13.303
246.828,-0.029,-28.586,17.671
246.848,16.124,-4.601,18.053
246.868,7.795,-35.225,1.383
246.888,-8.26,-18.307,3.91
246.908,12.423,-21.219,8.705
246.928,-4.46,-11.591,10.481
246.948,-4.427,-27.722,4.843
246.968,-5.434,-23.064,11.689
246.988,-21.124,-10.076,9.7
247.008,-7.269,-6.253,-0.562
247.028,-5.832,-6.15,4.689
247.048,-21.383,1.505,6.228
247.068,-11.636,-8.249,-0.874
247.088,-5.619,-2.756,6.835
247.108,-9.887,4.226,2.028
247.128,-17.875,5.95,1.664
247.148,-0.89,1.935,-10.282
247.168,2.565,9.798,-6.83
247.188,-11.385,8.166,-3.19
247.208,-11.194,10.813,-10.66
247.228,-16.247,21.442,-15.154
247.248,-14.306,4.072,-8.782
247.268,-14.188,16.581,-16.763
247.288,-16.939,22.856,-2.811
247.308,-19.469,15.993,-11.759
247.328,-12.851,15.013,-8.819
247.348,-19.407,12.456,-23.972
247.368,-16.128,21.663,-13.906
247.388,-18.069,18.138,-31.063
247.408,-5.201,20.775,-12.873
247.428,1.148,25.831,-19.815
247.448,-1.714,9.902,-30.629
247.468,-11.486,4.696,-18.838
247.488,-9.736,6.449,-14.103
247.508,-10.154,15.169,-11.498
247.528,-5.475,16.797,-24.455
247.548,-2.277,1.079,-17.278
247.568,14.715,5.698,-6.545
247.588,1.491,-13.537,-19.701
247.608,3.205,1.582,-5.27
247.628,-1.327,11.734,-19.868
247.648,17.481,-4.272,-14.119
247.668,8.207,-3.832,-16.492
247.688,2.571,-14.607,1.035
247.708,14.807,4.262,-9.494
247.728,13.221,-15.323,-17.939
247.748,24.886,-10.215,-13.727
247.768,12.068,-13.251,0.929
247.788,22.329,-21.918,-15.302
247.808,18.426,-21.853,-1.048
247.828,8.752,-10.297,-6.576
247.848,4.962,-14.096,-1.862
247.868,8.885,-14.701,13.824
247.888,22.782,-10.81,1.307
247.908,20.835,-12.668,17.497
247.928,8.461,-11.651,-5.917
247.948,4.128,-13.459,3.578
247.968,14.347,-14.083,-2.223
247.988,17.751,-2.558,4.992
248.008,12.871,-12.832,7.609
248.028,7.992,3.53,5.144
248.048,4.037,-12.034,3.993
248.068,-2.415,-7.822,6.669
248.088,6.807,-1.136,-4.146
248.108,-5.722,-8.62,12.453
248.128,-5.001,-0.217,8.616
248.148,2.257,-0.694,14.428
248.168,7.668,-5.057,8.686
248.188,0.783,-2.353,22.199
248.208,-7.588,10.805,13.794
248.228,-5.178,4.537,15.578
248.248,-1.352,12.201,35.109
248.268,0.422,-1.013,10.386
248.288,-11.951,6.359,13.614
248.308,-13.286,3.403,8.05
248.328,-8.774,17.966,19.085
248.348,-12.288,4.762,10.921
248.368,1.251,11.467,11.4
248.388,-20.122,22.393,19.801
248.408,-16.219,1.627,8.805
248.428,-9.028,4.969,21.085
248.448,-25.565,3.686,11.07
248.468,-6.095,9.566,12.917
248.488,-27.646,2.704,16.19
248.508,-34.644,3.873,13.848
248.528,-8.309,17.741,-3.839
248.548,-17.182,12.119,23.553
248.568,-17.663,-5.272,7.029
248.588,-13.684,3.886,-2.067
248.608,-12.8,5.257,-1.343
248.628,-26.496,0.952,0.013
248.648,-10.675,-5.213,-6.3
248.668,-5.164,-5.842,-20.975
248.688,-2.663,0.724,0.477
248.708,-8.472,-12.646,-4.792
248.728,-7.809,-7.127,2.636
248.748,-6.017,-1.218,-0.728
248.768,-7.725,-11.273,2.153
248.788,-5.234,-17.722,-3.246
248.808,-4.944,-21.892,1.345
248.828,12.829,-15.861,-7.943
248.848,-18.705,-9.55,-12.865
248.868,4.68,-12.787,-15.343
248.888,1.606,-9.396,5.909
248.908,11.261,-29.378,-20.052
248.928,11.363,-13.021,-21.829
248.948,7.175,-14.186,-19.286
248.968,7.549,-25.684,-12.383
248.988,25.936,-26.273,-19.346
249.008,12.582,-22.03,-15.757
249.028,11.01,-8.755,-8.672
249.048,7.316,-2.637,-18.504
249.068,13.984,-12.855,-0.995
249.088,3.071,-6.228,-23.175
249.108,12.802,-4.248,-23.427
249.128,7.302,-1.308,-10.109
249.148,-5.285,7.265,-25.322
249.168,16.08,-5.119,-24.651
249.188,-7.276,-14.894,-19.596
249.208,5.05,0.086,-5.683
249.228,18.341,-4.982,-16.711
249.248,16.83,4.163,-18.97
249.268,12.311,11.704,-12.276
249.288,0.011,2.32,-5.569
249.308,-1.033,1.812,-2.795
249.328,11.438,16.844,-19.641
249.348,1.666,7.393,-6.698
249.368,8.747,17.22,-11.34
249.388,2.72,0.142,-12.559
249.408,-12.443,18.869,2.205
249.428,-11.607,18.779,-10.368
249.448,18.716,18.83,8.543
249.468,2.23,27.102,2.868
249.488,1.474,10.824,-3.598
249.508,-8.061,3.382,18.365
249.528,-15.065,8.541,11.035
249.548,-22.77,6.663,10.749
249.568,-0.755,8.833,13.395
249.588,-14.427,0.082,7.752
249.608,-16.355,19.445,19.864
249.628,-12.45,0.683,9.051
249.648,-18.522,11.258,12.094
249.668,-23.166,2.968,17.489
249.688,-16.742,-9.2,12.896
249.708,-26.029,-21.244,19.279
249.728,-12.434,-7.226,14.263
249.748,-20.195,-12.108,17.865
249.768,-20.759,-13.542,2.415
249.788,-7.502,1.619,17.946
249.808,-11.449,-9.791,25.675
249.828,-11.644,-10.341,15.174
249.848,-13.647,-2.246,20.984
249.868,-11.527,-20.651,24.595
249.888,-9.246,-5.048,27.159
249.908,-2.884,-17.273,-7.642
249.928,-10.328,-24.978,11.885
249.948,-5.899,-9.275,10.009
249.968,3.927,-21.938,15.211
249.988,-8.235,-26.837,3.353
250.008,2.947,-12.494,14.873
250.028,-5.984,-26.429,17.658
250.048,5.081,-10.862,10.044
250.068,-13.089,-16.299,10.588
250.088,2.577,-18.888,-1.74
250.108,9.532,-16.352,11.577
250.128,3.711,-6.57,2.113
250.148,10.266,-3.832,7.921
250.168,-0.273,-16.728,-2.329
250.188,0.516,-12.724,9.512
250.208,10.295,1.404,-7.357
250.228,6.329,-3.098,0.728
250.248,19.254,3.21,-2.733
250.268,10.205,5.413,8.308
250.288,27.637,2.181,-1.216
250.308,7.379,0.924,-2.892
250.328,3.33,-0.845,-2.294
250.348,6.895,6.453,-4.621
250.368,16.143,18.792,-1.861
250.388,15.202,13.12,-20.701
250.408,16.405,7.024,-11.572
250.428,13.368,12.899,-15.875
250.448,-7.456,20.719,0.139
250.468,9.911,8.871,-3.1
250.488,10.618,11.124,-3.394
250.508,15.772,8.704,2.997
250.528,9.866,10.848,-4.668
250.548,13.105,5.356,-27.308
250.568,-5.778,9.719,-16.152
250.588,3.34,13.696,-5.125
250.608,1.157,4.686,-13.998
250.628,4.252,-4.928,-22.363
250.648,6.665,15.175,-14.539
250.668,-8.027,13.363,-20.062
250.688,-2.26,20.016,-15.072
250.708,-3.802,-0.996,-14.237
250.728,-12.1,4.604,-15.532
250.748,-18.028,-10.033,-18.932
250.768,-2.254,5.486,-14.32
250.788,-0.283,-6.303,-19.456
250.808,-9.192,-9.627,-10.071
250.828,-3.011,4.356,-10.978
250.848,6.249,-19.739,-5.925
250.868,-13.367,-12.45,-5.885
250.888,-17.969,-24.373,-9.793
250.908,-13.429,-10.366,-19.981
250.928,-11.975,-22.602,-7.644
250.948,-14.428,-30.333,0.214
250.968,-17.378,-16.152,-12.526
250.988,-14.928,-1.263,3.547
251.008,-13.344,-11.565,-2.555
251.028,-16.14,-12.518,-6.287
251.048,-3.582,-18.776,7.967
251.068,-5.446,-16.481,2.007
251.088,-20.296,-13.338,11.424
251.108,-18.421,-28.399,8.862
251.128,-18.62,-7.877,7.384
251.148,-2.121,-8.441,-3.816
251.168,-11.238,-14.367,17.974
251.188,-7.061,-10.378,15.834
251.208,-13.685,2.383,8.44
251.228,-11.297,-24.115,20.05
251.248,-6.279,-9.166,6.053
251.268,3.454,-3.88,13.546
251.288,1.832,3.615,19.002
251.308,1.684,-0.02,14.5
251.328,-4.138,-1.517,18.869
251.348,3.268,9.716,3.726
251.368,-0.155,-5.614,28.793
251.388,15.12,10.66,11.495
251.408,-4.081,1.048,-0.846
251.428,12.224,0.925,26.49
251.448,9.516,21.861,20.088
251.468,5.557,8.662,-1.353
251.488,24.797,9.854,14.301
251.508,-4.359,22.568,26.249
251.528,12.006,10.671,19.149
251.548,18.206,14.5,14.511
251.568,23.378,17.463,15.37
251.588,23.335,13.057,16.969
251.608,12.162,25.047,1.707
251.628,35.924,-0.372,6.66
251.648,23.853,21.467,-3.45
251.668,9.26,-1.275,9.047
251.688,27.069,14.113,2.542
251.708,18.102,1.396,9.979
251.728,2.35,4.298,11.716
251.748,15.679,-5.344,3.782
251.768,8.827,2.981,4.708
251.788,10.481,6.666,0.659
251.808,-3.344,-4.707,-0.995
251.828,3.637,-8.699,-16.795
251.848,8.716,-5.499,-3.328
251.868,7.492,-7.482,-9.599
251.888,-6.898,-6.039,-13.214
251.908,5.697,-15.127,-14.515
251.928,15.972,-15.594,-10.231
251.948,3.745,-1.9,-9.629
251.968,-6.714,-11.735,-4.668
251.988,6.466,4.084,-12.99
252.008,-18.192,-17.873,-13.951
252.028,-13.723,-12.155,3.099
252.048,-12.164,-13.651,-19.149
252.068,0.875,-20.459,-18.278
252.088,-9.055,-15.063,-6.167
252.108,-20.512,-9.398,-5.393
252.128,-17.641,-34.857,-5.211
252.148,-8.885,-22.689,-21.164
252.168,-5.488,-8.092,-18.721
252.188,-0.159,-23.702,-8.01
252.208,-5.517,-14.735,-22.093
252.228,-12.383,-14.129,-14.613
252.248,-7.504,-5.6,-34.118
252.268,-11.942,5.188,-15.504
252.288,-16.925,-13.353,-16.664
252.308,-17.791,-3.708,-29.847
252.328,-13.783,-7.609,-15.085
252.348,-20.856,3.015,-11.995
252.368,-4.897,0.28,11.825
252.388,-9.76,6.862,-18.572
252.408,-16.227,8.222,-11.585
252.428,-17.921,16.701,-4.886
252.448,-2.424,-0.122,-19.619
252.468,-6.7,19.987,-0.575
252.488,-10.806,15.016,-16.82
252.508,-3.416,10.726,-1.144
252.528,-3.971,17.773,-12.868
252.548,-7.251,5.084,-13.184
252.568,13.672,27.974,-6.745
252.588,-5.725,6.255,10.524
252.608,-3.823,-4.532,-5.542
252.628,-7.798,11.496,4.51
252.648,-0.924,11.006,4.12
252.668,2.863,12.214,9.02
252.688,1.365,19.284,-5.245
252.708,6.178,9.038,-0.703
252.728,11.515,10.406,16.475
252.748,12.663,15.224,-0.467
252.768,6.888,10.926,-2.653
252.788,12.281,21.579,14.558
252.808,17.133,6.127,12.339
252.828,26.807,-4.826,6.121
252.848,5.312,-10.942,11.682
252.868,18.587,-8.388,13.215
252.888,18.097,-12.82,14.498
252.908,2.586,-11.846,33.709
252.928,0.547,-22.262,23.374
252.948,17.393,-27.347,18.442
252.968,6.233,-23.032,7.643
252.988,11.692,-11.933,21.353
253.008,12.596,-13.165,4.006
253.028,22.576,-9.818,12.576
253.048,21.17,-14.712,11.831
253.068,15.721,-12.176,10.241
253.088,7.638,-23.062,-4.555
253.108,16.992,-14.824,4.479
253.128,-6.558,-9.794,17.682
253.148,8.156,-11.717,15.41
253.168,-6.3,-28.575,8.073
253.188,-0.756,-7.562,4.255
253.208,5.399,-6.52,11.447
253.228,-3.174,-12.153,-0.458
253.248,-4.578,-11.711,-2.14
253.268,-8.216,-4.25,6.966
253.288,-10.664,1.571,0.446
253.308,-6.725,15.333,6.413
253.328,-8.249,-4.35,6.726
253.348,-14.896,13.618,6.428
253.368,-2.495,7.504,-3.196
253.388,-17.742,0.422,0.817
253.408,-24.593,1.364,-8.529
253.428,-3.715,0.19,2.28
253.448,-22.788,-3.042,-11.519
253.468,-24.31,-4.061,-5.728
253.488,-5.554,4.57,-2.449
253.508,-7.582,-3.334,-11.442
253.528,-13.523,3.108,-2.428
253.548,-20.483,26.703,-18.024
253.568,-28.728,18.554,-11.616
253.588,-3.324,12.722,-8.085
253.608,-8.393,11.963,-16.121
253.628,-17.282,21.785,-16.876
253.648,-9.903,9.134,-10.668
253.668,-21.936,19.763,-13.795
253.688,-20.632,-2.451,-22.065
253.708,-18.119,13.46,-11.701
253.728,-12.653,17.916,-10.882
253.748,-11.516,11.687,-31.301
253.768,-9.079,6.856,-18.33
253.788,2.054,7.598,-8.308
253.808,-5.513,5.693,-20.963
253.828,-3.409,-2.5,-20.554
253.848,10.688,11.293,-17.43
253.868,-1.89,-14.497,-3.042
253.888,0.604,-10.332,-11.274
253.908,14.877,-8.339,-15.478
253.928,5.096,-2.018,-12.691
253.948,12.449,-24.759,-13.117
253.968,-3.079,-8.104,-5.24
253.988,6.135,-5.896,-16.803
254.008,10.887,-15.135,-7.479
254.028,22.502,-11.255,3.196
254.048,9.96,-1.685,-6.826
254.068,21.43,-6.444,1.243
254.088,14.991,-13.489,-7.12
254.108,23.774,-9.975,-6.406
254.128,10.062,-24.537,5.449
254.148,8.935,-12.577,9.696
254.168,11.614,-15.103,-5.422
254.188,10.162,-20.298,14.061
254.208,16.124,-16.444,-4.064
254.228,16.577,-19.595,-1.217
254.248,16.286,-5.851,8.95
254.268,-1.325,-8.546,3.482
254.288,11.654,-10.275,5.338
254.308,11.831,-22.815,10.298
254.328,0.525,-5.474,13.097
254.348,14.889,-8.151,9.66
254.368,9.256,9.667,14.655
254.388,-3.681,-9.559,10.006
254.408,7.318,-7.776,12.082
254.428,-0.981,-1.263,8.722
254.448,-2.468,-9.727,17.738
254.468,-8.878,7.941,21.714
254.488,-5.483,21.801,7.93
254.508,4.755,3.794,11.9
254.528,-3.015,8.48,7.106
254.548,-13.561,11.723,24.315
254.568,-3.578,16.518,6.893
254.588,-15.679,6.6,13.693
254.608,-14.302,-0.408,8.663
254.628,-19.987,21.851,9.731
254.648,-23.049,26.068,10.008
254.668,-7.107,17.298,12.419
254.688,-14.791,12.084,23.134
254.708,-18.826,8.438,11.224
254.728,-9.996,13.062,7.976
254.748,-20.419,9.852,10.352
254.768,-3.532,23.652,15.183
254.788,-21.267,11.962,10.99
254.808,-23.206,11.111,0.824
254.828,-18.418,6.129,3.085
254.848,-22.395,1.309,3.69
254.868,-10.076,-9.172,-6.288
254.888,-15.108,-8.011,5.804
254.908,-16.515,5.898,-3.056
254.928,-15.676,-9.349,6.965
254.948,-25.736,-15.439,-5.594
254.968,-20.606,-15.709,2.726
254.988,0.589,-24.948,4.906
255.009,-1.663,-1.039,-8.468
255.029,1.675,-9.469,-14.287
255.049,8.022,-11.208,-18.571
255.069,7.553,-17.982,0.703
255.089,4.526,-13.581,-7.614
255.109,-6.159,-8.206,0.427
255.129,16.465,-12.684,-13.645
255.149,-4.017,-24.368,-27.795
255.169,6.551,-23.473,-14.181
255.189,-1.598,-15.15,-15.786
255.209,10.512,-17.097,-15.298
255.229,14.558,-14.334,-18.675
255.249,5.971,-16.011,-10.361
255.269,-3.522,-9.74,-22.899
255.289,10.737,-22.143,-15.92
255.309,26.628,-21.785,-13.187
255.329,27.945,-25.581,-12.196
255.349,16.286,-8.277,-6.995
255.369,13.698,-7.505,-17.433
255.389,29.947,-14.649,-3.915
255.409,23.099,-13.506,-21.686
255.429,22.192,5.399,3.578
255.449,21.09,-10.939,-0.285
255.469,18.45,7.348,-9.925
255.489,2.568,-8.239,1.432
255.509,9.29,1.599,-8.793
255.529,15.445,-2.322,3.74
255.549,11.158,14.18,-8.706
255.569,7.386,14.518,-26.138
255.589,-1.791,-0.94,-5.163
255.609,5.089,5.28,-7.697
255.629,4.3,13.013,-12.455
255.649,-3.038,13.034,0.444
255.669,9.137,11.001,7.085
255.689,6.596,14.751,-14.313
255.709,-3.495,16.268,-6.57
255.729,3.759,7.093,-7.836
255.749,7.189,8.752,-1.267
255.769,-3.106,7.603,15.955
255.789,-0.047,3.514,6.377
255.809,-8.754,18.738,5.848
255.829,-5.31,12.785,0.132
255.849,-9.951,14.152,9.192
255.869,-18.969,3.834,6.753
255.889,-20.75,-6.813,9.129
255.909,-6.426,6.478,6.439
255.929,-6.934,-0.832,18.874
255.949,-9.128,-2.352,19.197
255.969,-8.0,-14.479,12.838
255.989,-6.689,-1.875,22.376
256.009,-14.007,3.31,17.715
256.029,-9.835,-8.604,11.295
256.049,-29.782,-19.279,16.618
256.069,-25.534,-17.875,2.383
256.089,-12.217,-19.001,17.518
256.109,-7.669,-20.045,9.173
256.129,-22.17,-12.868,18.779
256.149,-16.688,-3.403,-3.616
256.169,-5.12,-9.985,18.997
256.189,-26.455,-4.299,13.515
256.209,-10.069,-6.944,6.249
256.229,2.487,-21.06,9.964
256.249,-11.276,-18.407,10.703
256.269,-11.904,-13.334,10.924
256.289,0.61,-14.712,-1.199
256.309,3.072,-18.042,12.353
256.329,17.07,-5.434,-6.099
256.349,-0.786,-18.215,3.813
256.369,0.484,-5.227,-5.41
256.389,-12.947,-28.644,8.626
256.409,3.441,-11.376,1.003
256.429,-4.122,-10.141,-3.504
256.449,9.693,-5.383,-18.099
256.469,17.186,-15.886,4.64
256.489,-0.375,-0.113,-0.67
256.509,10.708,-10.68,1.277
256.529,7.1,21.849,-13.484
256.549,1.645,-0.893,4.236
256.569,14.47,12.926,-15.419
256.589,9.587,5.593,-17.943
256.609,18.965,16.136,6.3
256.629,14.489,-3.861,-8.25
256.649,15.926,10.236,-18.688
256.669,14.386,11.189,-9.898
256.689,16.807,13.421,-17.333
256.709,27.8,-4.388,0.788
256.729,21.128,9.274,-15.729
256.749,4.993,14.507,-14.408
256.769,27.586,18.58,-15.899
256.789,9.688,12.4,-18.568
256.809,7.068,-1.664,-20.068
256.829,11.292,18.806,-19.548
256.849,0.425,11.378,-14.829
256.869,9.928,6.682,-12.095
256.889,11.09,6.631,-11.66
256.909,2.131,3.991,-29.714
256.929,4.57,6.845,-21.014
256.949,-0.089,8.643,-10.801
256.969,-23.31,16.588,-8.918
256.989,-4.783,3.801,-13.298
257.009,-8.199,3.419,-18.687
257.029,-5.754,1.97,-23.38
257.049,-16.092,-4.29,-6.406
257.069,-18.348,-2.3,-13.867
257.089,-15.499,-12.236,-13.578
257.109,-6.79,-13.443,-9.654
257.129,-11.564,-7.973,-13.071
257.149,-19.816,-1.125,-6.584
257.169,-23.251,-1.587,-3.74
257.189,-6.483,-1.239,-5.457
257.209,-16.567,-31.839,-10.471
257.229,-8.174,-16.077,0.347
257.249,-10.884,-14.536,3.839
257.269,-12.439,-20.9,2.719
257.289,-27.635,-14.669,-10.264
257.309,-11.725,-16.127,-9.824
257.329,-22.533,-6.559,-8.027
257.349,-19.742,-22.053,13.776
257.369,-33.887,-5.782,11.332
257.389,-24.494,-14.984,1.386
257.409,-16.652,-14.689,-3.528
257.429,-5.113,-25.069,11.256
257.449,-4.179,0.259,-5.258
257.469,-11.102,3.078,-5.601
257.489,-15.59,-5.265,11.208
257.509,-8.991,-13.973,8.007
257.529,-13.811,7.379,15.499
257.549,-3.161,8.294,18.511
257.569,-1.391,-3.807,10.035
257.589,12.039,11.08,6.512
257.609,7.516,9.418,18.365
257.629,-1.297,6.274,-4.033
257.649,2.72,3.815,17.26
257.669,18.986,18.321,33.42
257.689,10.481,9.865,12.394
257.709,15.299,5.716,13.478
257.729,6.355,22.205,8.85
257.749,11.389,18.348,13.942
257.769,18.065,17.036,23.161
257.789,12.127,19.941,4.991
257.809,16.92,15.447,8.813
257.829,10.256,18.767,2.591
257.849,23.2,-4.81,12.621
257.869,0.086,3.994,7.668
257.889,20.328,7.397,2.366
257.909,10.793,16.766,5.624
257.929,9.256,11.767,1.804
257.949,1.041,22.647,13.932
257.969,5.707,-10.644,-0.954
257.989,24.585,10.455,7.915
258.009,6.995,7.18,-2.632
258.029,22.0,-12.043,14.2
258.049,13.896,8.018,4.674
258.069,-4.959,0.091,0.203
258.089,5.963,-13.997,-2.899
258.109,7.712,-12.443,-10.413
258.129,8.696,-10.225,5.747
258.149,11.147,-9.159,-7.319
258.169,9.966,1.25,-12.355
258.189,-13.873,-7.738,-0.346
258.209,10.844,-9.279,-1.738
258.229,10.178,-7.617,-20.529
258.249,3.001,-10.29,-20.548
258.269,3.969,-15.031,-20.55
258.289,4.978,-17.448,-4.112
258.309,-9.192,-29.831,-17.003
258.329,-3.575,-22.507,-14.941
258.349,-6.816,-22.806,-21.198
258.369,-7.093,-25.437,-4.59
258.389,-10.752,-3.374,-24.055
258.409,-13.084,-20.826,-8.17
258.429,-5.657,-7.285,-24.679
258.449,-16.436,-20.738,-6.881
258.469,-18.844,-24.516,-10.608
258.489,-12.224,-0.726,-28.0
258.509,-19.474,-15.012,-17.153
258.529,-7.741,-13.98,-21.437
258.549,-31.669,-23.403,-11.369
258.569,-2.518,9.433,-15.464
258.589,-28.638,-9.253,-8.605
258.609,-4.259,8.898,11.107
258.629,-21.169,8.529,-13.179
258.649,-7.553,2.896,2.32
258.669,-15.785,-2.507,-15.199
258.689,-5.769,11.428,-8.998
258.709,-20.017,21.477,-17.545
258.729,-7.947,26.043,-13.303
258.749,-14.263,16.337,-7.125
258.769,-25.898,15.473,-3.283
258.789,-2.586,11.51,-3.202
258.809,-6.8,20.993,-4.951
258.829,-7.536,4.818,-6.699
258.849,-12.145,3.723,-8.232
258.869,-0.669,6.754,-4.127
258.889,14.675,8.567,-0.753
258.909,8.76,21.499,-4.306
258.929,9.167,10.41,-15.193
258.949,2.37,7.44,-1.254
258.969,19.76,13.374,8.364
258.989,-0.173,6.071,-16.895
259.009,-1.266,7.132,12.21
259.029,20.428,-8.028,-0.699
259.049,6.901,-0.37,6.83
259.069,14.763,4.366,0.866
259.089,5.828,-3.688,13.966
259.109,25.076,-7.36,5.792
259.129,13.829,13.964,12.559
259.149,7.282,-14.12,1.41
259.169,8.244,1.076,26.572
259.189,14.46,-5.008,6.296
259.209,11.42,-14.713,4.15
259.229,9.373,-12.364,10.992
259.249,22.106,-19.944,23.614
259.269,16.919,-2.018,16.829
259.289,19.162,1.196,9.421
259.309,17.778,-13.238,8.009
259.329,5.202,-3.475,5.684
259.349,13.446,-15.07,8.675
259.369,6.168,-7.975,10.083
259.389,-6.539,-12.056,12.15
259.409,-6.263,-27.735,15.083
259.429,-5.433,-5.854,11.964
259.449,1.67,-6.505,8.8
259.469,-10.518,-17.702,9.964
259.489,-2.394,-15.819,9.44
259.509,-5.671,-11.663,8.683
259.529,-6.361,-14.077,8.018
259.549,3.315,-6.111,1.404
259.569,-5.998,1.21,-6.912
259.589,2.691,-2.073,3.845
259.609,-1.359,-16.591,1.723
259.629,-20.95,8.265,6.969
259.649,-6.607,-3.18,-4.114
259.669,-18.181,0.278,9.489
259.689,-15.486,-1.78,3.934
259.709,-10.469,1.791,1.51
259.729,-17.946,-3.492,-14.607
259.749,-4.264,12.166,-1.512
259.769,-2.858,10.354,-15.171
259.789,-16.072,2.011,-9.451
259.809,-17.807,20.553,-6.649
259.829,-11.446,1.272,-18.834
259.849,-28.741,7.97,-13.586
259.869,-22.527,14.848,-4.854
259.889,-21.135,9.867,2.668
259.909,-25.788,10.435,-16.81
259.929,-21.359,8.434,-8.458
259.949,4.263,16.586,-8.814
259.969,-19.26,8.633,-31.58
259.989,5.679,16.401,-11.81
260.009,0.334,-2.961,-20.075
260.029,-22.861,10.871,-25.877
260.049,-11.829,8.015,-6.622
260.069,2.447,10.707,-12.696
260.089,-12.087,0.47,-0.25
260.109,7.695,3.07,-9.342
260.129,2.62,12.562,-15.135
260.149,12.04,-3.008,-18.497
260.169,12.822,8.955,-25.183
260.189,-2.961,9.299,-4.569
260.209,-6.696,7.146,-6.74
260.229,-1.248,-7.875,-9.77
260.249,-0.915,-7.892,-0.934
260.269,19.637,-14.7,-10.341
260.289,-5.153,-17.811,-12.337
260.309,31.41,-6.776,-7.395
260.329,25.637,-11.341,-4.262
260.349,13.695,-10.872,5.756
260.369,19.371,-26.526,-11.37
260.389,30.135,-23.768,-6.903
260.409,14.095,-16.426,-9.989
260.429,3.205,-15.839,-6.064
260.449,22.346,-26.103,0.253
260.469,-0.231,-20.781,10.902
260.489,13.049,-2.337,1.224
260.509,12.351,-13.668,-2.648
260.529,11.213,-10.717,5.177
260.549,17.642,-4.589,4.85
260.569,-4.26,-12.927,7.602
260.589,9.94,-11.088,20.246
260.609,8.372,-29.838,6.201
260.629,-15.362,-2.547,8.014
260.649,13.233,-7.153,8.874
260.669,8.444,5.323,3.712
260.689,0.739,2.666,20.191
260.709,-7.464,-8.424,23.748
260.729,-1.357,9.449,25.381
260.749,11.718,13.899,-2.197
260.769,9.027,7.813,10.821
260.789,-6.552,-4.329,6.945
260.809,7.486,5.187,14.069
260.829,7.037,7.184,16.293
260.849,-5.94,21.24,18.215
260.869,-2.573,15.815,-5.37
260.889,-7.954,13.985,5.027
260.909,-17.546,15.231,12.508
260.929,-20.463,12.528,10.246
260.949,-9.215,10.358,1.599
260.969,-2.343,8.453,-0.397
260.989,-10.141,7.108,8.181
261.009,-7.532,8.008,11.658
261.029,-4.155,13.698,10.353
261.049,-13.545,-0.504,12.631
261.069,-19.2,17.747,17.85
261.089,-28.055,7.568,-0.173
261.109,-15.989,3.582,3.881
261.129,-19.535,-3.018,4.867
261.149,-19.921,12.656,2.098
261.169,-20.449,-11.544,-1.577
261.189,-25.787,10.964,-3.007
261.209,-3.432,-7.807,-8.435
261.229,-10.294,-14.995,3.698
261.249,-9.503,-6.928,-5.137
261.269,0.664,-1.824,-9.836
261.289,-13.328,-6.84,0.962
261.309,7.012,-18.536,-17.627
261.329,-5.348,-13.047,-3.323
261.349,-13.774,-8.545,-14.707
261.369,-6.079,-14.229,-3.471
261.389,3.338,-24.213,-12.82
261.409,3.135,-8.894,-3.015
261.429,-5.401,-21.723,-19.808
261.449,6.433,-30.498,-15.079
261.469,5.792,-13.768,-12.086
261.489,8.606,3.826,-18.099
261.509,18.407,-17.5,-12.111
261.529,14.112,-12.296,-23.634
261.549,11.479,-3.699,-13.032
261.569,7.729,-19.484,-17.422
261.589,7.713,-11.511,-19.393
261.609,5.412,-15.997,-22.149
261.629,19.521,-17.181,-12.065
261.649,19.534,-21.258,-3.46
261.669,25.426,-2.483,-16.214
261.689,26.917,-16.859,-29.566
261.709,14.963,-1.609,-13.465
261.729,11.853,-1.161,-9.91
261.749,-1.057,-12.94,-12.495
261.769,25.447,10.564,-4.938
261.789,14.442,-9.132,-19.184
261.809,17.313,11.044,-10.004
261.829,13.245,-12.134,-15.411
261.849,18.71,7.063,-12.62
261.869,5.504,11.543,-13.762
261.889,-1.417,9.114,-16.152
261.909,14.407,24.017,-16.685
261.929,11.223,26.947,-9.928
261.949,3.198,19.106,-2.332
261.969,-5.028,23.71,-7.333
261.989,-4.784,0.917,-5.235
262.009,-8.683,6.818,-4.937
262.029,-9.722,16.342,-0.938
262.049,-3.328,6.668,-7.363
262.069,-6.811,0.096,17.927
262.089,-13.342,22.956,4.077
262.109,-11.536,10.09,-4.104
262.129,-19.788,-6.774,-7.304
262.149,-10.095,15.43,-4.606
262.169,-17.87,6.602,5.934
262.189,-1.833,-5.621,21.765
262.209,-15.25,4.187,13.922
262.229,-19.43,-4.033,11.33
262.249,-17.166,3.14,8.066
262.269,-11.008,-3.049,10.64
262.289,-11.731,-4.506,21.583
262.309,-16.128,-1.342,34.573
262.329,-7.187,-16.526,12.02
262.349,-18.535,-5.271,13.368
262.369,-12.557,-5.163,11.474
262.389,-25.068,-19.858,11.511
262.409,-16.672,-11.76,13.366
262.429,-17.319,-8.669,17.793
262.449,-18.95,-4.194,5.815
262.469,-8.376,-18.845,21.291
262.489,-10.971,-18.181,15.535
262.509,-5.926,-8.617,20.96
262.529,-12.473,-9.381,6.981
262.549,-6.857,-19.36,31.553
262.569,-14.086,-20.762,23.824
262.589,-5.545,-11.037,8.74
262.609,-5.882,-12.28,4.921
262.629,-5.679,-21.557,0.323
262.649,11.846,-6.503,6.099
262.669,24.107,-24.49,8.553
262.689,-4.086,-11.756,-1.287
262.709,13.306,2.795,2.008
262.729,8.508,-17.494,2.121
262.749,4.125,2.311,-0.508
262.769,-0.759,-13.621,-4.224
262.789,18.132,-0.802,-15.058
262.809,10.777,10.615,-6.896
262.829,12.938,0.554,9.15
262.849,20.061,12.319,-7.335
262.869,22.16,10.849,0.973
262.889,5.947,6.329,-12.555
262.909,11.302,11.549,-1.711
262.929,13.488,8.029,-30.253
262.949,16.232,14.143,-7.832
262.969,20.43,-4.815,-13.156
262.989,11.078,13.502,-24.146
263.009,12.389,25.374,-21.702
263.029,16.453,17.096,3.026
263.049,15.867,23.031,-4.886
263.069,4.009,10.886,-22.939
263.089,3.418,21.225,-11.45
263.109,27.158,0.282,-15.529
263.129,17.09,19.619,-15.239
263.149,-0.413,3.852,1.632
263.169,-1.652,-4.648,-23.996
263.189,10.42,8.002,-17.612
263.209,8.555,3.973,-24.906
263.229,3.91,10.002,-34.522
263.249,0.244,-4.071,-14.254
263.269,5.603,1.96,-14.637
263.289,4.778,-21.269,-29.994
263.309,-15.247,-6.399,-28.349
263.329,-5.203,-7.482,-16.616
263.349,-8.32,-11.987,-7.636
263.369,-1.988,-12.089,-8.378
263.389,-9.455,-9.255,-6.676
263.409,-10.905,-4.552,-23.963
263.429,-9.496,-18.739,-14.115
263.449,-18.401,-11.564,-8.974
263.469,-10.985,-14.824,0.116
263.489,-18.544,-7.34,-17.637
263.509,-21.213,-13.91,3.066
263.529,-30.976,-13.718,-7.34
263.549,-18.664,-31.204,-12.056
263.569,-23.949,-13.325,-3.029
263.589,-21.923,-18.552,4.305
263.609,-23.293,-23.088,14.798
263.629,-18.935,-12.019,-7.296
263.649,-4.425,-28.928,1.195
263.669,-14.223,-11.677,9.736
263.689,-14.601,-5.278,1.457
263.709,-11.266,-10.997,3.684
263.729,-4.536,-12.121,18.123
263.749,-20.066,-2.467,3.03
263.769,-7.651,6.036,18.489
263.789,-11.478,-14.62,0.382
263.809,-4.144,-3.454,8.207
263.829,-3.096,5.34,10.874
263.849,-4.661,-9.198,20.504
263.869,-9.314,14.134,27.064
263.889,-1.733,-1.775,18.975
263.909,-8.523,11.245,9.887
263.929,-2.911,-0.962,10.99
263.949,18.401,-0.395,-3.812
263.969,6.159,13.064,12.613
263.989,6.952,7.754,25.941
264.009,12.577,7.876,17.115
264.029,11.966,10.742,17.47
264.049,6.884,11.99,27.2
264.069,17.492,26.81,30.997
264.089,0.925,18.73,18.657
264.109,5.828,19.452,21.876
264.129,12.368,27.796,-3.678
264.149,10.336,26.354,15.088
264.169,18.222,10.855,10.898
264.189,9.999,10.099,2.185
264.209,3.28,12.643,15.83
264.229,13.576,10.623,11.055
264.249,14.272,15.844,-0.116
264.269,5.172,19.861,-0.302
264.289,3.951,7.64,11.701
264.309,9.261,-1.398,9.304
264.329,17.135,1.204,-12.242
264.349,5.348,3.653,5.398
264.369,19.103,-6.718,-8.796
264.389,0.131,10.149,1.523
264.409,22.828,0.23,-14.519
264.429,14.991,-1.393,-4.528
264.449,-4.847,-4.549,-2.021
264.469,-10.32,-11.048,-8.722
264.489,5.532,-20.46,2.247
264.509,-10.457,-23.606,-18.633
264.529,-1.849,-21.044,-11.062
264.549,3.879,-18.051,0.144
264.569,-11.005,-18.89,-14.175
264.589,-0.644,-16.032,-9.249
264.609,-20.165,-10.45,-17.755
264.629,-8.085,-8.013,-12.99
264.649,-13.055,-13.052,-32.078
264.669,-12.435,-8.956,-11.668
264.689,-21.467,-16.467,-24.818
264.709,-18.637,-8.259,-11.698
264.729,-10.398,-13.724,-21.004
264.749,-16.87,-18.385,-20.546
264.769,-14.258,-19.513,-17.36
264.789,-8.454,-13.123,-13.512
264.809,-21.252,1.395,-13.753
264.829,6.572,-11.659,0.459
264.849,-31.365,4.724,-20.369
264.869,-18.983,5.187,-14.447
264.889,-17.605,2.0,-13.477
264.909,-29.162,3.439,-25.107
264.929,-14.862,5.72,8.739
264.949,2.066,2.013,5.04
264.969,-5.028,7.588,-9.071
264.989,-20.757,23.859,-18.059
265.009,-3.661,11.378,-5.229
265.029,-5.232,21.42,-16.143
265.049,0.794,10.941,-21.491
265.069,7.42,19.718,-6.836
265.089,-6.08,27.191,-3.374
265.109,5.569,7.164,-3.503
265.129,-2.343,3.863,-8.573
265.149,-10.019,17.133,2.33
265.169,-3.541,22.046,-2.559
265.189,6.318,13.159,8.468
265.209,2.213,9.696,6.887
265.229,5.604,11.206,20.309
265.249,-2.379,12.406,3.393
265.269,21.477,11.979,6.017
265.289,12.925,-2.511,11.585
265.309,11.354,-14.261,12.619
265.329,17.819,13.201,12.745
265.349,21.978,19.444,11.069
265.369,13.206,-11.609,13.59
265.389,17.295,-10.648,2.662
265.409,3.491,2.418,17.91
265.429,17.084,1.842,23.235
265.449,31.638,-2.364,19.865
265.469,18.372,-12.222,23.48
265.489,13.646,-17.062,5.837
265.509,15.232,2.239,15.247
265.529,20.721,-28.786,13.613
265.549,14.1,-1.579,7.202
265.569,9.203,-10.749,13.602
265.589,9.013,-2.577,16.161
265.609,24.592,2.768,23.025
265.629,8.892,-7.72,19.711
265.649,4.77,-20.687,6.501
265.669,10.438,-16.076,17.422
265.689,4.956,-14.979,-8.538
265.709,7.965,-8.268,13.65
265.729,9.744,-12.799,16.226
265.749,6.407,-12.488,6.245
265.769,-17.671,-9.655,11.057
265.789,-0.472,-9.014,-0.526
265.809,6.992,-21.64,4.04
265.829,-10.603,-4.618,3.502
265.849,3.828,0.034,1.28
265.869,0.691,-8.695,19.331
265.889,-14.695,3.021,10.506
265.909,-10.934,14.387,14.684
265.929,-18.523,-12.512,4.012
265.949,-5.735,-0.317,-4.901
265.969,-0.874,-1.063,-0.983
265.989,-12.413,-0.596,-0.252
266.009,-8.875,11.433,-3.721
266.029,-25.146,4.75,-8.248
266.049,-16.325,-4.072,-9.296
266.069,-26.835,14.009,-4.557
266.089,-15.845,2.828,-26.085
266.109,-6.275,18.208,-17.372
266.129,-7.587,8.616,-12.117
266.149,-5.713,7.477,-0.115
266.169,-16.467,10.652,0.219
266.189,-13.037,7.564,-11.438
266.209,-8.113,26.722,-22.109
266.229,-21.181,9.102,-6.339
266.249,2.426,20.766,-14.727
266.269,-17.886,15.87,-10.693
266.289,-15.373,17.672,2.589
266.309,-9.003,-5.298,9.091
266.329,-1.162,11.172,-18.911
266.349,-3.913,11.474,-18.48
266.369,-2.507,2.379,-13.406
266.389,4.175,9.843,-7.695
266.409,0.993,6.844,-15.1
266.429,4.479,-9.73,-10.116
266.449,1.362,-7.683,-19.415
266.469,11.468,8.159,-9.595
266.489,-1.898,-10.605,-4.266
266.509,11.797,4.234,-9.951
266.529,5.295,-8.879,-6.658
266.549,10.259,-9.402,-21.714
266.569,11.792,-1.241,-11.312
266.589,18.143,-17.823,-19.108
266.609,11.563,-18.096,-4.541
266.629,-0.285,-10.909,1.56
266.649,6.113,-6.473,-5.303
266.669,13.697,-16.639,0.985
266.689,20.684,-9.447,3.645
266.709,16.104,-31.614,-4.914
266.729,26.838,-16.308,-5.87
266.749,8.201,-20.812,-1.444
266.769,11.212,-6.323,-13.378
266.789,19.159,-13.731,0.074
266.809,7.125,-15.872,6.787
266.829,10.076,-2.691,14.604
266.849,17.216,-12.267,0.91
266.869,3.781,-5.417,11.585
266.889,17.908,-4.699,4.056
266.909,8.538,-3.085,-2.934
266.929,12.167,-4.7,13.732
266.949,1.292,12.823,8.738
266.969,-2.507,-4.658,21.94
266.989,-5.515,-3.287,24.42
267.009,13.78,-4.257,12.191
267.029,-0.769,5.544,14.338
267.049,-9.354,13.541,3.389
267.069,1.265,19.359,11.519
267.089,-17.763,7.272,19.774
267.109,-2.446,12.041,11.399
267.129,5.359,22.465,14.697
267.149,-11.718,20.074,18.176
267.169,-0.851,4.356,23.125
267.189,-10.671,13.014,2.753
267.209,-13.596,19.119,20.984
267.229,-21.733,1.96,18.967
267.249,-9.278,21.601,12.92
267.269,-13.245,5.301,8.437
267.289,-13.349,7.823,-1.816
267.309,-17.441,12.265,10.301
267.329,-9.296,27.623,-1.896
267.349,-13.488,28.135,8.815
267.369,-2.502,4.135,16.365
267.389,-1.059,7.216,1.618
267.409,-26.833,14.346,12.791
267.429,-1.899,2.46,-1.518
267.449,-13.191,8.653,4.441
267.469,-11.743,-4.03,2.368
267.489,-21.888,8.025,4.522
267.509,-12.922,-11.117,10.35
267.529,-3.247,-15.883,-11.073
267.549,-13.948,3.471,3.48
267.569,-20.114,-7.815,2.812
267.589,-11.878,-9.908,4.68
267.609,-1.142,-15.224,-6.827
267.629,4.068,-4.371,-17.489
267.649,4.136,-16.456,-12.833
267.669,-2.629,-3.714,-8.51
267.689,-4.401,-34.35,-0.456
267.709,-2.839,-33.744,1.105
267.729,6.461,-7.373,-5.469
267.749,9.11,-10.805,-6.57
267.769,1.677,-21.532,-13.661
267.789,12.446,-12.736,-14.861
267.809,18.844,-13.547,-22.736
267.829,19.68,-20.068,-0.037
267.849,12.671,-19.562,-14.772
267.869,12.941,2.137,-20.648
267.889,13.517,-13.593,-16.264
267.909,26.24,-11.207,-25.228
267.929,14.488,-12.862,-13.301
267.949,-1.257,-20.407,-18.269
267.969,20.541,-7.081,-19.596
267.989,-1.479,-17.24,-17.962
268.009,19.131,-20.783,-25.788
268.029,16.666,-2.252,-11.425
268.049,17.034,3.078,-12.249
268.069,13.55,-0.635,-10.008
268.089,19.491,5.425,-5.15
268.109,21.731,-1.425,0.234
268.129,-6.725,14.551,-22.667
268.149,11.925,16.221,-7.875
268.169,4.826,13.839,-14.373
268.189,9.88,4.067,-9.286
268.209,3.313,25.211,5.406
268.229,-5.783,19.995,3.896
268.249,4.344,26.765,3.725
268.269,0.327,19.695,-14.684
268.289,-12.053,13.281,4.065
268.309,1.857,2.555,14.875
268.329,2.199,10.701,-7.67
268.349,4.182,17.947,7.86
268.369,-10.896,5.93,-4.63
268.389,-9.573,19.943,5.965
268.409,-10.505,22.063,4.796
268.429,-8.743,19.377,-0.498
268.449,-9.67,9.195,10.225
268.469,-7.311,0.478,29.895
268.489,-21.915,7.951,-2.059
268.509,-11.502,-0.479,-1.34
268.529,-14.884,2.822,28.694
268.549,-3.217,2.974,13.697
268.569,-25.42,-6.549,20.027
268.589,-22.642,-0.22,17.044
268.609,-5.964,-3.301,-3.275
268.629,-21.046,-17.861,13.969
268.649,-7.118,-6.751,4.74
268.669,-15.68,-31.847,19.347
268.689,-27.787,2.325,14.023
268.709,-3.747,-8.287,19.92
268.729,-20.102,-16.67,18.771
268.749,-8.046,-18.151,23.991
268.769,-11.904,-8.869,10.971
268.789,-18.525,-19.326,11.31
268.809,-8.366,-22.224,13.874
268.829,2.217,-18.292,7.901
268.849,-4.39,-31.154,6.733
268.869,-5.169,-25.062,14.748
268.889,-2.589,-14.562,10.517
268.909,1.189,-5.395,2.161
268.929,7.247,-16.249,12.261
268.949,-2.112,-0.069,3.855
268.969,13.446,-21.917,9.341
268.989,1.879,2.921,-5.465
269.009,20.187,-11.038,7.315
269.029,0.525,-4.959,-18.256
269.049,16.116,-3.269,-1.736
269.069,11.895,4.77,8.637
269.089,5.947,5.009,-13.145
269.109,4.057,22.956,-0.829
269.129,11.809,11.25,-12.127
269.149,4.726,6.878,-8.458
269.169,11.676,11.071,3.851
269.189,14.09,9.622,-11.67
269.209,25.653,13.72,-21.037
269.229,11.535,17.771,-9.776
269.249,13.903,6.551,-6.658
269.269,8.012,13.606,-14.928
269.289,15.028,13.686,-15.184
269.309,14.506,9.874,0.403
269.329,12.913,6.541,-25.805
269.349,5.86,30.021,-15.828
269.369,13.436,32.382,-11.025
269.389,6.503,10.812,-19.812
269.409,8.519,17.958,-8.065
269.429,12.529,22.252,-12.353
269.449,1.668,15.842,-16.498
269.469,-1.515,-3.002,-13.222
269.489,-7.318,7.706,-17.713
269.509,-5.856,9.045,-10.546
269.529,9.021,6.697,-22.431
269.549,-0.792,-1.923,-8.387
269.569,3.726,-1.27,-23.587
269.589,-11.381,6.939,-0.282
269.609,-19.748,-26.41,-3.193
269.629,-5.027,1.697,-16.945
269.649,-4.166,-5.266,-24.922
269.669,-12.799,-10.416,-22.223
269.689,-14.261,-22.963,-8.795
269.709,-12.023,-19.318,-7.049
269.729,-3.193,-7.214,-2.643
269.749,-8.383,-29.373,-13.048
269.769,-14.077,-0.623,-10.575
269.789,-17.393,-29.075,-0.145
269.809,-27.902,-16.852,-6.656
269.829,-22.733,-9.851,-7.657
269.849,-7.074,4.243,-2.957
269.869,-13.228,-8.521,6.814
269.889,-22.944,-23.213,4.79
269.909,-13.738,-9.545,10.031
269.929,-18.356,-20.635,6.956
269.949,-3.136,-16.181,11.072
269.969,-25.224,-12.313,3.685
269.989,-12.542,-6.499,6.078
270.009,-0.951,-0.924,0.085
270.029,-19.341,4.515,13.52
270.049,-20.315,-11.531,14.345
270.069,-17.194,-5.632,5.942
270.089,-2.255,4.015,9.239
270.109,3.437,-6.689,10.541
270.129,-5.895,10.774,4.797
270.149,-4.091,6.423,18.084
270.169,-1.086,-9.467,22.812
270.189,-0.32,5.29,7.482
270.209,-1.238,1.744,24.378
270.229,2.573,14.765,20.025
270.249,8.155,19.378,25.423
270.269,-4.181,22.838,3.188
270.289,5.948,5.8,2.794
270.309,7.392,11.145,18.441
270.329,16.343,13.831,16.7
270.349,20.524,15.972,11.604
270.369,16.706,12.791,13.893
270.389,20.571,24.69,20.73
270.409,5.425,19.487,9.886
270.429,20.488,17.698,8.425
270.449,19.974,9.348,7.534
270.469,5.375,2.967,-0.951
270.489,6.449,14.632,1.641
270.509,18.245,2.481,9.417
270.529,11.841,12.241,7.26
270.549,7.767,8.742,6.982
270.569,20.564,-5.203,6.092
270.589,9.398,-3.55,-0.105
270.609,15.537,7.403,1.566
270.629,18.01,-2.343,9.391
270.649,4.461,-5.885,5.775
270.669,8.859,-6.757,-12.411
270.689,16.931,-8.155,0.305
270.709,-5.762,-11.059,-2.782
270.729,5.111,-10.167,8.057
270.749,8.751,-1.367,-0.116
270.769,-2.919,-11.115,-0.024
270.789,9.347,0.482,-2.458
270.809,-2.86,-10.355,-24.511
270.829,6.617,-16.088,-17.747
270.849,-3.823,-17.665,-20.908
270.869,-12.973,-5.118,-11.117
270.889,-6.381,-15.77,-11.501
270.909,-6.706,-21.116,-7.702
270.929,-18.789,-10.038,-15.219
270.949,0.228,-14.115,-10.665
270.969,-5.581,-26.939,-22.526
270.989,-17.779,-27.482,-14.259
271.009,-16.039,-19.084,-7.272
271.029,-10.526,-21.92,-7.598
271.049,-4.684,-16.99,-10.553
271.069,-15.577,-21.355,-9.913
271.089,-11.093,-17.572,-9.713
271.109,-15.635,-9.738,-20.254
271.129,-2.96,-6.825,-15.485
271.149,-16.95,3.451,-9.79
271.169,-22.11,0.611,-24.995
271.189,-7.56,8.827,-13.627
271.209,-19.157,4.819,-19.943
271.229,-12.636,-1.189,-8.951
271.249,-11.287,7.688,-16.211
271.269,-11.463,6.894,-13.135
271.289,-13.772,15.755,-5.78
271.309,-14.092,13.293,3.747
271.329,-10.728,10.356,-4.253
271.349,-12.077,17.963,-21.422
271.369,3.409,8.228,1.073
271.389,-11.5,19.947,-13.043
271.409,5.121,12.991,-6.897
271.429,-4.862,17.08,2.053
271.449,-2.019,7.405,1.16
271.469,5.068,4.543,0.885
271.489,9.689,18.059,4.179
271.509,3.305,22.512,4.209
271.529,8.205,5.201,12.22
271.549,25.046,2.075,7.767
271.569,10.847,16.28,24.96
271.589,20.174,6.08,4.045
271.609,0.716,20.403,-3.618
271.629,-1.154,12.452,11.458
271.649,14.293,5.014,16.192
271.669,18.532,4.68,8.299
271.689,-0.414,-6.751,21.303
271.709,23.819,1.75,21.236
271.729,21.302,-12.478,-0.043
271.749,8.88,-3.214,21.78
271.769,9.186,6.42,-2.364
271.789,7.763,-8.013,14.404
271.809,8.402,-7.829,18.827
271.829,20.016,-1.517,3.106
271.849,13.865,-26.177,12.233
271.869,1.495,-4.257,6.463
271.889,8.26,-15.623,22.78
271.909,17.976,-7.245,15.425
271.929,3.946,-31.465,14.5
271.949,15.194,-6.919,10.65
271.969,12.976,-18.069,26.597
271.989,5.29,-8.073,3.88
272.009,2.033,-26.53,9.293
272.029,7.591,-11.989,5.686
272.049,-10.188,-32.225,0.599
272.069,5.986,-5.474,-0.646
272.089,-7.914,-5.662,9.303
272.109,-3.796,-14.013,-0.667
272.129,-8.339,-24.176,17.972
272.149,-2.783,-0.987,16.741
272.169,-18.467,-10.939,-3.853
272.189,-18.273,-7.683,-3.9
272.209,-6.974,-0.466,-13.328
272.229,-8.726,5.624,-4.385
272.249,-14.843,-7.376,5.065
272.269,-15.196,-16.455,-1.476
272.289,2.094,14.957,1.286
272.309,-21.213,5.027,-6.181
272.329,-2.807,9.324,-11.916
272.349,-14.083,8.836,-14.857
272.369,-30.024,11.582,-6.289
272.389,1.009,14.283,-13.746
272.409,-20.299,8.679,-8.328
272.429,-2.982,17.189,-21.476
272.449,-16.413,18.597,-5.148
272.469,-9.04,24.537,-10.745
272.489,-10.572,16.39,-10.079
272.509,-16.529,10.165,-20.197
272.529,-4.009,1.215,-15.558
272.549,-5.861,16.334,-14.638
272.569,-16.085,14.104,-13.752
272.589,-0.846,5.789,-14.306
272.609,-5.688,5.802,-13.421
272.629,-2.447,2.068,-20.093
272.649,0.156,12.095,-12.961
272.669,6.47,-7.093,-9.514
272.689,3.704,12.269,-18.495
272.709,-2.099,11.974,-13.77
272.729,1.671,-2.389,-7.293
272.749,-0.184,-2.363,-13.078
272.769,13.064,6.738,-14.3
272.789,5.844,-5.984,-4.786
272.809,6.083,-12.338,-26.588
272.829,9.901,-9.844,-14.215
272.849,12.744,-19.415,-11.584
272.869,15.17,0.461,-2.497
272.889,27.107,-21.925,-19.472
272.909,8.19,-12.391,-15.291
272.929,16.645,-22.587,-3.85
272.949,14.836,-10.593,-3.701
272.969,14.857,-9.229,-6.395
272.989,7.93,-7.889,-4.476
273.009,14.898,-17.138,-8.722
273.029,16.112,-27.185,11.521
273.049,14.548,-22.896,10.411
273.069,20.692,-20.718,-9.273
273.089,7.34,-12.234,13.966
273.109,7.487,-23.798,2.052
273.129,6.367,-9.367,1.471
273.149,5.122,-13.952,14.352
273.169,15.038,-15.047,4.102
273.189,20.022,-7.825,22.483
273.209,7.916,9.376,15.795
273.229,5.716,-3.799,0.458
273.249,-8.15,-1.511,17.776
273.269,8.312,8.696,10.451
273.289,-3.888,3.934,4.693
273.309,4.828,8.886,12.286
273.329,1.223,15.009,7.402
273.349,1.075,10.746,9.333
273.369,-12.065,13.855,20.427
273.389,-11.468,22.205,10.593
273.409,-3.478,8.726,4.447
273.429,-22.566,13.826,7.233
273.449,-10.921,23.611,9.639
273.469,-16.889,19.878,0.194
273.489,-5.84,20.108,3.194
273.509,-18.092,13.22,6.936
273.529,-19.195,17.131,6.927
273.549,-18.285,3.914,13.809
273.569,-24.915,9.023,8.967
273.589,-11.181,10.124,21.248
273.609,-16.258,7.713,11.458
273.629,-13.493,12.526,3.358
273.649,-15.15,10.291,-0.11
273.669,-6.56,16.892,6.526
273.689,-8.502,19.088,1.545
273.709,-19.334,21.242,-8.551
273.729,-8.693,2.71,-2.298
273.749,-7.437,-3.042,2.389
273.769,-8.04,-9.028,12.396
273.789,-14.71,6.862,14.549
273.809,-9.611,-3.992,4.857
273.829,-7.558,-10.338,-18.613
273.849,-10.042,-2.055,-4.837
273.869,-3.113,-17.952,-15.738
273.889,-3.889,-8.881,-9.805
273.909,2.639,-18.124,1.168
273.929,-1.292,-22.222,-12.65
273.949,2.154,-23.168,-17.378
273.969,14.447,-18.703,-23.253
273.989,23.023,-14.113,-1.627
274.009,0.703,-9.11,-11.701
274.029,7.085,-27.621,-8.159
274.049,4.577,-17.57,-7.674
274.069,14.425,-1.962,-22.335
274.089,6.734,-9.742,-18.404
274.109,3.155,-8.769,-3.94
274.129,11.71,-4.677,-5.144
274.149,7.212,-11.17,-14.345
274.169,18.246,-18.343,-5.261
274.189,15.669,-10.26,-7.352
274.209,26.917,-12.41,-2.13
274.229,16.914,-11.363,-11.35
274.249,9.801,-10.312,-25.297
274.269,-3.942,5.064,-17.84
274.289,2.203,5.689,-2.499
274.309,5.629,0.59,-14.399
274.329,22.253,-1.677,-19.584
274.349,-0.135,8.414,-16.578
274.369,-1.152,10.521,-18.53
274.389,15.037,6.672,-8.841
274.409,6.205,9.955,-19.78
274.429,-7.12,2.766,-3.612
274.449,6.342,5.548,-9.795
274.469,-0.68,10.319,-14.971
274.489,4.234,10.258,1.095
274.509,9.878,-1.25,-9.3
274.529,2.693,11.388,2.911
274.549,8.009,22.32,3.463
274.569,-0.751,26.635,7.905
274.589,-7.538,22.381,5.832
274.609,-11.118,7.207,11.217
274.629,-5.271,23.794,6.523
274.649,-14.103,7.608,6.975
274.669,-6.25,15.289,-0.709
274.689,-14.674,7.225,-1.044
274.709,-0.024,16.574,8.43
274.729,-5.086,11.864,4.683
274.749,-21.259,8.246,18.167
274.769,-22.812,13.966,-1.953
274.789,-18.414,-2.449,17.889
274.809,-1.287,6.9,1.739
274.829,-16.86,4.17,-1.248
274.849,-20.06,17.461,16.377
274.869,-16.017,-11.362,3.044
274.889,-17.962,-5.351,2.799
274.909,-14.679,-10.263,5.548
274.929,-7.977,-21.893,-0.379
274.949,-25.363,-9.334,23.157
274.969,-22.11,-31.951,34.115
274.989,-0.595,-17.852,16.561
275.009,-8.737,-24.386,19.267
275.029,-9.146,-23.101,26.587
275.049,-10.173,-17.422,10.279
275.069,-9.314,-19.006,13.703
275.089,-9.654,9.107,26.136
275.109,-10.41,-23.35,10.475
275.129,-3.388,-26.02,11.444
275.149,1.328,-1.877,17.792
275.169,-2.949,-14.641,1.944
275.189,1.171,-19.32,8.672
275.209,1.826,-6.176,6.951
275.229,-3.709,-21.128,18.35
275.249,0.849,1.384,13.193
275.269,9.008,-11.434,5.019
275.289,6.123,-11.923,-6.552
275.309,3.152,-16.143,6.686
275.329,23.179,-10.877,-2.618
275.349,14.338,3.698,11.256
275.369,1.375,2.461,5.875
275.389,7.753,-2.232,-3.305
275.409,11.999,-0.052,-1.723
275.429,9.477,5.979,-14.83
275.449,27.551,-3.966,7.812
275.469,28.115,6.196,-7.203
275.489,10.005,7.042,-12.385
275.509,17.472,2.186,-9.641
275.529,8.371,17.127,-11.383
275.549,20.777,13.462,-22.535
275.569,12.934,6.812,-13.801
275.589,13.285,1.574,-11.597
275.609,23.585,16.195,3.464
275.629,-1.25,11.525,-12.084
275.649,23.796,3.662,-27.359
275.669,16.47,16.45,1.965
275.689,10.4,5.451,-12.447
275.709,21.875,17.443,-15.07
275.729,17.065,4.634,-19.421
275.749,6.998,2.037,-16.58
275.769,-4.075,0.778,-24.657
275.789,-5.503,9.172,-20.587
275.809,-12.031,5.725,-15.483
275.829,6.476,13.039,-6.867
275.849,-3.065,-6.944,-11.146
275.869,-3.281,10.138,-6.024
275.889,-10.105,3.702,-15.824
275.909,-9.335,3.635,-1.613
275.929,-13.241,-1.153,-17.22
275.949,-7.368,3.076,-22.191
275.969,-14.282,2.306,-20.265
275.989,-17.602,-9.472,9.301
276.009,-10.107,-9.261,-0.136
276.029,-17.118,-1.399,-11.049
276.049,-17.567,-17.771,-11.665
276.069,-8.345,-16.944,-4.882
276.089,-6.318,-5.846,8.217
276.109,-6.293,-20.786,0.75
276.129,-14.403,-19.154,-11.364
276.149,-7.118,-20.855,-8.775
276.169,-6.602,-21.306,-9.918
276.189,-7.192,-21.765,-17.381
276.209,-15.493,-24.834,-8.851
276.229,-12.815,-10.953,-6.005
276.249,-16.587,-17.059,19.131
276.269,-2.998,-14.922,1.054
276.289,-14.75,-11.972,8.153
276.309,-2.548,-10.907,2.5
276.329,-12.503,-1.691,-0.476
276.349,-13.578,-1.782,7.964
276.369,3.984,4.289,-0.612
276.389,-5.622,8.588,21.294
276.409,-13.996,3.5,4.615
276.429,-5.374,-11.05,16.604
276.449,-3.269,0.973,12.185
276.469,-18.291,0.484,2.064
276.489,12.046,5.022,16.329
276.509,-12.007,2.696,14.235
276.529,-7.068,30.277,17.867
276.549,4.599,-5.036,27.436
276.569,0.056,14.341,28.004
276.589,18.818,13.33,0.072
276.609,9.678,21.069,12.275
276.629,8.383,19.565,20.575
276.649,5.744,15.415,20.7
276.669,9.867,21.357,12.342
276.689,9.251,6.938,4.061
276.709,20.007,12.827,21.981
276.729,18.085,8.491,15.193
276.749,7.425,14.353,-1.68
276.769,17.371,16.063,20.981
276.789,15.088,5.074,3.332
276.809,11.869,29.191,9.287
276.829,16.558,21.346,-2.844
276.849,15.394,14.25,-2.992
276.869,17.997,7.966,-8.395
276.889,4.882,2.509,9.529
276.909,2.443,-1.504,2.906
276.929,30.418,1.424,-11.626
276.949,15.034,4.519,-13.94
276.969,9.095,15.904,10.038
276.989,0.784,10.533,-8.295
277.009,9.432,-7.246,-15.476
277.029,0.431,-16.052,2.592
277.049,-5.735,-14.513,-10.725
277.069,-12.708,-9.51,-11.874
277.089,-3.473,-13.835,-9.119
277.109,-3.759,-9.078,-9.898
277.129,-13.147,-14.603,-6.504
277.149,2.852,-24.073,-25.84
277.169,-19.234,-21.315,-2.075
277.189,-6.634,-9.773,-23.834
277.209,-21.91,-6.266,-18.297
277.229,-13.66,-12.838,-6.371
277.249,-15.411,-12.472,-10.122
277.269,-10.187,-0.65,0.746
277.289,-15.547,-5.125,-26.114
277.309,-5.544,-3.521,-20.395
277.329,-13.224,-17.21,-8.213
277.349,-18.469,-23.952,-8.935
277.369,-12.225,0.455,-24.111
277.389,-13.906,-9.134,-5.335
277.409,-23.256,14.225,-7.291
277.429,-8.723,4.574,-18.041
277.449,-24.885,5.332,-10.838
277.469,-16.969,-0.322,-5.511
277.489,-23.557,7.863,-0.044
277.509,-10.828,0.352,-18.373
277.529,3.68,7.024,-6.861
277.549,-16.482,12.258,-8.614
277.569,-1.974,10.102,-1.07
277.589,-15.717,10.936,-3.7
277.609,-13.094,13.871,-7.87
277.629,-0.067,20.648,-4.21
277.649,-19.787,2.589,-9.288
277.669,-6.478,19.642,-3.232
277.689,-14.626,17.522,5.653
277.709,-5.62,14.7,6.95
277.729,5.113,12.874,0.166
277.749,2.775,5.146,2.36
277.769,-0.734,9.499,7.132
277.789,19.222,6.463,1.154
277.809,21.992,10.496,6.248
277.829,17.17,19.601,-6.426
277.849,-8.362,5.678,9.568
277.869,9.296,3.056,16.104
277.889,3.06,-4.725,12.661
277.909,9.524,-2.187,21.47
277.929,23.303,-8.983,5.017
277.949,4.188,-6.628,4.992
277.969,32.638,2.643,13.74
277.989,24.988,1.973,20.34
278.009,6.282,-12.89,12.678
278.029,5.829,-16.361,6.921
278.049,7.951,-12.898,19.58
278.069,8.427,-3.598,18.141
278.089,24.405,-15.944,20.039
278.109,25.806,-12.15,9.306
278.129,13.373,-10.998,6.441
278.149,6.358,-16.882,13.536
278.169,14.483,-19.216,15.578
278.189,13.38,-18.362,7.929
278.209,12.377,-14.691,3.267
278.229,2.304,-12.811,19.655
278.249,10.507,-1.558,20.79
278.269,8.85,-20.997,13.841
278.289,-4.339,-13.714,6.881
278.309,0.434,-4.848,0.552
278.329,0.746,-13.279,10.575
278.349,-2.808,-8.3,-0.127
278.369,3.234,-6.847,13.983
278.389,0.153,-8.11,-1.486
278.409,-0.194,-6.061,2.435
278.429,5.4,-6.543,0.685
278.449,3.161,0.045,-0.479
278.469,-12.169,-7.864,2.702
278.489,-13.268,-1.904,11.584
278.509,-21.654,6.052,10.272
278.529,-26.105,8.215,3.3
278.549,-10.514,3.841,7.922
278.569,-12.534,1.468,3.056
278.589,-25.986,13.856,-4.453
278.609,-23.65,16.564,-4.343
278.629,-40.879,10.57,-6.483
278.649,-13.957,23.25,-2.719
278.669,-22.59,5.163,-18.267
278.689,-7.891,4.287,-12.269
278.709,-5.803,10.148,-5.421
278.729,-16.037,6.205,-18.106
278.749,-9.785,6.329,-5.988
278.769,-24.09,2.856,-14.259
278.789,-16.011,18.403,-10.566
278.809,-5.522,19.203,-21.538
278.829,-11.658,20.441,-1.669
278.849,-3.867,25.47,-16.539
278.869,-1.113,9.969,-0.38
278.889,-2.223,9.821,-20.228
278.909,-17.261,11.743,-16.405
278.929,-2.205,-4.589,-19.999
278.949,-14.722,15.908,-25.411
278.969,-13.022,2.266,-12.944
278.989,-16.172,5.126,-17.483
279.009,7.815,-4.812,-24.893
279.029,15.936,-11.955,1.267
279.049,-11.643,0.941,-8.3
279.069,-1.338,-2.121,-2.244
279.089,5.304,-7.104,-22.201
279.109,5.151,-4.573,-1.366
279.129,10.527,-8.83,-14.083
279.149,5.487,-16.962,-2.311
279.169,6.918,-11.981,-8.2
279.189,25.174,-10.705,-8.35
279.209,14.98,-26.447,-10.96
279.229,10.735,-13.242,-3.123
279.249,25.812,-13.084,1.174
279.269,8.798,-7.135,-6.056
279.289,29.293,-18.07,-7.264
279.309,12.57,-19.499,3.891
279.329,8.712,-21.194,8.717
279.349,16.546,-19.296,-0.078
279.369,18.039,-12.011,8.294
279.389,14.213,-10.76,7.993
279.409,7.652,-16.591,-4.924
279.429,15.464,-1.263,1.541
279.449,25.431,-2.494,7.301
279.469,0.271,-3.819,8.591
279.489,3.09,1.497,15.802
279.509,-7.453,-1.843,6.756
279.529,4.694,-0.524,21.898
279.549,8.191,-6.069,3.598
279.569,12.214,6.732,10.527
279.589,-8.904,-0.7,12.794
279.609,7.286,13.875,31.019
279.629,-4.62,20.298,7.475
279.649,-3.397,8.929,14.895
279.669,-8.729,7.092,14.789
279.689,-3.736,16.938,22.628
279.709,-10.115,17.493,10.823
279.729,-11.333,12.769,19.157
279.749,-14.469,19.142,19.289
279.769,-18.584,18.269,19.552
279.789,-15.656,16.21,13.483
279.809,-35.514,22.199,12.432
279.829,-24.66,3.723,2.666
279.849,-27.125,22.462,13.223
279.869,-10.448,1.449,6.907
279.889,-4.734,11.277,2.256
279.909,-7.57,15.214,5.819
279.929,-17.88,14.166,-3.306
279.949,-7.68,5.364,1.545
279.969,-21.867,27.787,-0.474
279.989,-2.41,24.055,14.928
280.009,-18.118,1.777,0.35
280.029,-16.549,4.192,7.646
280.049,-4.39,-2.44,11.456
280.069,-15.767,-9.477,-7.487
280.089,-19.16,-7.537,1.84
280.109,-13.394,0.384,-9.339
280.129,-5.978,-10.076,-8.055
280.149,-8.836,-14.719,-7.163
280.169,-4.857,-7.191,-6.529
280.189,-17.54,-24.844,-1.061
280.209,-0.05,-11.069,-13.14
280.229,-4.658,-14.917,-7.759
280.249,-11.241,-4.046,-10.909
280.269,5.362,-14.321,-26.03
280.289,3.621,-9.519,-5.248
280.309,2.648,-15.575,-14.151
280.329,1.444,-13.946,-16.827
280.349,5.78,-16.619,-20.106
280.369,16.721,-16.468,-16.554
280.389,17.943,-6.858,-4.167
280.409,-1.256,-12.101,-12.55
280.429,14.63,-19.92,-17.988
280.449,10.88,-12.579,-12.632
280.469,7.484,-0.52,-28.177
280.489,9.002,-12.533,-16.261
280.509,20.589,-9.092,-7.874
280.529,14.125,-8.534,-11.576
280.549,17.695,-6.467,-8.445
280.569,9.85,3.863,-11.682
280.589,7.864,0.626,-22.206
280.609,5.11,9.415,-20.858
280.629,14.552,-12.109,-21.04
280.649,13.35,8.115,-8.93
280.669,4.228,1.396,-9.499
280.689,13.7,3.558,3.196
280.709,11.908,2.263,-8.044
280.729,2.753,9.863,7.461
280.749,8.596,-4.619,-1.204
280.769,18.31,13.06,-3.506
280.789,7.684,10.164,0.784
280.809,3.488,6.084,-9.563
280.829,14.06,20.152,-3.836
280.849,8.502,18.002,-10.762
280.869,-8.389,7.005,3.389
280.889,-8.424,19.568,-0.447
280.909,-15.72,15.704,-4.979
280.929,-1.839,10.131,-13.494
280.949,-5.516,-5.892,-5.683
280.969,-5.592,10.479,10.112
280.989,-23.691,12.946,4.776
281.009,-13.189,-0.673,11.639
281.029,-2.143,9.988,-2.561
281.049,-29.707,-6.431,2.375
281.069,-14.059,13.134,-2.527
281.089,-15.067,-10.183,22.721
281.109,-25.411,-13.275,15.75
281.129,-22.206,-5.199,8.388
281.149,-18.09,-8.7,3.024
281.169,-13.825,-2.98,13.454
281.189,-5.438,-22.663,-0.313
281.209,-17.829,-12.941,18.335
281.229,-12.339,-9.266,11.868
281.249,-27.935,-21.776,25.116
281.269,-13.786,-12.684,17.528
281.289,-7.792,-18.56,10.632
281.309,-21.783,-16.67,-5.052
281.329,-13.095,-24.298,26.91
281.349,-34.762,-23.995,10.63
281.369,-3.279,-12.63,16.763
281.389,-3.429,-21.441,11.317
281.409,-12.021,-5.593,13.023
281.429,-4.873,-8.536,3.848
281.449,-12.102,-26.865,2.351
281.469,7.985,-9.223,-3.516
281.489,5.728,-20.682,12.391
281.509,10.238,-8.851,15.358
281.529,-9.935,-0.346,20.11
281.549,-4.037,-0.856,-1.42
281.569,4.129,-0.573,-0.501
281.589,17.583,-21.798,6.524
281.609,4.493,-13.659,2.596
281.629,12.642,-6.596,-0.418
281.649,8.825,8.023,-1.788
281.669,2.415,0.316,-6.539
281.689,19.419,-11.244,-3.332
281.709,19.809,10.347,-0.92
281.729,16.081,-3.096,-28.255
281.749,22.51,12.496,-11.387
281.769,10.517,2.602,4.209
281.789,21.066,5.819,-4.269
281.809,16.974,14.43,-16.642
281.829,19.754,16.655,-10.294
281.849,12.411,8.957,-7.757
281.869,20.121,19.219,-13.06
281.889,5.446,8.685,1.316
281.909,9.894,13.561,-25.982
281.929,14.806,16.453,-17.455
281.949,10.119,9.315,-15.377
281.969,-4.572,18.676,-18.246
281.989,12.261,1.677,-20.04
282.009,4.715,14.158,-21.645
282.029,13.899,17.02,1.503
282.049,14.647,5.987,-15.092
282.069,-0.131,3.217,-8.623
282.089,5.963,6.491,-15.427
282.109,-0.846,12.978,-7.361
282.129,-14.075,2.876,-17.356
282.149,-8.607,-3.293,-0.901
282.169,-1.571,3.348,-23.714
282.189,-11.53,6.102,-15.331
282.209,-1.406,-4.398,-15.775
282.229,-2.462,-4.177,-2.601
282.249,-1.576,-22.01,-17.41
282.269,-7.303,-9.838,-11.921
282.289,-4.992,-9.595,-8.76
282.309,-21.152,-11.862,-8.749
282.329,-11.144,-29.431,-18.158
282.349,-9.58,-21.771,-7.631
282.369,-11.449,-24.026,2.077
282.389,-21.749,-8.008,-6.083
282.409,-23.137,-16.253,1.857
282.429,-16.495,-10.029,5.635
282.449,-2.693,-22.353,8.908
282.469,-8.273,-16.947,7.504
282.489,-28.456,-10.829,10.437
282.509,-23.514,-18.513,7.999
282.529,-11.984,-3.118,0.277
282.549,-12.217,-5.576,8.831
282.569,-25.142,-10.137,4.922
282.589,-19.574,-5.65,8.601
282.609,-9.457,-5.803,24.233
282.629,-15.543,4.728,24.11
282.649,-11.973,6.032,1.459
282.669,5.918,3.735,8.734
282.689,-6.201,4.365,12.306
282.709,-8.699,-6.138,14.519
282.729,6.381,5.314,13.078
282.749,0.199,-4.117,24.743
282.769,-2.304,0.758,7.324
282.789,11.76,8.233,16.676
282.809,5.715,6.564,16.648
282.829,-5.535,11.386,23.015
282.849,10.488,22.782,18.946
282.869,4.985,5.816,16.348
282.889,4.391,12.359,25.453
282.909,6.707,11.737,20.512
282.929,12.306,22.975,19.878
282.949,11.162,17.891,26.345
282.969,22.989,18.712,6.901
282.989,6.675,32.806,16.486
283.009,21.393,15.535,16.992
283.029,8.246,5.356,5.772
283.049,-1.59,7.305,11.5
283.069,12.293,5.917,5.883
283.089,27.348,7.273,-2.277
283.109,13.683,10.662,7.043
283.129,19.124,-7.546,4.835
283.149,15.872,-5.149,-1.19
283.169,14.101,9.443,-8.511
283.189,5.709,-1.233,4.862
283.209,11.046,0.246,-9.847
283.229,19.524,5.09,1.007
283.249,-8.688,-11.496,-4.109
283.269,-0.342,-5.574,-5.954
283.289,9.748,-5.061,-1.764
283.309,8.339,-10.513,-0.458
283.329,15.983,-7.481,-5.723
283.349,-1.592,-14.9,-7.927
283.369,16.491,-12.079,-15.783
283.389,-8.528,-10.952,-10.679
283.409,-8.511,-8.362,-12.394
283.429,-17.468,-19.127,-16.264
283.449,-16.061,-25.807,-10.066
283.469,-12.645,-16.848,-5.922
283.489,-9.653,-21.188,-23.154
283.509,-13.03,-19.972,-5.883
283.529,-18.706,-11.305,-10.962
283.549,-14.048,-9.36,-14.67
283.569,-15.543,-21.487,-10.822
283.589,2.331,-15.586,-28.688
283.609,-18.449,-23.917,-6.5
283.629,-11.562,-13.639,-24.83
283.649,-16.164,-4.762,-12.024
283.669,0.73,-9.867,-12.798
283.689,-13.347,1.347,-8.731
283.709,-4.682,4.919,-11.773
283.729,-4.963,9.82,-2.554
283.749,-28.001,10.699,3.289
283.769,-15.035,8.68,-8.304
283.789,-15.335,6.607,-11.636
283.809,-25.342,12.502,-7.039
283.829,-23.193,4.027,-8.909
283.849,-6.59,0.217,-7.44
283.869,1.453,8.674,-6.507
283.889,-9.22,18.903,-11.018
283.909,-15.54,2.822,-7.451
283.929,-0.631,13.283,-4.583
283.949,-4.484,15.871,-9.802
283.969,-4.172,12.76,5.318
283.989,-3.572,20.93,-12.591
284.009,-16.481,21.295,10.011
284.029,6.199,12.26,0.079
284.049,15.144,9.121,-5.907
284.069,0.793,-1.136,11.395
284.089,26.717,17.176,10.464
284.109,6.727,-5.844,5.475
284.129,-11.311,17.012,21.41
284.149,20.075,25.646,15.93
284.169,14.076,-2.441,7.703
284.189,16.12,2.543,10.523
284.209,10.123,6.426,24.66
284.229,6.896,2.519,17.932
284.249,17.846,-1.265,0.42
284.269,8.0,-2.346,27.044
284.289,12.665,-11.912,24.513
284.309,2.09,-10.44,16.528
284.329,21.823,-7.359,9.859
284.349,3.936,-23.012,14.118
284.369,22.622,-2.443,3.731
284.389,12.078,-13.726,10.318
284.409,13.088,-15.053,6.304
284.429,13.879,-11.645,26.527
284.449,16.439,-23.57,13.923
284.469,15.677,-16.843,-5.704
284.489,7.921,-3.357,14.83
284.509,11.987,-11.15,14.813
284.529,-2.097,-4.202,14.085
284.549,-2.92,-7.805,22.518
284.569,2.949,-11.889,5.843
284.589,-2.977,-19.318,13.599
284.609,-12.243,-17.809,8.45
284.629,4.04,-15.262,9.841
284.649,-2.96,-14.515,4.156
284.669,-18.437,-2.479,9.544
284.689,-11.123,-7.283,4.055
284.709,-0.109,-4.047,6.38
284.729,-15.919,0.786,3.592
284.749,-10.603,-8.041,0.192
284.769,-15.914,0.082,1.692
284.789,-10.373,2.61,-0.684
284.809,-16.768,-0.504,-0.068
284.829,-9.012,-1.331,-7.104
284.849,0.051,5.305,-6.125
284.869,-19.708,1.008,-17.302
284.889,-4.554,18.195,-13.454
284.909,-6.86,6.651,-20.339
284.929,-17.188,9.123,-14.937
284.949,-13.209,12.82,-0.319
284.969,-15.472,5.613,-16.337
284.989,-26.379,29.521,2.24
285.01,-11.499,7.142,-18.931
285.03,-4.832,9.601,-22.451
285.05,-23.423,23.518,-14.658
285.07,8.196,15.239,-12.498
285.09,-10.945,17.908,-23.154
285.11,-3.282,10.99,-15.019
285.13,-24.308,14.062,-29.778
285.15,-2.354,16.133,-14.766
285.17,6.829,14.88,-25.891
285.19,-6.853,9.892,-12.568
285.21,-5.684,9.06,-20.535
285.23,-0.007,-6.97,-14.0
285.25,-11.16,3.674,-13.409
285.27,2.806,15.693,-20.288
285.29,-9.595,-6.309,-30.942
285.31,-6.111,-7.559,-12.141
285.33,1.491,-11.996,-16.822
285.35,18.848,-2.504,-12.463
285.37,3.103,-2.869,-4.326
285.39,19.711,-33.009,-5.381
285.41,-0.823,-6.387,-18.974
285.43,11.376,-11.124,-5.163
285.45,9.129,-7.439,-10.968
285.47,14.646,-18.722,-7.161
285.49,16.647,-12.266,-5.082
285.51,21.409,-9.378,2.641
285.53,12.03,-11.923,11.368
285.55,16.138,-4.728,-6.137
285.57,17.733,-1.238,6.992
285.59,14.755,-10.607,1.322
285.61,19.769,-21.194,17.679
285.63,11.272,-26.568,7.776
285.65,10.909,-7.443,9.664
285.67,8.199,-24.314,2.589
285.69,18.687,-13.457,0.674
285.71,21.449,-13.219,-5.764
285.73,-4.198,-12.082,9.663
285.75,19.164,-11.108,14.046
285.77,17.713,-10.516,26.998
285.79,0.456,6.772,14.247
285.81,6.435,4.352,13.79
285.83,-2.581,-4.28,17.125
285.85,4.941,1.094,21.112
285.87,-3.945,-3.672,20.822
285.89,2.863,-4.134,3.568
285.91,-7.334,8.045,1.554
285.93,-10.227,12.189,20.074
285.95,1.287,11.973,12.593
285.97,-13.692,1.623,15.916
285.99,-14.867,12.075,11.85
286.01,-13.654,4.862,14.872
286.03,-15.786,8.369,3.022
286.05,-6.552,5.712,17.297
286.07,-18.216,16.895,5.656
286.09,1.345,10.952,1.413
286.11,-20.796,20.363,8.719
286.13,-14.459,14.899,7.154
286.15,-17.544,23.403,11.777
286.17,-27.737,-8.613,16.581
286.19,-16.023,13.505,4.628
286.21,-24.067,22.044,12.343
286.23,-31.702,13.828,8.268
286.25,-12.983,18.438,-0.52
286.27,-31.538,0.637,10.213
286.29,-15.833,5.189,-5.552
286.31,-6.075,2.23,13.204
286.33,-10.926,-5.061,0.758
286.35,-30.078,-12.395,15.681
286.37,-8.595,1.365,4.721
286.39,-18.97,-9.897,-7.152
286.41,-6.614,-0.82,7.042
286.43,-2.801,-4.268,-3.528
286.45,-11.425,0.189,-3.714
286.47,-1.5,-3.819,-7.819
286.49,1.436,-17.88,3.531
286.51,-1.022,-10.911,-7.392
286.53,13.341,-20.063,0.064
286.55,2.964,-14.385,-13.527
286.57,-1.564,-17.019,-8.222
286.59,-3.942,-17.407,-1.84
286.61,10.203,-22.707,0.914
286.63,8.494,-12.743,-11.904
286.65,13.085,-9.441,-5.286
286.67,17.67,-14.473,-14.529
286.69,15.842,-8.81,-5.611
286.71,5.988,-11.129,-18.527
286.73,11.979,-9.549,-2.809
286.75,8.255,-5.455,-15.269
286.77,28.102,-2.394,-18.739
286.79,20.136,-8.404,-0.162
286.81,15.154,-5.278,-10.666
286.83,12.437,1.151,-13.563
286.85,-5.198,9.176,-17.956
286.87,22.77,7.708,-8.475
286.89,12.776,3.98,-11.649
286.91,13.616,6.73,-21.932
286.93,12.747,7.498,-11.474
286.95,4.706,9.693,-18.379
286.97,14.92,10.948,-14.874
286.99,23.188,11.605,-9.066
287.01,23.897,11.378,-19.599
287.03,-9.157,15.653,-17.331
287.05,5.348,13.967,-1.771
287.07,-3.464,11.916,5.772
287.09,-2.174,11.629,-1.18
287.11,-1.734,20.999,1.928
287.13,1.137,12.842,1.281
287.15,-12.626,10.798,8.471
287.17,1.104,10.206,0.737
287.19,-5.162,9.854,19.796
287.21,3.801,1.818,8.979
287.23,-13.855,0.41,5.404
287.25,3.838,5.949,1.509
287.27,-12.211,2.628,3.404
287.29,-7.798,16.933,9.075
287.31,-21.548,8.357,5.464
287.33,-6.097,-5.728,0.774
287.35,-7.554,-1.033,10.548
287.37,1.676,7.223,7.21
287.39,-24.306,-4.937,13.84
287.41,-22.224,-0.686,11.421
287.43,-26.192,-17.583,7.946
287.45,-20.958,-3.237,16.52
287.47,-8.443,-19.198,12.195
287.49,-9.981,-7.458,26.556
287.51,-12.6,-13.263,17.935
287.53,-20.768,-17.334,11.316
287.55,-20.215,-11.901,6.528
287.57,-16.077,-21.64,8.474
287.59,2.768,-21.467,25.15
287.61,-19.521,-12.261,9.042
287.63,-23.759,-11.472,25.5
287.65,-6.825,-26.701,9.98
287.67,0.829,-17.521,12.068
287.69,-2.171,-0.25,6.762
287.71,-5.289,-16.283,12.619
287.73,1.839,-8.886,-5.896
287.75,0.028,-14.3,8.766
287.77,4.181,-19.962,-1.299
287.79,-6.409,-15.824,-1.859
287.81,1.83,-17.467,5.61
287.83,20.978,3.06,6.516
287.85,15.43,-7.341,2.523
287.87,21.763,-5.794,-0.442
287.89,-4.97,-15.674,5.238
287.91,11.117,6.119,5.255
287.93,2.876,8.869,7.898
287.95,21.71,5.463,2.959
287.97,16.913,-5.57,-5.019
287.99,7.566,-11.946,-8.171
288.01,15.925,-3.429,-3.837
288.03,17.245,10.074,-10.592
288.05,25.332,10.552,0.781
288.07,19.033,17.955,-8.566
288.09,2.09,20.517,-8.257
288.11,14.785,-2.003,-14.278
288.13,21.37,13.462,-10.164
288.15,15.198,21.735,-11.536
288.17,27.346,12.852,-14.221
288.19,5.681,35.442,-7.211
288.21,26.518,1.513,-15.111
288.23,8.874,11.384,-23.392
288.25,3.378,19.1,-15.331
288.27,8.312,15.176,-15.307
288.29,-10.425,10.25,-7.776
288.31,4.341,6.648,-10.112
288.33,3.287,-2.631,-17.589
288.35,3.938,6.6,-17.183
288.37,-11.967,9.159,-14.368
288.39,6.583,0.599,-10.658
288.41,-1.339,5.297,-23.213
288.43,12.313,1.169,-10.046
288.45,7.359,5.911,-25.989
288.47,-1.757,-13.661,-21.428
288.49,-1.039,-0.563,-15.076
288.51,-15.586,-7.073,-6.319
288.53,-11.539,-10.08,-7.925
288.55,-15.977,-16.846,-6.088
288.57,-8.027,-12.112,-6.893
288.59,-16.146,-10.8,4.872
288.61,-19.856,-23.268,5.44
288.63,-10.781,-10.424,-13.151
288.65,-23.837,-12.43,5.066
288.67,-25.937,-23.018,5.377
288.69,-30.062,-18.318,1.467
288.71,-11.699,-26.032,-5.677
288.73,-15.197,-22.503,-0.389
288.75,-19.681,-14.61,2.27
288.77,-5.478,-3.711,-7.047
288.79,3.585,1.569,0.062
288.81,-14.483,-16.024,8.344
288.83,-8.968,0.692,-1.859
288.85,-12.431,-25.732,4.228
288.87,0.303,-8.001,-8.278
288.89,-12.504,-12.37,12.217
288.91,-15.636,-8.473,0.41
288.93,-16.766,-6.993,14.602
288.95,10.857,-1.147,13.383
288.97,-5.73,-6.819,-1.923
288.99,-4.866,3.759,7.548
289.01,-1.122,3.235,21.884
289.03,-11.497,2.698,11.721
289.05,15.037,-1.569,9.214
289.07,4.367,0.187,4.014
289.09,7.451,8.165,22.473
289.11,14.826,-2.521,20.943
289.13,13.159,18.152,17.113
289.15,4.351,21.693,13.295
289.17,16.277,17.166,18.375
289.19,14.874,12.758,7.988
289.21,25.043,12.102,2.893
289.23,25.091,20.766,12.793
289.25,1.527,14.261,27.483
289.27,16.921,10.455,9.285
289.29,13.596,23.081,18.861
289.31,9.23,2.426,-1.915
289.33,23.681,8.631,13.21
289.35,18.387,11.412,3.637
289.37,8.188,11.439,-4.595
289.39,13.861,-0.592,14.853
289.41,18.642,12.344,6.191
289.43,16.467,-13.818,-2.011
289.45,-6.531,21.221,7.986
289.47,27.632,0.256,-4.013
289.49,4.704,3.17,-2.449
289.51,5.667,1.762,-3.676
289.53,10.646,-1.994,1.59
289.55,0.731,1.62,3.098
289.57,2.896,-10.974,-6.834
289.59,-10.568,-15.502,-3.994
289.61,-7.769,-13.293,-8.526
289.63,9.378,-20.58,-5.862
289.65,-17.418,3.483,-11.402
289.67,-4.86,-13.211,-4.382
289.69,-14.526,-10.91,-7.246
289.71,-14.115,-14.638,-14.7
289.73,8.516,-6.698,-20.201
289.75,-6.826,-18.769,-11.899
289.77,-17.939,-20.104,-21.782
289.79,-15.781,-30.77,-27.301
289.81,5.01,2.827,-3.094
289.83,-18.225,-17.989,-15.486
289.85,-14.072,-8.804,-22.037
289.87,-1.563,-15.793,-16.245
289.89,-6.189,2.286,0.085
289.91,-8.333,-3.836,-11.734
289.93,-13.593,5.916,-17.905
289.95,-25.506,-5.771,-6.298
289.97,0.368,3.63,-23.416
289.99,-7.068,-3.231,-13.415
290.01,-17.654,6.674,-5.242
290.03,-23.949,11.642,-14.664
290.05,-19.147,2.76,-6.633
290.07,-12.282,6.229,-1.802
290.09,-11.152,0.139,-16.365
290.11,-10.363,11.306,-0.771
290.13,-30.721,13.563,-6.838
290.15,-8.099,-3.729,-17.077
290.17,5.972,16.598,2.573
290.19,-16.429,20.97,-4.98
290.21,-4.069,-2.419,-2.773
290.23,1.077,34.819,-12.587
290.25,-9.475,8.489,12.062
290.27,-2.069,10.645,8.13
290.29,-5.289,24.782,3.887
290.31,2.141,-2.801,4.814
290.33,7.228,21.492,6.829
290.35,12.248,20.82,3.377
290.37,5.087,15.821,0.275
290.39,-0.646,14.345,21.26
290.41,7.479,10.485,7.792
290.43,-2.313,6.692,-5.946
290.45,5.031,8.248,10.937
290.47,15.543,3.628,4.937
290.49,23.893,-6.142,9.023
290.51,14.515,-14.116,2.389
290.53,11.005,-1.206,20.594
290.55,11.398,-21.569,8.998
290.57,15.397,-2.55,10.047
290.59,9.165,-0.839,9.22
290.61,21.2,-13.974,20.966
290.63,25.774,-12.96,19.986
290.65,14.624,0.637,7.424
290.67,10.447,-20.757,7.257
290.69,23.935,-2.958,10.887
290.71,6.122,-16.724,28.06
290.73,13.694,-16.789,9.615
290.75,15.009,-23.825,9.094
290.77,-0.581,-5.802,6.22
290.79,9.828,-9.216,12.51
290.81,-5.523,-21.282,8.52
290.83,-0.132,-21.14,12.219
290.85,1.96,-30.23,6.608
290.87,-4.465,-9.577,21.286
290.89,5.752,-11.837,4.573
290.91,4.808,-26.401,-5.112
290.93,7.106,-10.928,9.137
290.95,-8.582,-0.156,13.861
290.97,-17.446,-4.158,-6.229
290.99,-9.82,-16.376,6.46
291.01,-11.955,-2.408,-0.588
291.03,-25.654,6.517,-1.014
291.05,-6.593,8.41,-11.404
291.07,-24.436,-6.962,3.406
291.09,-10.765,-7.712,0.495
291.11,-6.461,4.453,-14.254
291.13,-16.694,4.889,-16.012
291.15,-18.897,1.494,-14.771
291.17,-6.154,-5.62,-12.715
291.19,-20.562,17.155,-6.712
291.21,-4.465,3.678,-14.863
291.23,-23.068,2.059,-12.084
291.25,-14.369,23.887,-4.796
291.27,-4.837,9.011,-26.538
291.29,-4.188,9.721,-9.04
291.31,-14.869,4.508,-12.969
291.33,-20.621,19.439,-13.51
291.35,-1.179,14.518,-8.62
291.37,-19.627,24.498,-17.978
291.39,-7.43,15.788,-23.442
291.41,-19.448,7.826,-11.791
291.43,-13.805,1.084,-11.822
291.45,-8.504,11.751,-9.48
291.47,2.262,1.358,-11.839
291.49,-15.243,2.243,-19.798
291.51,6.439,11.864,-13.195
291.53,-3.44,10.205,-13.231
291.55,3.968,-0.352,-5.949
291.57,13.708,16.775,-20.591
291.59,9.655,0.933,-23.648
291.61,-5.686,-16.146,-12.746
291.63,7.765,-7.132,-14.861
291.65,15.289,-19.539,-0.444
291.67,6.112,-10.241,3.653
291.69,10.201,-12.128,-2.926
291.71,10.833,-30.297,-6.458
291.73,-4.028,-3.957,-8.519
291.75,8.848,-2.924,-7.265
291.77,21.522,-0.567,-1.743
291.79,7.743,-18.164,0.755
291.81,7.412,-17.579,-4.241
291.83,24.676,-8.093,-5.878
291.85,11.451,-7.687,3.776
291.87,20.657,-18.509,-1.131
291.89,17.745,-5.238,-1.346
291.91,28.125,-4.926,17.146
291.93,15.54,-6.182,13.078
291.95,10.745,-11.297,12.638
291.97,19.992,-13.281,14.354
291.99,1.636,-16.053,13.002
292.01,3.612,-10.38,-1.675
292.03,2.142,-7.583,-8.703
292.05,7.527,0.095,16.716
292.07,5.389,-7.261,2.826
292.09,-0.635,9.651,5.839
292.11,-4.772,4.32,11.525
292.13,14.655,-0.458,19.729
292.15,2.313,7.438,11.784
292.17,3.392,19.943,16.657
292.19,-12.625,8.491,18.994
292.21,-9.153,12.882,15.732
292.23,10.394,17.298,9.229
292.25,2.388,11.17,19.762
292.27,-7.658,14.597,5.506
292.29,-26.024,3.191,21.102
292.31,-4.081,8.977,17.191
292.33,-13.583,11.981,8.48
292.35,-12.152,6.44,3.14
292.37,-13.555,-8.059,10.54
292.39,-16.963,23.876,-2.146
292.41,-23.537,15.371,14.273
292.43,-11.165,24.293,6.918
292.45,-23.523,0.054,0.462
292.47,-24.039,14.588,-1.365
292.49,-13.22,18.307,18.904
292.51,-11.34,19.979,4.315
292.53,-4.481,-3.897,-4.785
292.55,-20.611,-11.676,11.987
292.57,0.8,10.341,0.195
292.59,-7.786,11.031,2.224
292.61,-17.842,0.296,-9.056
292.63,-16.769,7.131,3.983
292.65,-12.068,9.941,-4.477
292.67,-10.01,-3.504,-12.599
292.69,-21.049,-13.604,-11.534
292.71,-7.574,1.588,-13.151
292.73,7.38,-1.211,-4.755
292.75,2.934,-5.694,4.899
292.77,-6.181,-11.599,-1.122
292.79,-0.466,-7.491,1.811
292.81,-9.711,-8.337,-19.541
292.83,8.77,-11.955,-14.827
292.85,0.605,-6.581,-12.827
292.87,1.221,-13.131,-16.453
292.89,5.392,-21.44,-16.63
292.91,-6.723,-5.491,-20.439
292.93,1.818,-18.793,-26.235
292.95,12.663,-5.941,-11.42
292.97,5.112,-2.878,-10.041
292.99,17.305,-16.321,-11.496
293.01,9.964,-20.724,-25.906
293.03,6.932,-1.89,-13.046
293.05,16.884,-1.113,-25.756
293.07,10.873,-4.348,-15.771
293.09,19.866,-9.269,-21.081
293.11,14.798,-5.767,-14.154
293.13,18.189,-0.206,-15.545
293.15,18.149,-2.122,-11.176
293.17,23.042,-7.77,-18.986
293.19,22.404,2.519,-19.887
293.21,13.114,15.403,-14.095
293.23,14.914,9.076,-5.933
293.25,13.621,14.187,-12.352
293.27,7.316,22.271,-7.704
293.29,7.839,28.802,-7.344
293.31,11.368,8.877,-9.294
293.33,5.734,15.033,-25.476
293.35,7.437,6.712,9.347
293.37,-0.181,13.196,-8.012
293.39,15.077,7.664,1.257
293.41,6.17,23.547,-7.32
293.43,4.497,3.669,-4.664
293.45,-4.466,26.544,7.411
293.47,-13.993,4.913,5.952
293.49,-17.031,16.836,9.515
293.51,-0.829,7.034,23.401
293.53,-13.167,10.978,18.082
293.55,-5.096,14.308,-2.87
293.57,-7.031,17.089,28.782
293.59,-7.315,4.597,10.248
293.61,-11.043,-0.84,0.001
293.63,-13.498,6.626,20.951
293.65,0.141,4.333,18.669
293.67,-17.992,2.413,19.761
293.69,-9.654,-6.899,8.19
293.71,-19.654,5.677,2.838
293.73,-20.23,-20.912,26.331
293.75,-32.618,-9.43,14.941
293.77,-30.06,-10.725,11.678
293.79,-24.474,-12.878,24.982
293.81,2.43,-13.988,25.169
293.83,-19.356,-14.858,15.687
293.85,-10.87,-18.019,27.357
293.87,-11.536,-22.769,-0.1
293.89,-19.432,-17.379,6.845
293.91,-8.024,-15.222,16.545
293.93,-16.283,-22.355,23.334
293.95,-22.266,-17.958,31.448
293.97,-5.281,-3.627,5.232
293.99,4.074,-19.678,7.031
294.01,-3.859,-12.407,16.374
294.03,-4.254,-2.944,6.098
294.05,-20.818,-16.128,13.113
294.07,-7.689,-10.11,14.671
294.09,-0.102,-7.728,11.456
294.11,5.207,-13.087,-8.36
294.13,2.258,-20.545,15.692
294.15,4.125,2.173,-8.538
294.17,17.221,-0.746,-6.115
294.19,12.778,2.843,7.555
294.21,18.678,-8.346,-3.033
294.23,0.275,-3.204,-5.331
294.25,8.443,14.877,-15.004
294.27,11.291,6.603,-9.469
294.29,17.496,17.077,-2.161
294.31,4.695,18.96,0.789
294.33,10.947,0.549,-18.235
294.35,15.541,6.514,-18.969
294.37,15.736,9.849,-16.79
294.39,16.937,-0.703,-16.46
294.41,26.006,19.865,-35.873
294.43,23.394,3.019,-6.545
294.45,12.21,13.17,-26.915
294.47,23.923,-4.611,-20.468
294.49,23.689,17.368,-18.569
294.51,3.385,22.396,-22.72
294.53,23.932,15.077,-12.656
294.55,1.425,8.668,-17.638
294.57,5.396,16.802,-24.766
294.59,8.326,14.136,-19.021
294.61,10.228,4.527,-15.97
294.63,11.543,18.196,-14.008
294.65,3.247,4.822,-15.084
294.67,-1.356,11.245,-12.304
294.69,-14.217,6.604,-13.931
294.71,-0.481,2.262,-21.246
294.73,-7.322,-1.55,-19.181
294.75,-7.073,-1.372,-17.517
294.77,-7.119,-12.652,-17.238
294.79,-12.346,2.083,-7.541
294.81,-11.228,1.21,-1.064
294.83,-12.818,-0.052,-30.383
294.85,-13.071,-6.422,-6.415
294.87,-21.812,-16.831,-1.739
294.89,-25.403,-18.382,-18.04
294.91,-17.295,-21.557,7.64
294.93,-11.542,-31.861,-6.318
294.95,-17.375,-18.984,2.727
294.97,-6.959,-3.425,-8.335
294.99,-21.356,-8.259,4.391
295.01,-18.597,-16.489,3.211
295.03,-12.923,-6.967,-9.973
295.05,-31.751,-16.66,-6.673
295.07,-6.382,-11.234,0.495
295.09,-8.387,-14.43,11.079
295.11,-5.328,-8.1,4.73
295.13,-16.72,-5.21,5.023
295.15,-5.37,-25.2,1.414
295.17,-10.802,-5.12,20.502
295.19,-4.869,-12.149,16.2
295.21,-0.673,-4.215,10.655
295.23,-16.277,-10.762,15.085
295.25,-15.592,12.548,19.105
295.27,-0.6,15.234,7.862
295.29,-3.435,6.65,8.408
295.31,6.723,5.841,6.875
295.33,-7.531,19.319,11.876
295.35,-10.922,15.09,10.607
295.37,-0.057,7.003,8.738
295.39,3.852,15.119,24.524
295.41,3.056,3.504,18.524
295.43,-2.491,9.208,14.086
295.45,11.771,16.1,12.966
295.47,3.838,15.118,13.982
295.49,17.52,8.439,16.613
295.51,16.139,7.133,11.947
295.53,12.004,12.206,-3.682
295.55,16.078,7.871,9.099
295.57,21.375,9.385,5.619
295.59,31.109,5.083,8.421
295.61,8.87,1.314,17.922
295.63,18.932,22.772,16.659
295.65,21.457,26.27,1.603
295.67,-1.547,4.69,5.703
295.69,21.166,9.071,26.239
295.71,0.912,0.937,11.701
295.73,12.016,-7.263,16.468
295.75,25.267,-6.319,5.278
295.77,12.124,-6.654,-3.261
295.79,8.888,-1.333,7.318
295.81,2.189,-17.442,-14.059
295.83,24.084,1.928,4.272
295.85,-3.002,-14.354,-3.621
295.87,1.995,-4.786,4.565
295.89,12.832,-24.371,0.153
295.91,4.657,-7.443,-4.591
295.93,7.686,-13.236,-9.514
295.95,-8.92,-10.741,-13.224
295.97,-5.352,-15.083,-16.077
295.99,-6.975,-11.345,-11.341
296.01,-10.184,-15.655,-1.775
296.03,-15.416,-14.528,-12.962
296.05,-2.13,-14.951,-12.299
296.07,-26.776,-13.416,-24.48
296.09,-9.168,-19.895,-30.138
296.11,-8.386,-14.563,-1.435
296.13,-13.159,-28.907,-15.988
296.15,-3.587,-18.002,-14.453
296.17,-14.434,-8.658,-21.018
296.19,-13.755,-11.443,-2.747
296.21,-18.947,-1.829,-22.352
296.23,-19.545,2.116,-26.206
296.25,-25.527,3.262,-8.829
296.27,-19.654,-13.612,-24.684
296.29,-11.465,-0.308,-6.368
296.31,-15.026,-0.163,-33.105
296.33,-14.428,0.905,-14.725
296.35,-20.932,-5.145,-27.442
296.37,-13.319,9.323,-9.118
296.39,-12.44,4.259,-22.375
296.41,-13.376,16.838,-14.586
296.43,-13.977,11.291,-9.066
296.45,0.82,9.746,4.929
296.47,-5.903,8.863,11.672
296.49,0.576,13.958,-9.807
296.51,-8.498,23.528,5.007
296.53,-4.414,9.344,-14.159
296.55,-6.716,8.988,-5.114
296.57,-3.176,17.792,2.103
296.59,-4.767,29.739,-17.198
296.61,0.434,21.364,12.232
296.63,11.456,2.757,-2.326
296.65,3.528,6.48,1.055
296.67,18.1,4.322,10.39
296.69,4.629,36.92,14.781
296.71,11.337,11.761,5.35
296.73,17.941,16.227,9.65
296.75,4.158,-2.084,15.744
296.77,12.514,0.785,12.14
296.79,23.513,0.336,-3.016
296.81,11.405,3.278,11.695
296.83,16.573,5.498,21.015
296.85,5.347,8.425,18.596
296.87,14.543,-10.951,11.351
296.89,15.674,-1.175,17.904
296.91,11.941,-1.186,15.797
296.93,23.024,-6.207,-1.194
296.95,7.534,-8.777,11.325
296.97,13.433,-8.708,17.759
296.99,20.701,0.008,20.499
297.01,6.697,-7.626,11.512
297.03,20.319,-19.603,15.516
297.05,-0.94,-9.894,2.866
297.07,8.152,-15.12,17.914
297.09,3.778,-18.534,21.222
297.11,6.691,-10.207,16.533
297.13,7.361,-13.237,14.754
297.15,2.312,-3.945,15.306
297.17,-1.572,-22.714,19.871
297.19,-5.365,-8.171,19.914
297.21,-1.448,-23.363,2.383
297.23,-13.85,-14.103,9.953
297.25,0.643,-17.23,1.386
297.27,-13.347,-8.327,11.895
297.29,-5.865,-7.497,3.27
297.31,-5.431,-20.85,5.03
297.33,4.753,-12.358,-3.334
297.35,-16.159,0.689,5.502
297.37,-20.077,14.651,-0.144
297.39,-10.169,8.557,0.192
297.41,-16.301,-1.607,-2.998
297.43,-14.544,7.817,-1.539
297.45,-33.054,8.972,-3.191
297.47,-19.539,12.108,-1.64
297.49,-19.171,15.178,-3.62
297.51,-14.767,1.583,-11.234
297.53,-23.429,23.579,-14.233
297.55,-16.52,17.76,-10.035
297.57,-7.569,6.649,-19.888
297.59,-19.944,16.259,-2.818
297.61,-13.21,8.893,0.949
297.63,-17.272,5.326,-15.835
297.65,5.566,22.132,-7.114
297.67,-9.448,8.298,-19.321
297.69,0.347,22.663,-26.248
297.71,-4.154,-5.872,-24.679
297.73,-15.323,5.243,-20.803
297.75,-25.855,2.917,-24.405
297.77,-1.754,3.598,-5.738
297.79,-12.524,-2.944,-11.739
297.81,0.669,8.902,-12.329
297.83,-4.9,12.439,-6.536
297.85,-8.495,11.887,-11.271
297.87,3.009,-0.637,-16.685
297.89,6.454,-5.206,-22.501
297.91,1.412,3.141,-30.267
297.93,8.704,2.188,-24.263
297.95,7.937,-14.466,-6.53
297.97,4.31,-12.755,-5.355
297.99,19.909,-14.572,-19.669
298.01,22.882,-10.22,-6.195
298.03,2.768,-11.872,-6.258
298.05,17.778,-7.882,-2.934
298.07,16.664,-12.912,-17.545
298.09,14.542,-1.616,-6.748
298.11,28.636,-14.026,-10.017
298.13,6.723,-18.558,-3.245
298.15,15.155,-24.924,21.254
298.17,19.574,-14.21,-1.525
298.19,5.069,-16.519,11.206
298.21,1.511,-20.43,2.526
298.23,14.651,-11.667,6.569
298.25,-3.433,-7.962,0.466
298.27,16.491,-9.634,15.384
298.29,2.237,-4.193,2.222
298.31,9.812,-6.872,16.598
298.33,-4.797,5.018,9.23
298.35,5.152,-10.427,7.392
298.37,4.127,-7.59,14.645
298.39,-9.965,-3.696,12.176
298.41,13.477,0.503,17.142
298.43,-4.717,3.835,24.159
298.45,-1.507,-3.115,-1.245
298.47,-11.45,-4.586,16.939
298.49,-4.311,26.078,22.862
298.51,-10.744,14.849,5.895
298.53,-7.874,10.236,-1.468
298.55,0.992,-0.38,-4.171
298.57,-0.984,-11.374,14.219
298.59,-19.269,17.108,27.54
298.61,4.414,27.941,13.945
298.63,-2.173,13.835,18.369
298.65,-21.396,17.41,6.458
298.67,-13.736,6.312,-2.829
298.69,-12.967,13.82,3.981
298.71,-22.145,9.697,1.523
298.73,-21.477,17.876,15.411
298.75,-7.616,28.639,7.051
298.77,-13.611,3.156,7.667
298.79,-6.835,1.487,14.595
298.81,-10.306,9.576,-8.459
298.83,-4.38,1.518,4.646
298.85,-16.26,2.513,0.193
298.87,-12.808,-0.547,2.942
298.89,-24.531,-8.215,20.5
298.91,-25.487,-1.948,0.697
298.93,-4.936,-11.293,3.909
298.95,-14.98,2.564,-7.844
298.97,-16.073,2.068,-4.568
298.99,-17.515,-18.965,-2.102
299.01,-14.994,-5.431,-0.398
299.03,0.569,-23.526,-0.946
299.05,-2.423,-16.256,2.313
299.07,-2.991,-8.872,-2.868
299.09,8.887,-4.231,-10.842
299.11,6.876,-3.869,-9.07
299.13,12.602,-15.432,6.29
299.15,5.759,-21.837,-11.256
299.17,6.373,-24.467,-10.359
299.19,14.544,-11.16,-16.988
299.21,0.571,-4.976,-20.708
299.23,7.234,-5.005,-9.087
299.25,5.51,-11.029,-8.593
299.27,12.416,-7.079,-7.698
299.29,9.584,-18.82,-10.56
299.31,22.912,4.052,-1.135
299.33,22.077,-3.42,-30.263
299.35,15.087,-2.001,-17.314
299.37,15.755,-8.862,-9.563
299.39,4.81,-3.598,-20.135
299.41,11.327,7.792,-4.86
299.43,12.219,-9.802,-38.902
299.45,17.404,3.106,-5.97
299.47,15.255,-9.568,-18.812
299.49,15.168,0.806,-19.742
299.51,9.014,8.627,-27.086
299.53,9.416,9.749,-12.868
299.55,6.327,13.472,-1.805
299.57,6.094,5.579,-2.236
299.59,14.883,15.009,-6.232
299.61,-7.675,10.952,-12.7
299.63,3.118,20.397,-6.589
299.65,-3.75,19.629,0.017
299.67,6.323,9.426,1.159
299.69,3.589,16.812,2.279
299.71,1.254,11.59,-6.206
299.73,-4.52,6.664,-2.246
299.75,-2.789,24.749,-4.233
299.77,-2.223,15.967,6.762
299.79,-0.819,15.165,-7.34
299.81,-23.187,7.33,17.138
299.83,-14.963,5.942,0.348
299.85,-7.139,5.622,1.799
299.87,-15.693,7.328,11.378
299.89,-8.631,23.196,15.938
299.91,-13.669,-0.24,18.761
299.93,1.806,5.433,16.433
299.95,-25.14,-18.121,9.696
299.97,-23.547,-3.191,19.3
299.99,-7.418,-7.462,6.458
300.01,-0.635,-0.144,-1.141
300.03,-0.61,-0.505,-0.843
300.05,-0.589,-0.083,-1.204
300.07,-0.405,-0.35,-0.739
300.09,-0.753,-0.174,-1.113
300.11,-0.785,-0.51,-0.814
300.13,-0.354,-0.752,-0.89
300.15,-0.684,-0.665,-1.156
300.17,-0.837,0.171,-0.718
300.19,-0.681,-0.453,-0.57
300.21,-0.66,-0.113,-1.115
300.23,-0.278,-0.592,-1.113
300.25,-0.413,-0.28,-0.96
300.27,-0.359,-0.267,-0.794
300.29,-0.437,0.228,-0.723
300.31,-0.411,-0.41,-1.035
300.33,-0.732,-0.486,-0.947
300.35,-0.63,-0.268,-1.051
300.37,-0.778,-0.522,-1.06
300.39,-0.632,-0.258,-1.091
300.41,-0.447,-0.338,-1.266
300.43,-0.56,-0.48,-0.852
300.45,-0.323,-0.229,-1.008
300.47,-0.832,-0.306,-0.729
300.49,-0.494,-0.164,-0.866
300.51,-0.853,0.005,-1.112
300.53,-0.582,-0.427,-1.263
300.55,-0.439,-0.429,-0.664
300.57,-0.608,-0.615,-1.385
300.59,-0.447,-0.231,-1.107
300.61,-0.743,-0.451,-1.102
300.63,-0.876,-0.247,-1.177
300.65,-0.436,-0.076,-1.216
300.67,-0.199,-0.441,-1.279
300.69,-0.738,-0.386,-1.182
300.71,-0.297,-0.065,-1.04
300.73,-0.551,-0.128,-0.957
300.75,-0.815,-0.16,-1.138
300.77,-0.767,-0.368,-1.133
300.79,-0.549,-0.589,-1.241
300.81,-0.645,-0.436,-0.998
300.83,-0.823,-0.472,-1.029
300.85,-0.863,-0.146,-0.964
300.87,-0.693,-0.212,-1.157
300.89,-0.491,-0.381,-1.237
300.91,-0.549,-0.349,-1.071
300.93,-0.644,-0.154,-0.959
300.95,-0.497,-0.314,-1.229
300.97,-0.333,-0.362,-1.188
300.99,-0.464,0.134,-1.29
301.01,-0.57,-0.373,-1.286
301.03,-0.37,-0.15,-1.162
301.05,-0.757,-0.207,-1.229
301.07,-0.638,-0.597,-0.892
301.09,-0.644,-0.41,-1.044
301.11,-0.847,-0.101,-0.795
301.13,-0.693,-0.295,-0.801
301.15,-1.02,-0.561,-1.051
301.17,-0.239,-0.175,-1.448
301.19,-0.806,-0.391,-0.97
301.21,-0.307,-0.185,-0.818
301.23,-0.623,0.255,-0.921
301.25,-0.505,-0.193,-0.97
301.27,-0.739,-0.152,-1.105
301.29,-0.594,-0.324,-1.297
301.31,-0.498,-0.49,-0.944
301.33,-0.498,-0.048,-1.107
301.35,-0.49,-0.368,-1.024
301.37,-0.718,-0.271,-1.219
301.39,-0.745,0.127,-0.683
301.41,-0.957,-0.298,-1.04
301.43,-0.525,0.013,-1.179
301.45,-0.413,-0.17,-1.328
301.47,-0.317,-0.364,-1.363
301.49,-0.581,-0.183,-0.956
301.51,-0.794,-0.426,-1.2
301.53,-0.981,-0.113,-1.171
301.55,-0.436,-0.044,-1.183
301.57,-1.009,-0.291,-1.296
301.59,-0.731,-0.033,-1.138
301.61,-0.71,-0.249,-1.065
301.63,-0.678,-0.103,-1.277
301.65,-0.656,0.302,-1.035
301.67,-0.636,0.197,-1.339
301.69,-1.166,-0.316,-1.173
301.71,-0.688,-0.225,-1.012
301.73,-1.125,-0.487,-1.079
301.75,-0.525,-0.12,-1.409
301.77,-0.784,-0.2,-1.639
301.79,-1.104,-0.424,-0.972
301.81,-0.847,-0.041,-0.947
301.83,-0.808,-0.331,-1.009
301.85,-0.463,-0.382,-1.133
301.87,-0.665,-0.205,-1.128
301.89,-0.641,-0.378,-1.084
301.91,-0.472,-0.27,-0.942
301.93,-0.727,0.094,-1.087
301.95,-0.555,-0.385,-0.984
301.97,-0.588,-0.119,-0.79
301.99,-0.957,-0.364,-1.247
302.01,-0.402,-0.452,-1.079
302.03,-0.984,-0.273,-1.203
302.05,-0.521,0.279,-1.132
302.07,-1.008,-0.105,-1.074
302.09,-0.589,-0.157,-1.233
302.11,-0.344,-0.368,-1.397
302.13,-0.76,-0.359,-1.325
302.15,-0.76,-0.566,-0.975
302.17,-0.588,0.082,-1.2
302.19,-0.774,-0.21,-1.114
302.21,-0.335,-0.232,-1.056
302.23,-0.652,-0.234,-0.883
302.25,-0.737,0.153,-1.106
302.27,-0.797,-0.197,-0.983
302.29,-0.884,-0.298,-1.272
302.31,-0.832,0.111,-1.078
302.33,-0.794,-0.278,-1.246
302.35,-0.829,-0.581,-1.076
302.37,-0.857,-0.548,-1.029
302.39,-0.291,-0.277,-1.085
302.41,-0.913,-0.178,-1.109
302.43,-0.659,-0.086,-0.965
302.45,-0.578,-0.437,-1.105
302.47,-0.563,-0.304,-1.115
302.49,-0.694,-0.407,-1.231
302.51,-0.728,-0.033,-0.931
302.53,-0.591,0.004,-1.038
302.55,-0.631,0.129,-1.126
302.57,-0.727,-0.205,-1.247
302.59,-0.983,0.107,-0.572
302.61,-0.761,-0.403,-1.647
302.63,-0.891,-0.225,-1.197
302.65,-0.796,-0.484,-1.154
302.67,-0.648,-0.156,-0.89
302.69,-0.59,-0.205,-1.126
302.71,-0.305,-0.767,-1.026
302.73,-0.768,-0.047,-1.154
302.75,-0.508,-0.089,-0.69
302.77,-0.601,-0.358,-0.979
302.79,-0.409,-0.193,-1.202
302.81,-0.527,-0.556,-0.947
302.83,-0.832,-0.4,-1.141
302.85,-0.963,0.101,-0.723
302.87,-0.55,-0.476,-0.82
302.89,-0.709,-0.227,-1.048
302.91,-0.79,-0.517,-1.162
302.93,-0.85,-0.158,-1.246
302.95,-0.567,-0.11,-0.926
302.97,-0.305,-0.076,-0.801
302.99,-0.681,-0.137,-1.146
303.01,-0.499,0.062,-0.995
303.03,-0.633,-0.326,-0.981
303.05,-0.874,-0.429,-0.891
303.07,-0.485,-0.347,-1.241
303.09,-0.848,-0.517,-0.99
303.11,-0.628,-0.223,-0.632
303.13,-0.696,-0.279,-1.056
303.15,-0.455,-0.169,-0.983
303.17,-0.859,-0.597,-0.999
303.19,-0.571,-0.272,-0.964
303.21,-0.826,-0.007,-1.307
303.23,-0.779,-0.138,-0.673
303.25,-1.395,-0.64,-1.063
303.27,-0.256,-0.258,-0.989
303.29,-0.565,-0.416,-1.086
303.31,-0.851,-0.277,-0.918
303.33,-0.927,-0.354,-1.21
303.35,-0.794,0.086,-1.368
303.37,-0.572,-0.236,-1.139
303.39,-1.095,-0.166,-1.025
303.41,-0.752,-0.244,-1.185
303.43,-0.362,-0.138,-1.237
303.45,-0.948,-0.299,-1.023
303.47,-0.701,-0.101,-1.279
303.49,-0.27,-0.337,-0.902
303.51,-0.587,0.028,-1.165
303.53,-0.684,-0.149,-1.008
303.55,-0.61,-0.274,-1.333
303.57,-0.788,-0.082,-0.837
303.59,-0.457,-0.139,-1.008
303.61,-0.807,-0.068,-0.978
303.63,-1.13,-0.209,-1.354
303.65,-0.814,-0.274,-1.256
303.67,-0.917,-0.204,-1.069
303.69,-0.77,-0.328,-1.334
303.71,-0.768,-0.036,-1.222
303.73,-0.479,0.059,-0.949
303.75,-0.571,-0.114,-1.232
303.77,-0.644,0.074,-1.045
303.79,-0.719,0.018,-1.292
303.81,-0.935,-0.263,-1.002
303.83,-1.158,-0.031,-1.346
303.85,-0.7,-0.46,-0.993
303.87,-0.564,-0.162,-0.673
303.89,-0.726,-0.418,-1.201
303.91,-0.819,-0.199,-1.235
303.93,-0.626,-0.453,-0.885
303.95,-0.745,0.052,-1.095
303.97,-0.407,-0.25,-1.327
303.99,-0.504,0.011,-1.018
304.01,-0.568,-0.186,-1.043
304.03,-0.612,-0.541,-1.213
304.05,-1.012,-0.276,-1.239
304.07,-0.629,-0.29,-0.927
304.09,-0.678,-0.19,-1.313
304.11,-0.622,0.122,-1.366
304.13,-0.646,0.161,-1.236
304.15,-0.649,-0.223,-0.889
304.17,-0.191,-0.443,-1.12
304.19,-0.75,-0.336,-1.191
304.21,-0.55,-0.097,-1.081
304.23,-0.828,-0.217,-0.963
304.25,-0.571,-0.521,-0.746
304.27,-0.541,-0.301,-0.971
304.29,-0.649,0.081,-0.639
304.31,-0.39,-0.132,-0.882
304.33,-0.895,-0.199,-1.086
304.35,-0.812,-0.307,-0.855
304.37,-0.678,-0.308,-0.912
304.39,-0.531,-0.124,-0.801
304.41,-0.662,-0.186,-0.886
304.43,-0.451,-0.07,-1.005
304.45,-0.834,-0.114,-1.106
304.47,-0.933,-0.211,-0.976
304.49,-0.635,-0.136,-1.301
304.51,-0.701,-0.333,-1.046
304.53,-0.572,-0.232,-1.253
304.55,-0.674,0.051,-0.935
304.57,-0.731,-0.207,-0.865
304.59,-0.682,-0.251,-0.986
304.61,-0.682,-0.166,-1.093
304.63,-0.761,-0.443,-1.115
304.65,-0.746,-0.188,-0.83
304.67,-0.782,0.111,-0.881
304.69,-0.542,-0.38,-1.281
304.71,-0.689,-0.17,-1.012
304.73,-0.281,-0.219,-1.003
304.75,-0.703,-0.232,-1.085
304.77,-0.845,-0.226,-1.313
304.79,-0.188,-0.085,-1.459
304.81,-0.645,-0.452,-0.994
304.83,-0.531,-0.089,-1.358
304.85,-0.602,-0.218,-1.096
304.87,-0.605,-0.612,-0.84
304.89,-0.611,-0.174,-0.885
304.91,-0.949,-0.23,-1.094
304.93,-0.66,-0.43,-0.778
304.95,-1.006,-0.216,-0.871
304.97,-0.76,-0.51,-1.095
304.99,-0.87,-0.38,-0.669
305.01,-0.655,-0.243,-0.886
305.03,-0.672,-0.568,-1.151
305.05,-0.631,-0.455,-1.418
305.07,-0.662,-0.411,-0.97
305.09,-0.848,-0.201,-1.106
305.11,-0.778,-0.131,-1.0
305.13,-0.538,-0.403,-1.05
305.15,-0.506,-0.421,-1.446
305.17,-0.954,-0.212,-1.056
305.19,-1.015,-0.206,-1.222
305.21,-0.857,-0.373,-1.082
305.23,-0.505,0.138,-1.103
305.25,-0.461,-0.202,-0.953
305.27,-0.882,-0.281,-0.902
305.29,-0.626,-0.31,-0.85
305.31,-0.302,-0.024,-1.406
305.33,-0.593,-0.118,-0.645
305.35,-0.39,-0.579,-1.255
305.37,-0.483,-0.38,-0.935
305.39,-0.87,-0.326,-1.101
305.41,-0.734,-0.255,-0.863
305.43,-0.69,-0.115,-1.301
305.45,-0.668,-0.44,-0.624
305.47,-0.509,-0.244,-1.018
305.49,-0.609,0.112,-0.843
305.51,-1.287,-0.217,-1.102
305.53,-0.97,-0.359,-0.607
305.55,-1.158,-0.48,-1.221
305.57,-0.689,-0.318,-1.466
305.59,-0.678,-0.425,-0.66
305.61,-0.67,-0.278,-1.156
305.63,-0.926,-0.082,-0.937
305.65,-0.596,-0.193,-0.598
305.67,-0.59,-0.309,-0.995
305.69,-0.993,-0.57,-0.875
305.71,-1.034,-0.038,-0.76
305.73,-0.74,-0.279,-0.917
305.75,-0.383,-0.191,-0.669
305.77,-0.391,-0.375,-0.786
305.79,-0.614,-0.276,-1.119
305.81,-0.847,-0.315,-0.792
305.83,-0.528,-0.488,-0.937
305.85,-0.795,-0.391,-0.938
305.87,-0.869,-0.197,-0.875
305.89,-1.15,-0.149,-0.758
305.91,-0.719,-0.358,-1.125
305.93,-0.861,-0.44,-0.673
305.95,-0.706,-0.259,-0.678
305.97,-1.188,-0.045,-1.045
305.99,-0.711,-0.385,-0.576
306.01,-1.21,-0.191,-0.969
306.03,-0.511,-0.337,-0.807
306.05,-0.629,0.033,-1.006
306.07,-0.781,-0.282,-0.752
306.09,-0.623,-0.062,-0.996
306.11,-0.938,0.014,-0.861
306.13,-0.721,0.113,-1.427
306.15,-0.564,-0.469,-1.002
306.17,-1.344,-0.481,-1.027
306.19,-0.829,0.028,-1.293
306.21,-0.735,0.008,-0.749
306.23,-0.793,-0.307,-0.966
306.25,-0.457,-0.82,-1.244
306.27,-0.987,-0.153,-0.745
306.29,-0.89,-0.475,-0.666
306.31,-1.146,-0.325,-0.919
306.33,-0.471,-0.112,-1.195
306.35,-0.826,-0.102,-1.26
306.37,-0.869,0.161,-1.13
306.39,-0.793,-0.23,-1.048
306.41,-0.654,-0.35,-0.549
306.43,-0.712,0.021,-0.927
306.45,-0.251,-0.095,-1.139
306.47,-0.679,-0.23,-1.027
306.49,-0.849,-0.164,-0.707
306.51,-0.863,-0.242,-0.806
306.53,-0.827,-0.035,-0.917
306.55,-1.064,0.173,-0.954
306.57,-0.779,-0.324,-0.899
306.59,-0.634,-0.105,-0.856
306.61,-0.898,-0.498,-0.918
306.63,-0.94,-0.399,-0.835
306.65,-0.468,-0.081,-0.91
306.67,-1.058,-0.203,-1.022
306.69,-1.185,-0.4,-0.908
306.71,-1.008,-0.175,-0.785
306.73,-1.078,-0.002,-1.004
306.75,-0.693,-0.461,-0.759
306.77,-0.85,0.17,-0.672
306.79,-0.838,-0.072,-0.755
306.81,-0.555,-0.081,-0.926
306.83,-0.921,-0.184,-0.795
306.85,-0.625,0.172,-0.776
306.87,-0.487,0.001,-0.767
306.89,-0.872,-0.271,-0.521
306.91,-0.641,-0.044,-1.048
306.93,-0.828,-0.343,-0.765
306.95,-0.604,-0.248,-0.877
306.97,-1.116,0.096,-1.031
306.99,-1.131,-0.109,-1.042
307.01,-0.873,-0.065,-0.611
307.03,-0.965,0.05,-1.086
307.05,-0.888,-0.074,-0.742
307.07,-0.817,-0.36,-0.771
307.09,-0.627,0.135,-0.982
307.11,-0.851,-0.103,-0.659
307.13,-0.958,-0.083,-1.058
307.15,-0.874,-0.175,-0.94
307.17,-0.947,0.018,-1.053
307.19,-0.989,0.185,-0.685
307.21,-1.128,-0.273,-0.607
307.23,-0.795,0.007,-0.791
307.25,-0.933,-0.189,-0.325
307.27,-0.633,-0.594,-0.757
307.29,-1.116,-0.472,-0.721
307.31,-0.947,-0.099,-0.619
307.33,-0.479,0.022,-0.948
307.35,-1.037,-0.033,-0.723
307.37,-0.895,0.013,-1.003
307.39,-1.082,0.359,-1.068
307.41,-1.095,-0.041,-0.574
307.43,-0.515,-0.202,-0.956
307.45,-0.8,-0.18,-0.745
307.47,-0.794,0.16,-0.459
307.49,-1.156,-0.406,-1.152
307.51,-0.75,0.083,-0.664
307.53,-0.594,-0.161,-0.816
307.55,-0.602,-0.319,-0.817
307.57,-0.691,-0.44,-0.775
307.59,-1.041,0.137,-0.79
307.61,-0.749,-0.333,-0.694
307.63,-0.667,-0.153,-1.015
307.65,-1.16,-0.367,-0.698
307.67,-1.002,0.232,-1.041
307.69,-0.601,-0.152,-0.388
307.71,-0.623,-0.439,-0.845
307.73,-1.099,-0.246,-0.786
307.75,-0.634,0.107,-0.445
307.77,-0.764,-0.368,-0.95
307.79,-0.623,-0.248,-0.785
307.81,-0.913,0.069,-1.07
307.83,-0.658,-0.114,-0.982
307.85,-0.633,-0.41,-1.067
307.87,-0.88,-0.115,-0.632
307.89,-0.803,-0.204,-0.68
307.91,-0.929,-0.17,-0.891
307.93,-0.461,0.015,-0.905
307.95,-0.821,-0.115,-0.625
307.97,-0.971,-0.189,-0.832
307.99,-0.929,-0.205,-1.009
308.01,-0.755,0.044,-0.614
308.03,-0.619,-0.32,-0.848
308.05,-1.034,-0.617,-0.675
308.07,-0.407,-0.221,-0.798
308.09,-0.703,-0.098,-0.4
308.11,-0.667,-0.232,-0.866
308.13,-0.775,-0.265,-1.222
308.15,-0.764,-0.249,-0.877
308.17,-0.786,-0.188,-0.762
308.19,-0.548,-0.428,-0.725
308.21,-0.767,-0.032,-0.669
308.23,-0.614,-0.692,-0.948
308.25,-0.855,-0.046,-0.523
308.27,-0.729,-0.1,-0.656
308.29,-0.931,-0.059,-0.805
308.31,-0.526,-0.54,-0.966
308.33,-0.927,-0.085,-0.451
308.35,-0.826,-0.252,-0.702
308.37,-0.829,0.17,-0.941
308.39,-0.836,-0.083,-0.552
308.41,-0.609,-0.383,-0.78
308.43,-0.81,-0.502,-0.515
308.45,-0.491,-0.29,-0.983
308.47,-0.946,0.01,-0.839
308.49,-0.767,0.077,-0.514
308.51,-0.951,-0.1,-0.922
308.53,-0.701,-0.108,-0.836
308.55,-0.789,-0.185,-1.348
308.57,-0.816,-0.122,-0.724
308.59,-0.557,0.139,-0.589
308.61,-0.914,-0.175,-1.003
308.63,-0.674,0.014,-0.747
308.65,-0.934,-0.218,-0.933
308.67,-0.764,0.092,-1.102
308.69,-1.009,0.011,-0.867
308.71,-0.917,0.098,-0.923
308.73,-0.811,0.286,-0.789
308.75,-0.42,-0.61,-0.895
308.77,-0.751,0.048,-0.559
308.79,-0.443,-0.009,-0.939
308.81,-0.744,-0.027,-0.85
308.83,-0.89,-0.085,-0.775
308.85,-0.491,-0.095,-0.833
308.87,-0.707,-0.079,-0.945
308.89,-0.921,0.052,-0.822
308.91,-0.706,0.047,-0.711
308.93,-0.862,-0.126,-0.641
308.95,-1.193,-0.154,-1.252
308.97,-0.619,-0.122,-0.714
308.99,-0.579,-0.205,-0.962
309.01,-0.424,0.24,-0.59
309.03,-0.691,-0.387,-0.623
309.05,-0.82,0.022,-0.614
309.07,-0.594,0.025,-0.931
309.09,-0.606,-0.241,-1.092
309.11,-0.45,-0.059,-0.564
309.13,-0.788,0.14,-0.598
309.15,-0.808,-0.183,-1.231
309.17,-0.917,0.145,-0.549
309.19,-0.656,0.1,-0.75
309.21,-1.072,-0.275,-0.769
309.23,-0.616,-0.359,-0.939
309.25,-0.664,-0.086,-0.571
309.27,-0.649,-0.38,-0.867
309.29,-0.736,-0.715,-0.869
309.31,-0.455,-0.24,-1.191
309.33,-0.585,0.29,-0.929
309.35,-0.879,-0.225,-0.977
309.37,-0.878,-0.056,-1.214
309.39,-0.93,0.01,-0.484
309.41,-0.634,-0.14,-0.819
309.43,-0.936,-0.2,-1.064
309.45,-0.52,0.118,-0.968
309.47,-0.482,-0.116,-0.885
309.49,-0.936,-0.134,-0.874
309.51,-0.787,0.047,-0.59
309.53,-0.752,-0.323,-0.806
309.55,-0.577,-0.356,-0.745
309.57,-0.44,-0.452,-0.825
309.59,-1.097,-0.013,-0.522
309.61,-0.813,-0.138,-0.483
309.63,-0.789,0.063,-0.791
309.65,-1.03,-0.083,-0.942
309.67,-0.84,-0.384,-0.778
309.69,-0.666,-0.167,-1.401
309.71,-0.79,0.102,-0.733
309.73,-1.024,-0.124,-1.075
309.75,-0.136,0.167,-0.839
309.77,-0.657,-0.169,-0.694
309.79,-0.69,0.066,-0.908
309.81,-0.917,-0.432,-0.881
309.83,-0.643,-0.125,-0.738
309.85,-0.725,-0.154,-0.922
309.87,-1.073,-0.348,-0.645
309.89,-0.908,0.16,-0.674
309.91,-0.53,-0.193,-0.717
309.93,-0.296,-0.211,-0.948
309.95,-0.602,0.193,-0.73
309.97,-0.453,-0.022,-0.99
309.99,-0.706,0.099,-0.869
310.01,-0.689,-0.391,-1.376
310.03,-0.451,-0.225,-0.629
310.05,-0.344,0.347,-0.505
310.07,-0.437,0.089,-0.796
310.09,-0.921,-0.294,-1.162
310.11,-0.733,-0.041,-0.908
310.13,-0.655,-0.276,-0.839
310.15,-0.772,0.214,-0.848
310.17,-0.628,-0.511,-0.322
310.19,-0.549,-0.011,-0.876
310.21,-0.507,-0.012,-0.928
310.23,-0.351,-0.296,-0.776
310.25,-0.748,-0.14,-0.859
310.27,-0.936,-0.02,-0.989
310.29,-0.601,-0.453,-1.204
310.31,-0.284,-0.358,-0.724
310.33,-0.763,-0.138,-1.041
310.35,-0.52,-0.275,-1.068
310.37,-0.519,-0.184,-1.04
310.39,-0.617,-0.082,-1.166
310.41,-0.655,-0.249,-0.756
310.43,-0.844,-0.078,-0.773
310.45,-1.114,-0.021,-0.822
310.47,-0.876,0.086,-0.7
310.49,-0.746,-0.33,-0.753
310.51,-0.452,-0.211,-0.728
310.53,-0.685,0.039,-0.485
310.55,-0.767,-0.379,-0.657
310.57,-0.832,-0.051,-0.801
310.59,-0.537,-0.074,-1.015
310.61,-0.393,-0.601,-1.159
310.63,-0.445,-0.199,-1.177
310.65,-0.539,-0.031,-0.641
310.67,-0.959,-0.165,-0.94
310.69,-0.721,-0.23,-0.801
310.71,-0.29,-0.097,-1.007
310.73,-0.46,0.076,-0.381
310.75,-0.998,-0.017,-1.186
310.77,-0.695,-0.282,-0.808
310.79,-0.601,-0.432,-0.915
310.81,-0.816,-0.044,-0.842
310.83,-1.131,-0.377,-0.91
310.85,-0.647,-0.265,-1.017
310.87,-0.83,-0.115,-1.063
310.89,-0.819,0.086,-0.434
310.91,-0.73,0.11,-0.897
310.93,-0.686,-0.127,-0.768
310.95,-0.66,-0.238,-1.144
310.97,-0.825,-0.365,-1.241
310.99,-0.689,0.289,-0.976
311.01,-1.0,-0.151,-0.665
311.03,-0.588,0.02,-0.826
311.05,-1.214,-0.095,-0.941
311.07,-0.711,-0.234,-0.742
311.09,-0.46,-0.257,-0.95
311.11,-0.875,-0.423,-0.559
311.13,-0.519,0.077,-0.537
311.15,-0.438,-0.157,-0.946
311.17,-1.302,0.16,-0.983
311.19,-0.694,-0.224,-0.85
311.21,-1.242,-0.187,-0.749
311.23,-0.697,-0.35,-0.905
311.25,-0.667,-0.186,-0.647
311.27,-1.149,-0.377,-0.795
311.29,-0.269,-0.04,-0.635
311.31,-0.623,-0.101,-1.077
311.33,-0.831,0.181,-0.96
311.35,-0.358,-0.408,-0.732
311.37,-0.992,0.124,-0.821
311.39,-0.88,-0.298,-0.882
311.41,-1.091,-0.024,-0.95
311.43,-0.276,-0.317,-0.833
311.45,-0.592,-0.035,-0.562
311.47,-0.53,-0.581,-1.249
311.49,-0.611,-0.193,-0.878
311.51,-0.557,-0.026,-0.866
311.53,-0.672,0.287,-1.047
311.55,-0.627,-0.495,-0.87
311.57,-0.657,-0.077,-1.167
311.59,-0.821,-0.182,-0.963
311.61,-0.733,-0.449,-0.875
311.63,-0.678,-0.3,-0.844
311.65,-0.702,-0.168,-0.479
311.67,-0.998,0.035,-1.029
311.69,-0.982,-0.048,-1.12
311.71,-0.502,-0.337,-0.641
311.73,-0.793,-0.445,-1.728
311.75,-0.617,-0.017,-0.957
311.77,-0.954,-0.15,-0.899
311.79,-1.02,0.202,-1.023
311.81,-0.909,-0.213,-0.842
311.83,-0.775,0.083,-0.962
311.85,-0.856,-0.036,-1.174
311.87,-0.47,0.014,-0.72
311.89,-0.701,-0.064,-0.702
311.91,-0.369,-0.075,-1.041
311.93,-0.666,-0.604,-0.96
311.95,-1.233,-0.196,-0.466
311.97,-0.557,-0.273,-0.764
311.99,-1.073,0.124,-0.844
312.01,-0.73,-0.335,-0.523
312.03,-0.929,-0.192,-1.161
312.05,-0.333,0.033,-1.24
312.07,-0.475,-0.073,-0.804
312.09,-0.922,-0.082,-0.678
312.11,-0.816,0.101,-1.205
312.13,-0.736,-0.054,-1.133
312.15,-0.61,-0.204,-0.723
312.17,-0.778,-0.349,-1.123
312.19,-0.987,0.011,-0.937
312.21,-0.917,-0.231,-0.833
312.23,-0.771,-0.125,-0.682
312.25,-0.52,0.132,-0.929
312.27,-0.668,-0.144,-0.767
312.29,-0.907,-0.194,-1.106
312.31,-0.63,-0.153,-0.742
312.33,-0.824,-0.153,-1.034
312.35,-0.574,-0.321,-1.125
312.37,-0.259,0.209,-0.432
312.39,-0.832,-0.229,-0.476
312.41,-0.593,0.025,-0.811
312.43,-0.911,-0.333,-0.538
312.45,-0.776,-0.024,-0.914
312.47,-0.747,-0.097,-0.872
312.49,-0.797,-0.116,-0.887
312.51,-0.265,-0.073,-1.034
312.53,-0.825,-0.008,-1.323
312.55,-0.646,-0.128,-0.905
312.57,-1.133,-0.112,-0.588
312.59,-0.664,0.024,-0.798
312.61,-0.526,-0.329,-0.679
312.63,-0.868,-0.339,-0.754
312.65,-1.269,-0.043,-1.01
312.67,-0.788,-0.484,-0.795
312.69,-0.781,-0.429,-0.908
312.71,-0.647,0.276,-1.047
312.73,-0.392,0.225,-0.651
312.75,-0.88,-0.208,-1.101
312.77,-0.951,0.1,-0.981
312.79,-1.021,0.109,-0.406
312.81,-0.752,0.006,-0.713
312.83,-0.693,-0.111,-0.791
312.85,-0.894,0.043,-1.288
312.87,-0.622,0.082,-0.86
312.89,-0.687,0.05,-1.069
312.91,-0.78,-0.396,-0.863
312.93,-0.955,0.33,-0.89
312.95,-0.879,0.415,-1.034
312.97,-1.271,-0.441,-0.626
312.99,-0.737,0.046,-0.644
313.01,-0.773,0.345,-1.061
313.03,-0.736,0.132,-0.512
313.05,-0.679,0.13,-1.035
313.07,-0.701,-0.374,-0.458
313.09,-0.815,0.076,-0.831
313.11,-0.762,-0.035,-0.867
313.13,-1.06,0.075,-0.483
313.15,-0.887,-0.275,-0.825
313.17,-0.77,-0.3,-0.582
313.19,-0.921,-0.116,-1.07
313.21,-0.612,-0.167,-0.802
313.23,-0.907,-0.112,-0.715
313.25,-0.713,-0.189,-0.559
313.27,-0.732,-0.134,-0.635
313.29,-0.6,-0.228,-0.772
313.31,-0.56,-0.111,-0.665
313.33,-0.607,-0.383,-0.898
313.35,-1.157,0.004,-0.646
313.37,-0.502,-0.056,-0.656
313.39,-0.414,-0.371,-0.902
313.41,-0.828,0.134,-0.736
313.43,-0.682,-0.296,-0.608
313.45,-0.918,0.109,-0.275
313.47,-1.118,-0.075,-0.536
313.49,-0.851,0.069,-0.722
313.51,-0.808,-0.108,-0.689
313.53,-0.752,-0.037,-0.777
313.55,-0.864,0.052,-0.717
313.57,-0.802,0.247,-0.594
313.59,-0.65,0.092,-0.592
313.61,-0.784,-0.026,-0.746
313.63,-0.505,-0.406,-0.953
313.65,-0.482,-0.621,-0.793
313.67,-0.147,-0.176,-0.904
313.69,-0.4,-0.29,-1.003
313.71,-0.583,-0.304,-0.632
313.73,-0.75,-0.19,-0.668
313.75,-0.552,-0.05,-0.931
313.77,-0.541,-0.304,-0.819
313.79,-0.712,-0.001,-0.687
313.81,-0.45,-0.193,-0.695
313.83,-0.906,-0.199,-0.661
313.85,-0.686,0.174,-0.892
313.87,-0.529,-0.176,-0.683
313.89,-0.693,-0.208,-0.757
313.91,-0.679,-0.074,-0.586
313.93,-0.663,0.175,-0.532
313.95,-0.805,-0.193,-0.128
313.97,-0.407,-0.077,-0.471
313.99,-0.857,-0.182,-0.702
314.01,-0.585,-0.176,-0.757
314.03,-0.571,-0.263,-0.96
314.05,-0.842,-0.272,-0.957
314.07,-0.644,0.173,-0.724
314.09,-0.834,-0.269,-0.724
314.11,-0.373,-0.47,-0.243
314.13,-0.876,-0.139,-0.921
314.15,-0.787,0.033,-0.958
314.17,-0.909,0.062,-0.728
314.19,-0.933,-0.423,-0.881
314.21,-0.357,0.032,-0.711
314.23,-0.558,0.219,-0.878
314.25,-0.64,-0.32,-0.823
314.27,-0.809,-0.229,-0.7
314.29,-0.511,-0.44,-0.91
314.31,-0.848,0.199,-0.866
314.33,-0.546,-0.48,-0.686
314.35,-0.875,-0.288,-0.771
314.37,-0.828,-0.032,-0.905
314.39,-0.541,-0.322,-0.887
314.41,-0.531,-0.377,-0.594
314.43,-0.591,-0.186,-0.748
314.45,-0.917,0.291,-0.873
314.47,-0.796,-0.244,-0.63
314.49,-0.666,-0.234,-0.717
314.51,-0.868,-0.439,-0.529
314.53,-0.41,-0.127,-0.605
314.55,-1.163,-0.025,-0.557
314.57,-0.822,-0.319,-0.869
314.59,-0.751,-0.098,-0.98
314.61,-1.201,-0.342,-0.655
314.63,-0.919,-0.578,-0.661
314.65,-0.502,-0.107,-0.842
314.67,-0.621,0.227,-1.021
314.69,-0.313,-0.422,-0.752
314.71,-0.31,-0.141,-0.731
314.73,-0.536,0.097,-1.091
314.75,-0.577,-0.199,-0.725
314.77,-0.626,-0.478,-0.568
314.79,-1.151,-0.201,-1.063
314.81,-0.903,0.085,-0.714
314.83,-0.604,-0.306,-0.557
314.85,-0.497,-0.166,-0.542
314.87,-0.566,-0.421,-1.193
314.89,-0.805,-0.221,-0.596
314.91,-0.438,-0.155,-0.873
314.93,-0.333,-0.204,-0.906
314.95,-0.428,-0.292,-0.307
314.97,-0.397,-0.122,-0.766
314.99,-0.702,-0.08,-0.885
315.011,-0.38,-0.078,-0.634
315.031,-0.561,-0.279,-0.467
315.051,-0.499,-0.332,-0.77
315.071,-0.542,0.181,-0.913
315.091,-0.64,-0.197,-0.806
315.111,-0.775,-0.265,-0.603
315.131,-0.606,-0.516,-0.862
315.151,-0.388,-0.407,-0.574
315.171,-0.667,-0.332,-0.821
315.191,-0.397,-0.114,-1.179
315.211,-0.43,-0.262,-0.501
315.231,-0.649,-0.179,-0.755
315.251,-0.299,-0.475,-0.603
315.271,-0.653,0.07,-0.76
315.291,-0.271,-0.343,-0.814
315.311,-0.487,-0.155,-0.671
315.331,-0.586,-0.298,-0.854
315.351,-0.769,-0.25,-0.454
315.371,-0.615,-0.339,-0.811
315.391,-0.637,-0.13,-0.45
315.411,-0.836,-0.397,-0.679
315.431,-0.621,-0.149,-1.262
315.451,-0.746,-0.231,-0.968
315.471,-0.481,-0.091,-0.61
315.491,-0.33,-0.054,-0.97
315.511,-0.817,-0.241,-1.057
315.531,-0.22,-0.108,-0.535
315.551,-0.568,-0.276,-1.095
315.571,-0.742,0.095,-0.635
315.591,-0.396,-0.253,-0.859
315.611,-0.623,-0.216,-0.638
315.631,-0.567,-0.242,-0.718
315.651,-0.627,-0.291,-1.186
315.671,-0.707,0.263,-0.822
315.691,-0.385,-0.045,-0.795
315.711,-0.596,-0.12,-0.667
315.731,-0.829,-0.244,-0.694
315.751,-0.438,0.084,-0.815
315.771,-0.79,-0.26,-1.004
315.791,-0.792,-0.137,-0.689
315.811,-0.318,0.27,-0.598
315.831,-0.794,-0.364,-0.723
315.851,-1.02,-0.075,-0.824
315.871,-0.43,-0.127,-0.864
315.891,-0.611,-0.077,-0.957
315.911,-0.579,-0.227,-0.716
315.931,-0.599,-0.297,-0.719
315.951,-0.476,-0.126,-0.591
315.971,-0.681,-0.269,-0.869
315.991,-0.242,-0.646,-0.733
316.011,-0.816,-0.341,-1.012
316.031,-0.42,-0.23,-0.816
316.051,-0.397,-0.38,-0.858
316.071,-0.7,-0.134,-0.534
316.091,-0.737,-0.322,-0.397
316.111,-0.331,-0.19,-0.978
316.131,-0.738,0.273,-0.547
316.151,-0.659,0.087,-0.602
316.171,-0.366,-0.028,-0.845
316.191,-0.536,0.218,-0.881
316.211,-0.906,-0.174,-0.882
316.231,-0.201,-0.156,-0.815
316.251,-0.675,-0.365,-0.819
316.271,-0.66,0.105,-0.78
316.291,-0.517,0.207,-0.862
316.311,-0.436,0.006,-0.583
316.331,-0.167,0.111,-0.643
316.351,-0.883,-0.727,-0.772
316.371,-0.385,0.299,-0.84
316.391,-0.419,-0.191,-0.827
316.411,-0.606,0.298,-0.644
316.431,-0.416,0.179,-0.717
316.451,-0.404,-0.02,-0.692
316.471,-0.875,-0.25,-0.556
316.491,-0.256,-0.148,-0.733
316.511,-0.915,-0.566,-0.446
316.531,-0.832,0.011,-1.111
316.551,-0.656,-0.677,-0.959
316.571,-0.214,-0.209,-0.338
316.591,-0.657,0.161,-0.8
316.611,-0.593,-0.003,-0.659
316.631,-0.299,-0.466,-0.451
316.651,-0.655,-0.429,-0.629
316.671,-0.843,-0.302,-0.508
316.691,-0.687,-0.162,-0.57
316.711,-0.33,-0.014,-0.512
316.731,-0.59,-0.091,-0.62
316.751,-0.225,-0.426,-0.584
316.771,-0.464,-0.091,-0.847
316.791,-0.756,-0.082,-0.618
316.811,-0.631,-0.122,-0.729
316.831,-0.783,0.249,-0.753
316.851,-0.767,-0.078,-1.072
316.871,0.252,-0.026,-0.803
316.891,-0.452,0.144,-0.736
316.911,-0.495,-0.07,-0.412
316.931,-0.797,-0.351,-0.773
316.951,-0.371,0.004,-0.643
316.971,-0.458,-0.331,-0.43
316.991,-0.301,-0.442,-0.966
317.011,-0.306,-0.412,-0.792
317.031,-0.966,0.003,-0.537
317.051,-0.9,-0.127,-0.227
317.071,-0.886,-0.042,-1.116
317.091,-0.861,-0.121,-0.748
317.111,-0.607,-0.207,-0.589
317.131,-0.783,-0.178,-0.546
317.151,-0.255,-0.12,-0.283
317.171,-0.287,-0.363,-0.874
317.191,-0.684,-0.482,-0.792
317.211,-0.288,-0.312,-1.078
317.231,-0.356,-0.123,-0.735
317.251,-0.743,-0.342,-0.659
317.271,-1.037,0.201,-0.349
317.291,-0.678,-0.131,-0.44
317.311,-0.76,-0.2,-0.487
317.331,-0.586,-0.32,-0.932
317.351,-0.629,-0.013,-0.702
317.371,-0.65,-0.445,-0.722
317.391,-0.559,-0.132,-0.724
317.411,-0.889,-0.291,-0.813
317.431,-0.569,-0.183,-0.591
317.451,-0.734,-0.09,-0.895
317.471,-0.615,-0.423,-0.745
317.491,-0.454,-0.511,-0.504
317.511,-0.906,-0.369,-0.363
317.531,-0.706,-0.002,-0.963
317.551,-0.674,-0.102,-0.694
317.571,-0.755,-0.26,-0.705
317.591,-0.465,0.233,-0.539
317.611,-0.776,0.083,-0.473
317.631,-0.758,0.032,-0.882
317.651,-0.782,-0.332,-0.83
317.671,-0.439,0.008,-0.796
317.691,-0.762,-0.139,-0.699
317.711,-0.597,-0.344,-0.621
317.731,-0.296,-0.237,-0.878
317.751,-0.705,-0.419,-0.444
317.771,-0.458,-0.361,-1.187
317.791,-0.343,-0.434,-1.073
317.811,-0.471,-0.017,-0.727
317.831,-0.67,-0.224,-0.889
317.851,-0.525,-0.396,-0.959
317.871,-0.901,-0.107,-0.653
317.891,-0.778,-0.222,-0.679
317.911,-0.748,-0.01,-0.606
317.931,-0.167,-0.193,-1.056
317.951,-0.792,-0.501,-0.682
317.971,-0.807,-0.316,-0.68
317.991,-0.851,-0.46,-1.045
318.011,-0.535,-0.127,-0.841
318.031,-0.611,-0.023,-0.658
318.051,-0.418,-0.557,-0.588
318.071,-0.485,-0.273,-0.881
318.091,-0.89,-0.005,-1.075
318.111,-0.771,-0.56,-0.557
318.131,-0.348,-0.343,-0.863
318.151,-0.664,-0.247,-1.244
318.171,-0.376,-0.054,-0.936
318.191,-0.614,-0.154,-0.662
318.211,-0.786,-0.099,-1.147
318.231,-0.642,-0.121,-0.881
318.251,-0.775,-0.323,-0.973
318.271,-0.693,0.089,-0.917
318.291,-0.548,-0.374,-0.988
318.311,-0.49,-0.792,-0.815
318.331,-0.912,-0.576,-0.958
318.351,-0.588,-0.227,-0.781
318.371,-0.687,-0.295,-0.983
318.391,-0.704,-0.333,-0.67
318.411,-0.554,-0.201,-0.91
318.431,-0.683,-0.003,-1.15
318.451,-0.299,-0.159,-1.062
318.471,-0.327,-0.113,-1.125
318.491,-0.322,-0.456,-1.116
318.511,-0.663,-0.342,-1.143
318.531,-0.747,-0.073,-1.087
318.551,-0.533,-0.192,-0.861
318.571,-0.582,-0.118,-0.714
318.591,-0.669,-0.109,-1.123
318.611,-0.792,-0.193,-1.021
318.631,-0.57,0.095,-0.712
318.651,-0.634,-0.316,-0.917
318.671,-0.418,-0.385,-1.231
318.691,-0.419,-0.578,-0.878
318.711,-0.346,-0.08,-0.815
318.731,-0.819,-0.339,-0.835
318.751,-0.484,0.03,-0.438
318.771,-0.716,-0.174,-1.049
318.791,-0.813,-0.293,-0.688
318.811,-0.653,-0.439,-0.919
318.831,-0.364,-0.058,-0.822
318.851,-0.68,-0.247,-1.047
318.871,-0.302,-0.192,-1.059
318.891,-0.526,-0.123,-1.176
318.911,-0.707,-0.193,-1.225
318.931,-0.385,-0.412,-0.8
318.951,-0.54,-0.152,-1.031
318.971,-0.826,-0.091,-0.421
318.991,-0.272,-0.189,-1.037
319.011,-0.598,-0.124,-0.814
319.031,-0.654,-0.118,-0.937
319.051,-0.846,-0.341,-1.291
319.071,-0.439,-0.344,-1.209
319.091,-0.581,0.178,-1.237
319.111,-0.574,0.004,-0.63
319.131,-0.807,-0.272,-0.653
319.151,-0.537,-0.115,-0.531
319.171,-0.524,-0.432,-1.364
319.191,-0.835,-0.38,-1.198
319.211,-0.965,-0.513,-0.795
319.231,-0.566,-0.195,-1.068
319.251,-0.983,-0.186,-0.764
319.271,-0.652,-0.027,-0.995
319.291,-0.805,-0.29,-1.021
319.311,-0.48,-0.024,-1.29
319.331,-0.807,-0.119,-1.02
319.351,-0.519,0.247,-0.845
319.371,-0.837,0.085,-1.131
319.391,-0.54,0.057,-0.942
319.411,-0.33,-0.046,-1.161
319.431,-0.956,-0.372,-1.113
319.451,-0.672,-0.14,-1.081
319.471,-0.187,0.263,-0.856
319.491,-0.728,-0.088,-0.779
319.511,-0.717,-0.371,-0.595
319.531,-0.557,-0.148,-0.799
319.551,-0.692,-0.416,-0.902
319.571,-1.027,-0.387,-0.628
319.591,-0.482,-0.139,-0.945
319.611,-1.119,-0.065,-0.877
319.631,-0.782,-0.383,-0.821
319.651,-0.451,-0.327,-0.982
319.671,-0.746,-0.508,-1.035
319.691,-0.805,-0.257,-1.058
319.711,-0.485,-0.633,-1.151
319.731,-0.825,-0.305,-1.141
319.751,-0.901,-0.232,-0.845
319.771,-0.601,-0.581,-1.283
319.791,-0.704,-0.433,-1.042
319.811,-0.922,-0.222,-1.075
319.831,-0.55,-0.253,-1.36
319.851,-0.581,-0.242,-0.91
319.871,-0.738,-0.164,-1.34
319.891,-0.715,-0.559,-1.225
319.911,-0.544,-0.105,-1.105
319.931,-0.39,-0.324,-0.793
319.951,-0.677,-0.372,-0.979
319.971,-0.503,-0.6,-1.012
319.991,-0.537,-0.287,-0.807
320.011,-0.471,-0.123,-1.108
320.031,-0.642,-0.204,-0.664
320.051,-0.83,-0.203,-0.963
320.071,-0.751,-0.301,-1.054
320.091,-0.59,-0.258,-1.452
320.111,-0.3,-0.459,-0.88
320.131,-0.756,-0.225,-0.965
320.151,-0.492,-0.322,-1.109
320.171,-0.716,-0.449,-1.166
320.191,-0.639,-0.101,-0.661
320.211,-0.359,-0.568,-1.207
320.231,-0.493,-0.151,-0.967
320.251,-0.899,-0.152,-1.055
320.271,-0.772,-0.365,-0.906
320.291,-0.398,-0.07,-1.428
320.311,-0.627,-0.378,-0.905
320.331,-0.894,-0.393,-0.708
320.351,-0.835,-0.493,-1.429
320.371,-0.521,-0.237,-1.237
320.391,-0.465,-0.417,-0.925
320.411,-0.652,-0.369,-1.069
320.431,-0.148,-0.22,-0.912
320.451,-0.483,-0.192,-0.896
320.471,-0.698,0.06,-0.994
320.491,-0.815,0.003,-0.687
320.511,-0.855,-0.07,-0.9
320.531,-0.583,-0.204,-1.302
320.551,-0.752,-0.263,-0.884
320.571,-0.33,-0.193,-1.027
320.591,-0.354,-0.298,-0.919
320.611,-0.523,-0.327,-0.773
320.631,-0.886,-0.196,-0.668
320.651,-0.79,-0.352,-0.981
320.671,-0.416,-0.347,-0.849
320.691,-0.795,-0.001,-1.233
320.711,-0.449,-0.467,-1.115
320.731,-0.584,-0.4,-1.148
320.751,-0.69,0.036,-0.824
320.771,-0.849,-0.296,-0.681
320.791,-0.73,0.062,-0.384
320.811,-0.681,-0.439,-0.849
320.831,-0.507,-0.189,-0.814
320.851,-0.895,-0.05,-1.373
320.871,-0.762,-0.388,-1.389
320.891,-0.692,0.15,-1.197
320.911,-0.578,-0.268,-1.287
320.931,-0.9,-0.089,-0.923
320.951,-0.971,-0.331,-0.677
320.971,-0.57,0.091,-1.033
320.991,-1.001,-0.14,-1.176
321.011,-0.434,0.208,-0.992
321.031,-0.729,0.026,-1.213
321.051,-0.982,-0.034,-1.194
321.071,-0.759,-0.401,-1.131
321.091,-0.591,-0.201,-1.009
321.111,-0.763,-0.267,-1.419
321.131,-0.654,-0.184,-1.489
321.151,-0.509,-0.162,-1.246
321.171,-0.703,-0.364,-0.971
321.191,-0.859,-0.214,-1.319
321.211,-0.724,-0.232,-0.689
321.231,-0.388,-0.393,-0.873
321.251,-0.342,-0.033,-0.911
321.271,-1.086,-0.139,-0.888
321.291,-0.474,-0.001,-0.984
321.311,-0.642,-0.065,-0.97
321.331,-0.513,-0.495,-0.824
321.351,-0.797,-0.325,-0.88
321.371,-1.031,0.178,-1.016
321.391,-0.56,0.009,-0.697
321.411,-0.874,-0.483,-1.058
321.431,-0.965,-0.059,-1.176
321.451,-0.955,-0.332,-1.385
321.471,-0.555,-0.583,-1.225
321.491,-0.651,0.18,-0.832
321.511,-0.52,-0.13,-1.082
321.531,-0.536,-0.098,-0.974
321.551,-0.74,-0.407,-1.051
321.571,-0.673,-0.386,-1.33
321.591,-0.776,-0.492,-1.146
321.611,-0.715,0.109,-1.266
321.631,-0.855,-0.514,-1.179
321.651,-0.579,0.156,-1.251
321.671,-0.448,-0.374,-0.968
321.691,-0.83,-0.409,-0.879
321.711,-0.419,-0.161,-1.038
321.731,-0.654,-0.311,-1.446
321.751,-0.638,-0.142,-1.313
321.771,-1.022,-0.334,-0.9
321.791,-1.038,-0.233,-1.163
321.811,-0.647,-0.324,-1.146
321.831,-0.509,-0.006,-0.973
321.851,-0.789,-0.086,-1.13
321.871,-0.307,-0.131,-1.395
321.891,-0.492,0.024,-1.137
321.911,-0.826,-0.127,-1.049
321.931,-0.661,-0.145,-1.068
321.951,-0.176,-0.206,-0.809
321.971,-0.933,-0.34,-0.943
321.991,-0.578,-0.345,-0.959
322.011,-0.74,-0.195,-0.726
322.031,-0.527,0.001,-1.292
322.051,-0.406,-0.096,-0.683
322.071,-0.752,-0.115,-0.68
322.091,-0.466,-0.447,-1.045
322.111,-0.232,-0.12,-1.087
322.131,-0.684,-0.306,-0.748
322.151,-0.533,-0.181,-1.051
322.171,-0.81,-0.104,-0.922
322.191,-0.691,-0.444,-0.944
322.211,-0.729,-0.176,-0.901
322.231,-0.516,-0.163,-1.234
322.251,-0.442,-0.026,-0.935
322.271,-0.709,-0.326,-1.196
322.291,-0.369,-0.235,-1.128
322.311,-0.379,-0.181,-0.837
322.331,-0.507,-0.316,-1.133
322.351,-0.78,-0.325,-1.163
322.371,-0.821,-0.33,-0.974
322.391,-0.86,-0.236,-0.739
322.411,-0.507,0.148,-0.528
322.431,-0.937,-0.201,-0.786
322.451,-0.553,-0.098,-0.791
322.471,-0.898,-0.181,-1.022
322.491,-0.517,-0.263,-0.484
322.511,-0.667,-0.209,-0.972
322.531,-0.407,-0.056,-1.034
322.551,-0.443,-0.227,-0.955
322.571,-0.393,-0.251,-0.965
322.591,-0.408,-0.251,-1.279
322.611,-0.68,-0.426,-1.144
322.631,-0.939,-0.027,-0.931
322.651,-0.934,-0.325,-1.162
322.671,-1.15,0.056,-0.867
322.691,-0.932,-0.216,-0.993
322.711,-0.704,0.017,-0.812
322.731,-0.825,-0.315,-1.018
322.751,-0.758,-0.416,-0.872
322.771,-0.637,-0.06,-1.336
322.791,-0.807,-0.374,-1.301
322.811,-0.96,-0.0,-1.133
322.831,-0.749,-0.148,-0.921
322.851,-0.917,0.035,-1.127
322.871,-0.798,-0.44,-0.825
322.891,-0.468,-0.048,-0.897
322.911,-0.777,-0.394,-1.065
322.931,-0.346,-0.738,-0.904
322.951,-0.407,-0.101,-1.045
322.971,-0.819,-0.294,-0.91
322.991,-0.944,-0.083,-1.063
323.011,-0.72,-0.264,-0.885
323.031,-0.497,-0.272,-0.7
323.051,-0.826,0.014,-1.233
323.071,-0.536,-0.266,-1.108
323.091,-0.46,-0.396,-1.082
323.111,-0.865,-0.32,-0.897
323.131,-0.844,-0.267,-0.791
323.151,-0.567,-0.877,-1.291
323.171,-0.687,-0.211,-0.985
323.191,-0.842,-0.026,-0.94
323.211,-0.769,-0.295,-0.759
323.231,-0.725,-0.357,-1.12
323.251,-1.026,-0.19,-0.784
323.271,-0.564,0.102,-0.885
323.291,-0.808,-0.151,-0.594
323.311,-1.25,-0.198,-0.507
323.331,-0.695,-0.329,-0.788
323.351,-0.841,-0.455,-1.0
323.371,-0.356,-0.228,-0.854
323.391,-0.807,-0.215,-0.836
323.411,-0.927,-0.633,-0.865
323.431,-0.594,-0.398,-0.882
323.451,-0.826,-0.011,-0.851
323.471,-0.851,-0.303,-0.732
323.491,-0.598,-0.737,-0.488
323.511,-0.908,0.073,-1.281
323.531,-1.001,-0.418,-0.669
323.551,-0.381,-0.316,-0.894
323.571,-0.605,-0.02,-1.081
323.591,-0.781,-0.374,-1.195
323.611,-0.727,-0.617,-0.866
323.631,-0.627,-0.184,-0.917
323.651,-0.52,-0.061,-1.148
323.671,-0.861,-0.31,-0.934
323.691,-0.626,-0.245,-0.726
323.711,-0.793,-0.455,-0.634
323.731,-0.712,-0.427,-0.908
323.751,-0.657,-0.281,-0.907
323.771,-0.676,-0.093,-0.801
323.791,-0.536,-0.213,-0.701
323.811,-0.596,-0.016,-0.904
323.831,-1.008,0.095,-0.852
323.851,-0.982,-0.055,-1.008
323.871,-0.78,-0.544,-0.947
323.891,-0.327,-0.289,-1.045
323.911,-0.882,-0.06,-1.123
323.931,-0.75,-0.262,-1.139
323.951,-0.825,-0.561,-1.071
323.971,-0.842,-0.348,-1.084
323.991,-0.701,-0.698,-0.86
324.011,-0.455,-0.307,-0.82
324.031,-0.651,-0.376,-0.991
324.051,-0.915,-0.303,-1.082
324.071,-0.208,0.001,-0.458
324.091,-0.737,-0.515,-0.983
324.111,-0.864,-0.372,-1.022
324.131,-0.471,-0.443,-1.219
324.151,-0.849,-0.006,-0.813
324.171,-0.431,0.025,-0.552
324.191,-0.935,-0.14,-0.973
324.211,-0.466,-0.163,-0.995
324.231,-0.72,-0.449,-0.87
324.251,-0.507,-0.172,-0.866
324.271,-0.379,-0.432,-1.424
324.291,-0.961,-0.204,-0.806
324.311,-0.472,-0.278,-0.572
324.331,-1.011,-0.33,-0.928
324.351,-0.949,-0.197,-0.955
324.371,-0.89,-0.063,-0.784
324.391,-0.637,0.155,-0.8
324.411,-0.733,-0.086,-0.87
324.431,-0.777,0.273,-0.755
324.451,-0.715,-0.133,-0.731
324.471,-0.635,0.198,-1.129
324.491,-0.611,-0.07,-1.126
324.511,-0.521,-0.091,-1.162
324.531,-0.379,-0.179,-1.197
324.551,-0.75,-0.06,-0.727
324.571,-0.853,-0.037,-0.716
324.591,-0.625,-0.407,-0.78
324.611,-0.984,0.031,-0.526
324.631,-0.901,-0.407,-0.907
324.651,-0.568,0.02,-0.987
324.671,-0.786,0.006,-0.821
324.691,-0.988,0.175,-0.615
324.711,-1.042,-0.278,-0.968
324.731,-0.727,-0.288,-0.472
324.751,-0.5,0.117,-0.859
324.771,-0.499,-0.312,-0.735
324.791,-0.698,-0.33,-0.787
324.811,-0.322,-0.063,-0.893
324.831,-0.753,-0.093,-0.634
324.851,-0.769,-0.054,-1.514
324.871,-1.257,0.012,-0.891
324.891,-0.83,0.019,-0.666
324.911,-0.573,-0.108,-1.116
324.931,-0.432,-0.106,-0.959
324.951,-0.925,-0.131,-0.93
324.971,-0.644,-0.086,-0.904
324.991,-0.511,-0.374,-0.973
325.011,-0.72,0.047,-1.052
325.031,-1.176,0.114,-0.855
325.051,-0.653,0.036,-0.673
325.071,-0.543,0.019,-0.766
325.091,-0.89,-0.31,-0.646
325.111,-0.746,-0.413,-0.899
325.131,-0.94,0.029,-0.618
325.151,-1.22,-0.124,-1.119
325.171,-0.498,-0.091,-0.61
325.191,-0.723,-0.087,-0.65
325.211,-0.392,-0.061,-1.173
325.231,-0.536,0.0,-0.766
325.251,-0.782,-0.148,-0.886
325.271,-0.73,-0.518,-0.89
325.291,-0.592,-0.001,-0.849
325.311,-0.518,-0.043,-0.99
325.331,-0.653,-0.428,-0.678
325.351,-0.504,-0.397,-0.854
325.371,-0.776,0.025,-1.08
325.391,-0.91,0.071,-0.873
325.411,-0.735,-0.695,-0.961
325.431,-0.679,-0.078,-0.743
325.451,-0.958,-0.218,-1.125
325.471,-0.973,-0.159,-0.448
325.491,-0.62,-0.151,-0.836
325.511,-0.796,-0.333,-1.107
325.531,-0.743,-0.047,-0.905
325.551,-0.787,-0.309,-0.956
325.571,-0.404,-0.024,-1.014
325.591,-0.454,0.017,-0.773
325.611,-0.971,-0.354,-0.419
325.631,-0.832,-0.331,-0.475
325.651,-0.554,-0.145,-0.81
325.671,-0.596,0.125,-1.014
325.691,-0.73,-0.313,-0.827
325.711,-0.957,-0.279,-0.734
325.731,-0.875,-0.137,-0.841
325.751,-0.84,-0.06,-0.725
325.771,-0.681,-0.067,-0.782
325.791,-0.402,-0.167,-0.809
325.811,-0.876,-0.252,-1.12
325.831,-0.942,-0.131,-0.912
325.851,-0.764,-0.828,-0.497
325.871,-0.542,0.182,-0.787
325.891,-1.02,-0.22,-0.651
325.911,-0.462,-0.15,-0.498
325.931,-0.802,0.241,-1.154
325.951,-0.917,-0.309,-0.406
325.971,-1.08,0.305,-0.731
325.991,-0.627,-0.016,-0.689
326.011,-0.797,-0.075,-1.048
326.031,-0.746,-0.041,-0.773
326.051,-0.963,-0.341,-1.08
326.071,-0.844,-0.505,-0.888
326.091,-0.869,-0.418,-0.85
326.111,-0.786,0.046,-0.965
326.131,-0.918,-0.352,-0.675
326.151,-1.091,-0.497,-0.993
326.171,-0.246,-0.18,-1.312
326.191,-1.065,-0.063,-0.956
326.211,-0.759,-0.164,-0.659
326.231,-1.143,-0.056,-0.424
326.251,-1.188,0.041,-0.656
326.271,-0.767,-0.062,-0.69
326.291,-0.751,-0.212,-0.975
326.311,-0.556,-0.299,-0.422
326.331,-0.728,-0.054,-0.736
326.351,-0.838,-0.144,-0.714
326.371,-0.993,-0.373,-0.732
326.391,-0.499,0.075,-1.096
326.411,-0.631,-0.129,-0.787
326.431,-1.077,-0.053,-1.159
326.451,-0.819,-0.266,-0.7
326.471,-0.792,0.042,-0.821
326.491,-0.894,-0.485,-1.021
326.511,-0.665,0.157,-0.669
326.531,-0.633,-0.564,-0.967
326.551,-0.833,-0.449,-0.971
326.571,-0.837,-0.128,-0.784
326.591,-0.484,-0.287,-0.899
326.611,-0.591,-0.245,-0.842
326.631,-0.753,-0.283,-0.705
326.651,-1.083,-0.326,-1.073
326.671,-0.708,-0.124,-1.108
326.691,-0.643,-0.189,-1.001
326.711,-1.325,0.005,-0.972
326.731,-0.738,-0.158,-0.834
326.751,-0.88,-0.269,-0.583
326.771,-0.835,-0.031,-0.996
326.791,-0.98,-0.554,-0.98
326.811,-0.84,-0.707,-1.118
326.831,-0.518,-0.526,-1.134
326.851,-0.891,-0.276,-0.845
326.871,-0.619,-0.146,-0.976
326.891,-0.985,-0.748,-0.721
326.911,-0.659,-0.231,-0.751
326.931,-0.807,-0.299,-0.82
326.951,-0.724,-0.199,-1.274
326.971,-0.796,-0.618,-0.836
326.991,-0.668,0.282,-1.14
327.011,-1.319,-0.24,-1.323
327.031,-1.08,-0.489,-0.918
327.051,-0.723,-0.229,-0.697
327.071,-1.197,0.068,-0.832
327.091,-0.905,-0.499,-1.161
327.111,-0.823,-0.545,-0.409
327.131,-0.975,-0.273,-0.829
327.151,-0.955,-0.267,-1.158
327.171,-0.767,-0.124,-1.398
327.191,-0.609,0.025,-1.037
327.211,-0.988,-0.126,-1.397
327.231,-0.91,-0.542,-1.229
327.251,-0.945,-0.481,-1.349
327.271,-1.286,-0.421,-1.161
327.291,-0.769,-0.09,-1.132
327.311,-0.634,-0.126,-1.206
327.331,-0.618,0.001,-0.559
327.351,-1.007,-0.142,-1.061
327.371,-1.08,-0.346,-0.752
327.391,-0.828,-0.252,-0.897
327.411,-0.665,-0.499,-1.051
327.431,-0.798,-0.065,-1.125
327.451,-0.767,-0.313,-0.762
327.471,-0.605,0.059,-1.231
327.491,-0.969,-0.058,-1.176
327.511,-0.864,0.216,-1.179
327.531,-0.491,-0.093,-1.034
327.551,-0.858,-0.101,-1.232
327.571,-1.078,-0.227,-0.851
327.591,-0.952,-0.271,-0.823
327.611,-1.004,-0.221,-1.198
327.631,-0.724,0.037,-0.949
327.651,-0.982,-0.425,-1.223
327.671,-0.735,-0.136,-1.025
327.691,-0.936,-0.494,-0.851
327.711,-1.214,-0.079,-1.055
327.731,-0.737,-0.251,-1.109
327.751,-0.765,-0.062,-0.636
327.771,-0.693,-0.318,-1.026
327.791,-0.926,-0.209,-1.26
327.811,-0.957,-0.029,-1.27
327.831,-0.718,-0.131,-0.628
327.851,-0.495,0.146,-1.235
327.871,-0.801,-0.275,-1.214
327.891,-0.717,-0.294,-1.067
327.911,-0.866,0.052,-0.92
327.931,-1.105,-0.256,-1.308
327.951,-0.594,-0.238,-1.125
327.971,-0.601,-0.066,-1.331
327.991,-0.639,-0.176,-1.09
328.011,-0.828,-0.203,-0.9
328.031,-0.679,-0.275,-1.104
328.051,-0.611,0.127,-0.645
328.071,-0.461,-0.166,-1.208
328.091,-0.591,-0.251,-0.981
328.111,-0.767,-0.201,-0.763
328.131,-1.048,-0.073,-0.821
328.151,-0.764,0.153,-0.504
328.171,-0.734,-0.161,-0.965
328.191,-0.63,-0.277,-1.21
328.211,-0.506,0.275,-1.02
328.231,-0.789,-0.083,-1.196
328.251,-0.341,-0.135,-1.003
328.271,-1.111,-0.113,-0.775
328.291,-0.677,-0.381,-0.896
328.311,-0.927,-0.131,-1.049
328.331,-1.147,0.034,-1.165
328.351,-0.809,0.15,-0.963
328.371,-1.049,-0.174,-0.923
328.391,-0.779,-0.068,-1.29
328.411,-0.74,0.142,-1.229
328.431,-0.518,-0.094,-1.085
328.451,-1.039,0.038,-1.3
328.471,-0.541,-0.024,-1.4
328.491,-0.703,-0.227,-1.238
328.511,-0.513,-0.266,-0.937
328.531,-0.806,0.134,-1.009
328.551,-0.98,-0.603,-1.103
328.571,-0.961,-0.196,-1.191
328.591,-0.988,-0.347,-0.939
328.611,-0.614,0.152,-0.941
328.631,-0.421,0.226,-0.751
328.651,-0.841,-0.191,-1.498
328.671,-0.598,0.507,-1.331
328.691,-1.028,0.246,-0.8
328.711,-0.698,0.024,-0.885
328.731,-0.599,0.29,-0.809
328.751,-1.028,-0.137,-1.164
328.771,-0.792,-0.061,-1.073
328.791,-0.603,0.092,-1.24
328.811,-1.332,-0.142,-1.457
328.831,-0.472,-0.249,-0.965
328.851,-0.676,-0.18,-0.706
328.871,-0.595,-0.025,-1.021
328.891,-0.831,0.109,-1.113
328.911,-1.092,-0.033,-1.191
328.931,-0.645,-0.3,-0.749
328.951,-0.777,0.132,-0.96
328.971,-0.748,0.296,-0.947
328.991,-0.532,-0.081,-1.264
329.011,-0.599,0.388,-1.16
329.031,-0.37,0.238,-0.816
329.051,-0.723,-0.147,-1.073
329.071,-0.891,-0.054,-1.114
329.091,-0.799,0.01,-0.483
329.111,-0.681,0.036,-0.971
329.131,-0.57,-0.418,-1.034
329.151,-1.06,-0.079,-1.027
329.171,-0.788,-0.049,-1.113
329.191,-0.469,0.461,-1.009
329.211,-0.833,0.128,-0.601
329.231,-0.596,-0.076,-0.905
329.251,-0.691,0.005,-1.308
329.271,-0.624,0.185,-1.074
329.291,-0.974,0.018,-0.959
329.311,-0.964,-0.011,-1.287
329.331,-0.8,0.004,-1.105
329.351,-1.102,0.188,-1.2
329.371,-0.847,-0.178,-1.095
329.391,-0.743,-0.142,-0.999
329.411,-0.432,-0.12,-0.876
329.431,-0.708,-0.156,-1.246
329.451,-0.651,-0.088,-1.037
329.471,-0.537,0.266,-1.084
329.491,-0.962,0.284,-1.061
329.511,-0.784,0.125,-1.184
329.531,-0.271,0.105,-1.038
329.551,-0.767,-0.067,-0.923
329.571,-0.523,-0.348,-1.299
329.591,-0.543,0.111,-0.677
329.611,-1.028,0.141,-0.841
329.631,-0.672,-0.056,-1.338
329.651,-0.705,-0.135,-0.743
329.671,-0.664,-0.167,-0.737
329.691,-0.859,0.125,-1.12
329.711,-0.946,0.114,-0.971
329.731,-0.808,0.333,-1.004
329.751,-0.722,-0.066,-1.297
329.771,-0.457,0.015,-0.801
329.791,-0.33,0.082,-1.384
329.811,-0.418,-0.052,-0.942
329.831,-0.53,0.231,-0.703
329.851,-0.894,0.308,-1.364
329.871,-0.766,-0.157,-1.08
329.891,-0.658,-0.019,-0.772
329.911,-0.834,0.342,-0.906
329.931,-0.594,0.154,-0.815
329.951,-0.57,0.118,-1.099
329.971,-0.6,0.151,-1.139
329.991,-0.508,0.243,-0.992
330.011,-0.865,0.178,-0.899
330.031,-0.502,0.153,-0.848
330.051,-0.837,0.109,-0.889
330.071,-0.875,0.383,-0.78
330.091,-0.583,0.062,-0.95
330.111,-0.437,0.112,-1.175
330.131,-0.57,0.42,-1.242
330.151,-0.653,0.182,-0.813
330.171,-0.599,0.102,-0.759
330.191,-0.649,0.225,-0.552
330.211,-0.885,0.148,-0.458
330.231,-0.922,-0.035,-0.738
330.251,-0.668,0.168,-0.849
330.271,-0.638,-0.042,-1.002
330.291,-0.654,0.47,-1.114
330.311,-0.527,0.152,-0.918
330.331,-0.704,-0.085,-0.957
330.351,-0.555,0.005,-0.544
330.371,-0.692,0.22,-0.803
330.391,-0.299,-0.168,-0.952
330.411,-0.658,0.599,-1.097
330.431,-0.216,-0.238,-0.799
330.451,-0.617,0.242,-0.892
330.471,-0.752,-0.025,-0.998
330.491,-0.905,-0.094,-1.055
330.511,-1.001,0.166,-0.805
330.531,-0.898,-0.025,-0.996
330.551,-0.867,0.382,-0.981
330.571,-0.605,-0.209,-1.006
330.591,-0.784,0.189,-0.341
330.611,-0.637,0.012,-0.877
330.631,-0.425,0.121,-1.078
330.651,-0.688,0.155,-1.443
330.671,-0.264,-0.292,-1.263
330.691,-0.89,0.116,-0.989
330.711,-0.69,0.29,-0.585
330.731,-0.777,0.173,-0.465
330.751,-0.449,0.024,-0.958
330.771,-1.095,-0.178,-0.82
330.791,-0.928,0.196,-0.917
330.811,-0.657,0.459,-0.799
330.831,-0.319,0.208,-0.925
330.851,-0.572,0.3,-0.996
330.871,-0.88,0.24,-1.017
330.891,-0.864,-0.026,-0.743
330.911,-0.287,0.064,-0.625
330.931,-0.742,0.232,-0.995
330.951,-0.799,-0.242,-0.765
330.971,-0.315,0.202,-0.889
330.991,-0.416,0.318,-0.995
331.011,-0.373,0.046,-0.776
331.031,-0.819,0.218,-0.647
331.051,-0.946,-0.042,-1.089
331.071,-0.62,0.084,-0.984
331.091,-0.584,0.032,-0.608
331.111,-0.581,0.184,-0.903
331.131,-0.334,0.071,-1.053
331.151,-0.986,-0.232,-0.852
331.171,-0.495,-0.054,-0.896
331.191,-0.883,0.465,-0.673
331.211,-0.501,0.189,-0.907
331.231,-0.755,-0.346,-0.892
331.251,-0.825,0.32,-0.877
331.271,-0.783,-0.164,-0.838
331.291,-0.964,0.251,-0.565
331.311,-0.666,0.322,-0.72
331.331,-0.816,0.08,-1.074
331.351,-0.495,-0.118,-0.797
331.371,-0.522,-0.062,-0.804
331.391,-0.325,0.207,-0.794
331.411,-0.584,-0.144,-1.143
331.431,-0.55,-0.036,-0.821
331.451,-0.361,0.2,-0.95
331.471,-0.763,-0.034,-1.159
331.491,-0.93,0.384,-0.617
331.511,-0.596,-0.127,-0.898
331.531,-0.926,-0.58,-0.892
331.551,-0.146,-0.066,-0.662
331.571,-0.343,0.136,-0.631
331.591,-0.199,0.234,-0.899
331.611,-0.618,-0.009,-0.847
331.631,-0.541,0.022,-1.028
331.651,-0.737,0.072,-1.012
331.671,-0.461,0.429,-0.565
331.691,-0.887,0.149,-0.81
331.711,-1.146,-0.045,-0.634
331.731,-0.797,0.455,-0.872
331.751,-0.929,0.027,-0.77
331.771,-0.349,-0.389,-1.214
331.791,-0.281,-0.25,-0.708
331.811,-0.941,0.141,-0.873
331.831,-0.405,-0.347,-0.956
331.851,-0.455,0.12,-0.735
331.871,-0.957,-0.136,-0.663
331.891,-0.725,0.25,-0.96
331.911,-0.766,0.039,-1.133
331.931,-0.507,-0.312,-0.551
331.951,-0.902,0.204,-0.932
331.971,-0.686,0.285,-1.28
331.991,-0.795,-0.234,-0.983
332.011,-0.555,-0.158,-0.805
332.031,-0.686,0.105,-0.899
332.051,-0.74,0.163,-0.922
332.071,-0.666,0.49,-0.956
332.091,-0.213,0.176,-0.969
332.111,-0.69,0.496,-1.144
332.131,-0.81,0.032,-1.143
332.151,-0.491,0.104,-0.808
332.171,-0.637,-0.079,-0.653
332.191,-0.882,-0.08,-0.961
332.211,-0.148,0.069,-0.625
332.231,-0.67,-0.073,-0.702
332.251,-0.675,-0.466,-0.945
332.271,-0.575,-0.09,-0.81
332.291,-0.253,0.27,-0.841
332.311,-0.922,0.076,-1.039
332.331,-0.546,0.09,-1.348
332.351,-0.18,-0.079,-0.89
332.371,-0.582,0.135,-0.777
332.391,-0.869,0.405,-1.027
332.411,-0.732,0.36,-0.501
332.431,-0.556,0.166,-0.689
332.451,-0.329,-0.077,-1.198
332.471,-0.668,0.451,-0.945
332.491,-0.438,0.305,-1.065
332.511,-0.896,-0.201,-0.952
332.531,-0.878,-0.245,-0.751
332.551,-0.666,-0.194,-0.928
332.571,-0.274,-0.013,-0.994
332.591,-0.547,0.248,-0.848
332.611,-0.515,0.244,-0.706
332.631,-0.52,0.14,-0.713
332.651,-0.353,0.02,-0.733
332.671,-0.704,0.509,-0.606
332.691,-0.43,0.043,-0.888
332.711,-0.716,-0.002,-0.957
332.731,-0.154,-0.083,-0.917
332.751,-0.701,0.466,-1.047
332.771,-0.714,0.172,-1.048
332.791,-0.435,-0.187,-0.743
332.811,-0.517,-0.197,-0.723
332.831,-0.452,-0.298,-1.417
332.851,-0.466,0.018,-0.691
332.871,-0.734,-0.269,-0.967
332.891,-0.185,-0.192,-1.004
332.911,-0.332,0.265,-0.959
332.931,-0.23,0.237,-1.137
332.951,-0.592,0.344,-0.926
332.971,-0.41,-0.25,-0.521
332.991,-0.447,-0.161,-1.204
333.011,-0.264,-0.086,-0.784
333.031,-0.246,0.375,-0.709
333.051,-0.439,0.081,-0.788
333.071,-0.766,0.424,-0.585
333.091,-0.081,0.167,-0.695
333.111,-0.334,0.02,-0.757
333.131,-0.563,0.167,-0.694
333.151,-0.348,-0.289,-0.698
333.171,-0.733,-0.36,-0.967
333.191,-0.213,0.084,-0.775
333.211,-0.722,0.053,-0.965
333.231,-0.488,0.418,-1.165
333.251,-0.387,-0.222,-0.533
333.271,-0.221,0.131,-1.017
333.291,-0.415,0.175,-0.663
333.311,-0.313,0.098,-0.789
333.331,-0.447,0.263,-1.084
333.351,-0.441,-0.098,-1.062
333.371,-0.407,0.176,-0.829
333.391,-0.457,0.105,-0.838
333.411,-0.767,0.236,-0.995
333.431,-0.586,-0.105,-1.242
333.451,-0.385,-0.236,-0.767
333.471,-0.487,-0.136,-1.515
333.491,-0.458,-0.207,-0.851
333.511,-0.479,-0.113,-0.7
333.531,-0.577,-0.069,-1.304
333.551,-0.489,-0.185,-0.891
333.571,-0.451,0.009,-1.004
333.591,-0.393,-0.218,-0.896
333.611,-0.327,0.004,-0.749
333.631,-0.445,-0.064,-1.201
333.651,-0.622,0.021,-0.97
333.671,-0.678,0.116,-0.959
333.691,0.13,-0.054,-1.336
333.711,-0.624,-0.133,-0.827
333.731,-0.504,-0.117,-0.625
333.751,-0.302,0.21,-0.804
333.771,-0.34,0.259,-0.897
333.791,-0.311,-0.109,-0.749
333.811,-0.507,-0.051,-1.062
333.831,-0.375,-0.364,-1.126
333.851,-0.41,-0.053,-0.867
333.871,-0.488,-0.299,-0.911
333.891,-0.365,-0.081,-0.893
333.911,-0.202,0.222,-1.139
333.931,-0.418,-0.316,-1.28
333.951,-0.421,-0.191,-1.194
333.971,-0.205,-0.193,-1.15
333.991,-0.239,-0.342,-1.395
334.011,-0.117,0.168,-0.879
334.031,-0.773,0.067,-1.23
334.051,-0.248,0.361,-1.235
334.071,-0.305,-0.197,-1.024
334.091,-0.59,-0.357,-1.134
334.111,-0.36,0.155,-1.26
334.131,-0.203,-0.097,-1.242
334.151,-0.573,-0.102,-0.839
334.171,-0.319,0.291,-1.032
334.191,-0.224,0.04,-1.272
334.211,-0.61,0.174,-0.682
334.231,-0.44,-0.129,-1.106
334.251,-0.356,-0.149,-0.837
334.271,-0.573,-0.075,-0.958
334.291,-0.579,0.121,-0.928
334.311,-0.423,0.011,-0.935
334.331,-0.226,0.111,-1.217
334.351,-0.259,-0.503,-0.493
334.371,-0.567,-0.354,-1.11
334.391,-0.27,-0.41,-0.792
334.411,-0.574,-0.07,-1.123
334.431,-0.707,-0.287,-1.194
334.451,-0.44,0.355,-0.671
334.471,-0.154,0.002,-0.651
334.491,-0.243,0.038,-0.843
334.511,-0.376,-0.226,-0.775
334.531,-0.462,-0.214,-1.184
334.551,-0.451,0.308,-0.795
334.571,-0.356,0.38,-0.792
334.591,-0.596,0.121,-0.856
334.611,-0.447,-0.381,-0.63
334.631,-0.407,-0.048,-1.414
334.651,-0.613,0.089,-0.994
334.671,-0.505,-0.027,-0.651
334.691,-0.264,-0.402,-1.199
334.711,-0.337,0.402,-0.847
334.731,-0.404,-0.135,-1.083
334.751,-0.525,-0.238,-0.968
334.771,-0.011,0.018,-1.195
334.791,-0.48,0.263,-0.526
334.811,-0.253,0.13,-1.197
334.831,-0.384,-0.233,-0.988
334.851,-0.302,-0.256,-1.018
334.871,-0.225,-0.407,-0.742
334.891,-0.583,-0.021,-0.936
334.911,-0.311,-0.056,-1.268
334.931,-0.06,0.145,-1.067
334.951,0.043,-0.078,-1.346
334.971,-0.323,0.253,-0.903
334.991,-0.284,0.186,-0.56
335.011,0.152,-0.098,-0.947
335.031,-0.08,0.121,-0.843
335.051,-0.408,0.311,-0.693
335.071,-0.419,-0.173,-1.044
335.091,-0.118,-0.04,-0.671
335.111,-0.505,-0.049,-0.527
335.131,-0.074,-0.085,-1.264
335.151,-0.225,0.158,-0.679
335.171,-0.197,0.186,-1.205
335.191,-0.356,0.092,-1.049
335.211,-0.426,0.084,-0.665
335.231,-0.014,-0.1,-0.835
335.251,-0.343,0.062,-0.983
335.271,-0.384,-0.273,-0.461
335.291,-0.333,0.46,-0.981
335.311,-0.263,0.227,-0.71
335.331,-0.514,0.16,-1.011
335.351,-0.416,0.057,-0.857
335.371,-0.421,0.051,-0.849
335.391,-0.135,-0.373,-0.925
335.411,-0.475,-0.298,-1.223
335.431,-0.653,-0.267,-0.906
335.451,-0.702,-0.012,-1.079
335.471,-0.603,-0.062,-1.044
335.491,-0.019,0.168,-0.825
335.511,-0.285,-0.2,-0.824
335.531,-0.179,0.197,-1.098
335.551,-0.171,-0.172,-0.895
335.571,-0.272,-0.107,-0.942
335.591,-0.295,0.166,-1.118
335.611,-0.072,0.08,-1.104
335.631,-0.256,-0.246,-1.103
335.651,0.002,0.21,-0.948
335.671,-0.149,0.019,-0.995
335.691,-0.403,-0.444,-0.897
335.711,-0.37,-0.196,-1.114
335.731,-0.416,-0.123,-0.981
335.751,-0.019,-0.261,-0.96
335.771,-0.35,0.239,-0.874
335.791,-0.437,-0.11,-0.641
335.811,-0.218,0.075,-0.711
335.831,-0.301,0.008,-0.932
335.851,-0.225,0.125,-1.234
335.871,0.107,0.316,-1.023
335.891,-0.096,0.129,-0.728
335.911,-0.293,0.332,-0.929
335.931,-0.58,0.134,-1.185
335.951,-0.394,0.022,-0.974
335.971,-0.155,0.039,-1.035
335.991,-0.529,-0.574,-0.679
336.011,0.125,-0.124,-1.045
336.031,-0.309,-0.085,-0.824
336.051,-0.297,0.035,-0.752
336.071,-0.434,-0.068,-1.138
336.091,-0.195,-0.008,-1.034
336.111,-0.52,-0.324,-0.955
336.131,0.148,-0.377,-0.844
336.151,-0.023,-0.306,-1.001
336.171,-0.082,0.244,-1.165
336.191,-0.565,-0.302,-1.1
336.211,-0.234,-0.204,-0.716
336.231,-0.024,-0.032,-0.505
336.251,-0.162,-0.368,-0.845
336.271,-0.473,-0.236,-0.691
336.291,-0.394,0.08,-0.845
336.311,-0.331,-0.133,-0.784
336.331,-0.371,0.287,-0.771
336.351,0.042,-0.39,-0.795
336.371,-0.638,-0.117,-0.837
336.391,-0.118,-0.134,-0.885
336.411,-0.521,-0.039,-0.994
336.431,-0.435,-0.274,-0.825
336.451,-0.648,-0.147,-0.876
336.471,-0.36,0.12,-1.113
336.491,0.06,-0.103,-0.686
336.511,-0.167,-0.27,-0.714
336.531,-0.464,0.348,-0.883
336.551,-0.015,-0.045,-0.685
336.571,0.018,0.071,-0.774
336.591,-0.208,0.093,-1.001
336.611,0.196,-0.073,-1.274
336.631,-0.032,-0.218,-1.268
336.651,-0.064,-0.013,-0.643
336.671,-0.352,-0.184,-0.9
336.691,-0.064,0.043,-0.976
336.711,-0.147,-0.075,-1.007
336.731,-0.105,0.15,-0.871
336.751,-0.35,-0.275,-0.699
336.771,-0.198,0.09,-1.034
336.791,-0.383,0.065,-0.838
336.811,-0.658,-0.105,-0.322
336.831,-0.051,0.093,-0.492
336.851,-0.548,0.024,-1.302
336.871,-0.22,0.086,-1.204
336.891,-0.182,0.079,-0.466
336.911,-0.206,-0.016,-0.644
336.931,-0.332,-0.138,-0.81
336.951,-0.229,-0.133,-0.727
336.971,-0.203,-0.041,-0.886
336.991,-0.152,0.181,-0.957
337.011,0.044,0.154,-0.686
337.031,-0.264,0.208,-0.878
337.051,-0.295,0.222,-0.691
337.071,-0.488,-0.053,-0.97
337.091,-0.224,0.366,-0.715
337.111,-0.175,-0.041,-0.796
337.131,-0.348,-0.099,-1.132
337.151,-0.21,0.063,-0.572
337.171,-0.377,0.094,-1.146
337.191,-0.178,-0.148,-0.59
337.211,-0.132,-0.038,-0.755
337.231,-0.11,-0.093,-0.719
337.251,-0.266,0.043,-0.939
337.271,-0.494,0.168,-0.913
337.291,-0.406,-0.05,-0.844
337.311,-0.158,0.112,-1.115
337.331,0.219,-0.284,-0.73
337.351,-0.345,0.174,-0.913
337.371,-0.184,-0.106,-1.276
337.391,-0.389,-0.109,-0.46
337.411,-0.478,0.061,-0.778
337.431,-0.42,0.075,-0.738
337.451,-0.704,-0.032,-0.929
337.471,-0.003,-0.186,-0.725
337.491,-0.728,-0.099,-0.653
337.511,-0.333,0.006,-1.102
337.531,-0.513,0.084,-0.686
337.551,-0.457,-0.177,-1.013
337.571,0.007,-0.142,-1.059
337.591,-0.223,0.034,-0.974
337.611,-0.472,-0.037,-0.382
337.631,-0.382,0.016,-0.65
337.651,-0.394,-0.543,-0.805
337.671,-0.23,-0.078,-0.467
337.691,-0.181,0.159,-0.988
337.711,0.152,-0.127,-1.013
337.731,-0.609,0.085,-1.001
337.751,-0.245,-0.252,-0.443
337.771,-0.291,-0.322,-0.644
337.791,-0.033,0.076,-0.974
337.811,-0.129,-0.011,-0.946
337.831,-0.074,-0.074,-0.74
337.851,-0.131,0.173,-1.013
337.871,-0.373,-0.064,-0.831
337.891,0.055,-0.125,-0.987
337.911,-0.029,-0.149,-0.803
337.931,-0.002,-0.178,-0.616
337.951,0.063,0.107,-0.436
337.971,-0.112,-0.041,-1.106
337.991,0.125,0.242,-0.685
338.011,-0.083,-0.579,-0.662
338.031,-0.196,0.202,-0.848
338.051,-0.153,0.073,-0.925
338.071,-0.171,-0.021,-0.913
338.091,-0.26,-0.268,-1.162
338.111,0.166,-0.356,-0.631
338.131,-0.104,0.107,-0.96
338.151,-0.135,0.008,-1.134
338.171,-0.092,-0.003,-0.729
338.191,0.425,-0.089,-0.72
338.211,-0.395,0.109,-0.6
338.231,-0.331,-0.185,-0.401
338.251,-0.442,-0.141,-0.774
338.271,-0.228,-0.097,-0.844
338.291,-0.13,-0.115,-0.858
338.311,-0.281,0.197,-0.838
338.331,-0.29,-0.315,-0.928
338.351,-0.143,-0.449,-0.857
338.371,-0.27,-0.37,-0.922
338.391,-0.12,0.067,-0.988
338.411,0.043,-0.094,-0.434
338.431,-0.042,-0.395,-0.481
338.451,-0.008,-0.047,-1.151
338.471,0.046,-0.128,-0.701
338.491,-0.113,0.037,-0.789
338.511,-0.199,0.098,-0.747
338.531,-0.321,0.443,-1.06
338.551,-0.228,-0.291,-1.135
338.571,-0.239,-0.439,-0.778
338.591,0.009,0.051,-0.831
338.611,-0.058,0.127,-0.868
338.631,0.011,-0.335,-0.803
338.651,-0.353,-0.347,-0.639
338.671,0.159,-0.019,-0.586
338.691,-0.215,0.254,-0.961
338.711,-0.366,-0.26,-0.931
338.731,-0.233,-0.074,-0.72
338.751,0.342,-0.477,-0.511
338.771,-0.245,-0.136,-0.796
338.791,-0.231,-0.112,-0.746
338.811,-0.216,0.205,-1.047
338.831,-0.213,-0.235,-1.208
338.851,-0.321,0.057,-0.303
338.871,-0.146,-0.242,-0.723
338.891,0.038,-0.08,-0.984
338.911,-0.125,0.327,-1.203
338.931,-0.396,0.289,-0.478
338.951,-0.24,0.331,-0.951
338.971,-0.27,0.013,-0.953
338.991,-0.145,-0.1,-0.92
339.011,0.113,-0.015,-0.761
339.031,-0.178,0.008,-0.653
339.051,-0.183,0.001,-0.831
339.071,0.178,-0.221,-0.992
339.091,0.003,-0.221,-0.327
339.111,-0.054,-0.186,-0.882
339.131,0.212,0.147,-0.778
339.151,-0.081,0.165,-1.077
339.171,-0.579,0.564,-0.659
339.191,-0.005,0.014,-0.566
339.211,-0.487,-0.242,-0.95
339.231,-0.075,-0.174,-1.139
339.251,-0.515,-0.124,-0.856
339.271,-0.269,0.232,-0.39
339.291,-0.257,0.088,-0.927
339.311,-0.338,-0.335,-0.296
339.331,-0.254,-0.062,-0.9
339.351,0.029,-0.353,-1.137
339.371,-0.308,0.072,-0.87
339.391,-0.056,-0.184,-1.136
339.411,-0.381,-0.151,-0.901
339.431,-0.212,-0.417,-0.679
339.451,-0.103,0.121,-0.843
339.471,-0.376,0.192,-0.53
339.491,-0.397,-0.189,-0.849
339.511,-0.035,-0.104,-1.046
339.531,0.085,-0.172,-0.715
339.551,-0.16,-0.12,-0.787
339.571,-0.225,-0.228,-0.771
339.591,-0.109,-0.29,-1.018
339.611,-0.144,0.218,-0.717
339.631,-0.094,-0.569,-0.49
339.651,-0.648,0.051,-1.049
339.671,-0.361,0.023,-1.182
339.691,-0.307,0.286,-1.107
339.711,-0.107,-0.112,-0.819
339.731,-0.103,-0.141,-1.139
339.751,-0.015,-0.23,-0.751
339.771,-0.087,-0.004,-0.742
339.791,-0.388,-0.224,-0.739
339.811,0.166,-0.304,-0.296
339.831,0.149,-0.242,-1.181
339.851,-0.371,-0.279,-1.165
339.871,-0.062,-0.293,-0.559
339.891,-0.265,-0.087,-0.703
339.911,-0.123,-0.15,-0.584
339.931,0.077,-0.014,-1.213
339.951,0.299,-0.087,-1.072
339.971,0.031,-0.361,-0.588
339.991,-0.057,-0.558,-0.807
340.011,-0.191,-0.339,-0.512
340.031,-0.071,0.03,-0.867
340.051,0.159,0.019,-0.815
340.071,-0.124,0.075,-0.314
340.091,-0.273,0.043,-0.982
340.111,-0.414,0.101,-0.633
340.131,0.021,-0.049,-1.076
340.151,-0.037,0.238,-0.945
340.171,-0.229,-0.058,-0.617
340.191,0.092,0.301,-1.032
340.211,-0.204,-0.226,-0.577
340.231,-0.149,-0.233,-0.795
340.251,-0.126,-0.14,-0.965
340.271,-0.19,-0.106,-0.803
340.291,-0.072,-0.163,-0.881
340.311,0.118,0.016,-0.92
340.331,-0.338,-0.118,-0.877
340.351,-0.002,-0.214,-1.05
340.371,-0.061,-0.163,-1.132
340.391,-0.063,0.17,-1.21
340.411,0.074,-0.008,-0.673
340.431,-0.085,-0.403,-0.696
340.451,-0.012,0.232,-0.944
340.471,0.048,0.015,-0.819
340.491,-0.186,0.069,-0.521
340.511,-0.028,0.118,-0.903
340.531,-0.142,0.119,-0.843
340.551,-0.109,-0.257,-0.38
340.571,-0.147,-0.303,-0.701
340.591,0.021,0.393,-0.611
340.611,-0.047,-0.23,-0.653
340.631,0.008,-0.022,-0.705
340.651,-0.089,0.242,-0.944
340.671,-0.407,-0.172,-0.986
340.691,-0.071,-0.175,-0.667
340.711,-0.065,0.069,-0.707
340.731,-0.019,-0.064,-0.76
340.751,-0.198,-0.01,-0.75
340.771,-0.337,-0.107,-0.969
340.791,0.028,-0.206,-1.053
340.811,-0.162,-0.157,-0.961
340.831,-0.078,0.159,-0.858
340.851,-0.17,-0.155,-0.93
340.871,-0.104,-0.016,-0.492
340.891,-0.185,-0.282,-0.509
340.911,-0.293,0.333,-0.639
340.931,0.006,-0.013,-0.561
340.951,-0.188,-0.009,-1.065
340.971,-0.034,0.097,-0.672
340.991,0.028,-0.171,-0.793
341.011,-0.15,0.17,-0.867
341.031,-0.267,-0.387,-0.826
341.051,0.457,-0.207,-0.806
341.071,-0.129,-0.234,-0.831
341.091,0.092,-0.451,-0.88
341.111,0.349,-0.175,-1.031
341.131,0.115,-0.083,-1.067
341.151,-0.103,-0.29,-0.67
341.171,-0.053,-0.315,-1.312
341.191,-0.216,-0.057,-0.369
341.211,0.144,-0.084,-0.89
341.231,0.08,-0.125,-1.131
341.251,-0.141,-0.318,-0.663
341.271,-0.23,-0.128,-0.791
341.291,-0.277,-0.177,-0.947
341.311,0.188,-0.043,-0.872
341.331,0.019,-0.182,-0.785
341.351,0.039,-0.085,-0.547
341.371,-0.169,-0.363,-1.29
341.391,-0.294,-0.368,-0.695
341.411,0.199,0.012,-0.44
341.431,0.008,0.056,-0.926
341.451,0.186,-0.178,-0.616
341.471,-0.079,-0.094,-0.633
341.491,-0.034,-0.194,-0.389
341.511,0.153,0.103,-0.703
341.531,0.153,-0.139,-0.601
341.551,0.147,-0.21,-0.551
341.571,-0.076,0.076,-0.634
341.591,0.116,-0.259,-0.921
341.611,0.23,-0.074,-0.869
341.631,-0.031,-0.313,-0.668
341.651,-0.124,0.035,-0.557
341.671,0.252,0.08,-0.658
341.691,-0.151,-0.339,-0.942
341.711,0.129,-0.379,-0.782
341.731,-0.002,-0.049,-0.999
341.751,-0.347,0.285,-0.625
341.771,0.258,0.082,-0.353
341.791,-0.519,-0.151,-0.638
341.811,-0.372,-0.283,-1.155
341.831,0.154,-0.359,-0.752
341.851,0.149,0.014,-0.747
341.871,-0.09,0.08,-0.845
341.891,0.07,-0.251,-1.145
341.911,-0.469,-0.173,-0.635
341.931,0.169,-0.118,-0.541
341.951,0.08,0.226,-0.882
341.971,0.023,-0.123,-0.872
341.991,0.039,-0.322,-0.76
342.011,0.119,-0.336,-0.355
342.031,0.001,-0.284,-0.756
342.051,-0.369,0.147,-0.863
342.071,0.457,-0.009,-0.784
342.091,0.268,-0.192,-0.572
342.111,-0.229,-0.693,-1.087
342.131,-0.052,-0.269,-0.729
342.151,-0.021,-0.034,-0.741
342.171,0.262,-0.029,-0.683
342.191,-0.378,-0.036,-0.814
342.211,-0.028,-0.359,-0.94
342.231,-0.272,-0.049,-0.491
342.251,0.039,-0.269,-1.042
342.271,0.006,-0.07,-0.367
342.291,0.102,-0.224,-0.599
342.311,-0.033,0.148,-0.538
342.331,-0.057,0.005,-0.672
342.351,0.206,-0.086,-0.45
342.371,0.151,0.22,-0.601
342.391,0.171,-0.128,-0.453
342.411,0.028,-0.338,-0.548
342.431,-0.05,0.157,-0.464
342.451,0.055,-0.006,-0.832
342.471,0.188,-0.126,-0.743
342.491,-0.335,-0.198,-0.661
342.511,0.19,0.037,-0.662
342.531,0.17,0.099,-0.536
342.551,0.118,-0.226,-0.809
342.571,0.068,0.053,-0.667
342.591,-0.408,-0.011,-0.542
342.611,0.0,-0.212,-1.058
342.631,0.444,-0.041,-0.467
342.651,0.086,-0.173,-0.27
342.671,0.018,0.183,-0.865
342.691,0.084,-0.209,-0.4
342.711,0.143,0.218,-0.641
342.731,0.215,-0.06,-0.868
342.751,0.048,-0.425,-0.515
342.771,0.187,-0.506,-0.288
342.791,0.446,-0.114,-0.754
342.811,0.337,0.192,-0.884
342.831,0.606,0.161,-1.128
342.851,0.006,-0.053,-0.701
342.871,0.493,-0.23,-0.637
342.891,-0.004,-0.159,-0.31
342.911,0.219,-0.023,-0.292
342.931,0.303,0.161,-0.795
342.951,0.056,0.056,-0.505
342.971,0.195,0.123,-0.901
342.991,0.364,0.051,-0.664
343.011,0.036,0.105,-0.702
343.031,0.521,-0.541,-0.864
343.051,-0.101,-0.286,-0.716
343.071,0.559,-0.335,-0.52
343.091,0.38,-0.358,-0.473
343.111,0.152,-0.137,-0.718
343.131,0.086,-0.432,-0.7
343.151,0.075,-0.335,-1.067
343.171,0.161,-0.165,-0.646
343.191,0.187,-0.468,-0.771
343.211,0.423,-0.232,-0.722
343.231,0.57,0.004,-0.794
343.251,0.229,-0.371,-0.894
343.271,0.04,0.034,-0.885
343.291,0.088,-0.284,-0.839
343.311,0.148,-0.08,-0.972
343.331,-0.018,-0.36,-0.64
343.351,-0.061,-0.058,-0.59
343.371,0.592,-0.212,-0.728
343.391,0.238,-0.057,-0.671
343.411,0.021,-0.28,-0.757
343.431,0.356,-0.055,-0.476
343.451,-0.033,0.014,-0.672
343.471,-0.007,-0.112,-0.633
343.491,0.054,-0.247,-0.539
343.511,0.549,-0.218,-0.721
343.531,0.184,-0.408,-0.425
343.551,-0.246,-0.119,-0.83
343.571,0.492,-0.037,-0.354
343.591,0.191,0.143,-0.753
343.611,-0.131,0.082,-0.833
343.631,0.174,-0.376,-1.004
343.651,0.345,-0.116,-0.522
343.671,0.334,-0.186,-0.769
343.691,0.629,0.089,-0.658
343.711,0.097,-0.307,-0.649
343.731,0.288,0.009,-0.812
343.751,0.13,-0.362,-0.496
343.771,-0.036,-0.187,-0.626
343.791,0.46,-0.348,-0.88
343.811,0.396,-0.549,-0.982
343.831,0.35,-0.34,-0.551
343.851,0.368,-0.212,-0.763
343.871,0.163,0.127,-0.575
343.891,0.116,-0.38,-0.767
343.911,0.327,-0.275,-0.676
343.931,0.557,-0.46,-0.559
343.951,0.642,0.054,-1.022
343.971,0.478,-0.258,-0.383
343.991,0.308,-0.231,-0.658
344.011,0.356,-0.243,-1.14
344.031,0.306,-0.571,-0.46
344.051,0.119,-0.472,-0.515
344.071,0.345,-0.388,-0.754
344.091,0.078,-0.072,-0.456
344.111,0.311,-0.688,-0.851
344.131,0.658,-0.082,-0.732
344.151,0.493,-0.117,-0.228
344.171,0.154,-0.53,-0.586
344.191,0.308,-0.231,-0.494
344.211,0.154,0.054,-0.554
344.231,0.308,-0.402,-0.992
344.251,0.514,-0.294,-0.637
344.271,0.446,0.365,-0.651
344.291,0.789,-0.124,-0.468
344.311,0.528,-0.225,-0.407
344.331,0.33,-0.273,-0.454
344.351,0.439,-0.11,-0.786
344.371,0.27,-0.044,-0.971
344.391,0.067,-0.603,-0.596
344.411,0.545,-0.607,-0.724
344.431,0.47,-0.338,-0.906
344.451,0.219,-0.152,-0.824
344.471,0.314,-0.109,-0.695
344.491,0.506,-0.464,-0.631
344.511,0.416,-0.17,-0.787
344.531,-0.054,-0.157,-0.672
344.551,0.295,-0.298,-0.689
344.571,0.221,-0.248,-0.621
344.591,0.467,-0.286,-0.874
344.611,0.427,-0.045,-0.824
344.631,0.495,-0.123,-0.416
344.651,0.008,-0.344,-0.734
344.671,0.068,0.077,-0.572
344.691,0.436,-0.394,-0.92
344.711,0.092,-0.491,-0.44
344.731,-0.096,-0.214,-0.434
344.751,0.322,-0.217,-0.609
344.771,0.129,-0.144,-0.815
344.791,0.59,-0.403,-0.971
344.811,0.304,0.013,-0.212
344.831,0.272,0.175,-0.751
344.851,0.161,-0.176,-0.948
344.871,0.535,-0.109,-0.777
344.891,0.271,-0.59,-0.589
344.911,0.099,-0.258,-0.909
344.931,0.034,-0.308,-0.766
344.951,0.184,-0.339,-0.939
344.971,0.019,-0.311,-0.354
344.991,0.407,-0.277,-0.666
345.012,-0.163,-0.441,-0.936
345.032,0.167,-0.266,-0.821
345.052,0.316,-0.377,-0.77
345.072,0.25,-0.016,-0.647
345.092,0.047,-0.104,-0.833
345.112,0.311,-0.084,-0.719
345.132,-0.003,0.048,-0.783
345.152,0.183,-0.324,-0.933
345.172,0.32,-0.124,-0.835
345.192,0.292,0.048,-0.808
345.212,0.064,-0.342,-0.91
345.232,0.449,-0.567,-0.949
345.252,0.231,-0.294,-0.753
345.272,0.342,0.039,-0.465
345.292,0.483,-0.345,-0.675
345.312,0.391,-0.242,-1.285
345.332,0.391,-0.307,-0.445
345.352,0.196,-0.189,-0.781
345.372,0.328,-0.365,-0.344
345.392,0.217,-0.466,-0.462
345.412,-0.069,-0.249,-0.69
345.432,0.235,-0.21,-0.663
345.452,0.241,0.063,-0.869
345.472,0.291,-0.148,-0.518
345.492,0.158,-0.41,-0.332
345.512,0.035,-0.322,-0.802
345.532,0.346,-0.048,-0.796
345.552,-0.036,-0.28,-0.272
345.572,0.522,-0.422,-0.66
345.592,0.183,-0.189,-0.976
345.612,0.285,-0.36,-0.931
345.632,0.339,-0.097,-0.293
345.652,0.328,-0.115,-0.556
345.672,-0.07,-0.432,-0.852
345.692,0.38,0.177,-0.578
345.712,0.263,-0.201,-0.807
345.732,0.057,-0.699,-1.028
345.752,0.04,-0.076,-0.722
345.772,0.131,-0.672,-0.654
345.792,-0.07,0.049,-0.962
345.812,0.52,-0.141,-0.883
345.832,0.485,-0.172,-0.847
345.852,0.288,-0.154,-0.689
345.872,0.155,-0.025,-0.634
345.892,0.186,-0.228,-0.953
345.912,0.381,-0.124,-0.776
345.932,0.581,-0.091,-0.757
345.952,0.108,-0.706,-1.007
345.972,-0.005,-0.005,-0.6
345.992,0.514,0.028,-0.532
346.012,-0.16,-0.058,-0.603
346.032,0.014,-0.071,-0.94
346.052,0.168,0.172,-0.559
346.072,-0.088,-0.165,-0.734
346.092,0.428,-0.165,-0.514
346.112,0.396,-0.303,-0.584
346.132,0.117,-0.557,-0.637
346.152,0.485,-0.102,-0.77
346.172,0.536,-0.311,-0.524
346.192,0.206,-0.575,-0.934
346.212,0.164,-0.2,-0.964
346.232,0.704,-0.216,-0.164
346.252,0.382,-0.24,-1.105
346.272,0.282,-0.172,-0.959
346.292,0.49,-0.505,-0.556
346.312,0.287,0.017,-1.04
346.332,0.122,-0.077,-0.548
346.352,0.216,0.08,-0.436
346.372,0.391,-0.279,-0.424
346.392,-0.233,-0.085,-0.681
346.412,0.118,-0.541,-0.923
346.432,0.456,-0.334,-0.873
346.452,0.065,-0.45,-0.453
346.472,0.472,-0.109,-1.086
346.492,0.446,-0.391,-0.549
346.512,0.145,-0.258,-1.047
346.532,0.038,-0.167,-0.74
346.552,0.087,-0.255,-0.863
346.572,0.696,-0.445,-0.84
346.592,0.533,0.158,-0.487
346.612,0.201,-0.138,-0.862
346.632,0.05,0.189,-0.539
346.652,0.202,-0.341,-0.903
346.672,0.239,-0.219,-0.71
346.692,-0.058,-0.141,-0.795
346.712,0.202,0.132,-1.052
346.732,0.458,0.142,-1.043
346.752,-0.17,-0.268,-0.819
346.772,0.353,-0.321,-0.834
346.792,0.471,-0.182,-0.62
346.812,0.078,0.062,-1.141
346.832,0.542,-0.142,-0.927
346.852,0.069,-0.092,-0.706
346.872,0.295,0.094,-0.845
346.892,0.15,0.057,-1.075
346.912,0.138,0.071,-0.719
346.932,0.086,-0.003,-0.643
346.952,0.353,0.14,-1.006
346.972,0.405,-0.368,-0.611
346.992,0.229,0.326,-0.912
347.012,-0.034,0.076,-0.861
347.032,0.306,-0.184,-0.9
347.052,0.303,0.07,-0.589
347.072,0.185,-0.193,-0.806
347.092,0.604,-0.031,-0.622
347.112,-0.097,-0.019,-0.866
347.132,-0.245,0.034,-0.694
347.152,0.067,-0.228,-0.996
347.172,0.354,0.036,-0.579
347.192,-0.0,-0.219,-0.82
347.212,0.012,0.022,-0.497
347.232,0.401,-0.117,-0.751
347.252,0.31,-0.49,-0.721
347.272,0.288,-0.266,-0.297
347.292,0.381,0.053,-0.592
347.312,0.125,-0.181,-0.679
347.332,0.148,0.124,-0.947
347.352,0.39,-0.357,-0.846
347.372,-0.053,0.028,-0.543
347.392,-0.197,-0.103,-0.774
347.412,0.149,-0.158,-0.756
347.432,0.432,-0.34,-0.941
347.452,0.276,-0.066,-0.637
347.472,0.388,-0.292,-0.686
347.492,-0.189,-0.218,-0.571
347.512,0.278,-0.107,-0.471
347.532,0.354,-0.163,-0.628
347.552,-0.038,0.121,-0.967
347.572,0.382,-0.605,-1.035
347.592,0.181,-0.114,-0.581
347.612,0.813,-0.151,-0.697
347.632,-0.233,-0.077,-0.366
347.652,0.486,-0.173,-0.72
347.672,0.142,0.13,-1.078
347.692,-0.094,-0.129,-1.01
347.712,0.121,-0.053,-0.911
347.732,0.288,0.106,-0.416
347.752,0.422,-0.043,-0.535
347.772,0.564,-0.308,-0.861
347.792,0.52,-0.127,-0.786
347.812,0.027,-0.063,-1.024
347.832,0.445,-0.377,-1.03
347.852,0.31,-0.187,-0.518
347.872,0.108,-0.052,-0.54
347.892,0.209,0.359,-0.79
347.912,0.113,0.043,-0.371
347.932,0.277,0.003,-0.659
347.952,0.129,0.298,-0.71
347.972,0.068,0.074,-0.724
347.992,0.372,0.103,-0.982
348.012,0.411,-0.109,-0.568
348.032,0.247,-0.283,-0.553
348.052,0.555,0.043,-0.691
348.072,0.23,0.376,-0.947
348.092,0.204,0.319,-0.5
348.112,0.383,0.165,-1.072
348.132,0.212,-0.109,-0.855
348.152,0.26,-0.281,-0.579
348.172,-0.243,-0.148,-0.799
348.192,0.257,0.067,-0.905
348.212,-0.112,-0.074,-0.425
348.232,0.012,0.235,-0.483
348.252,-0.033,-0.257,-0.491
348.272,0.029,0.011,-0.639
348.292,0.14,-0.123,-0.688
348.312,0.143,0.249,-0.333
348.332,0.372,0.147,-0.393
348.352,0.291,-0.14,-0.687
348.372,-0.143,0.194,-0.126
348.392,0.254,-0.302,-0.693
348.412,0.31,-0.348,-0.583
348.432,0.161,-0.155,-0.38
348.452,0.217,-0.371,-0.581
348.472,0.262,0.033,-0.693
348.492,0.387,0.055,-0.54
348.512,-0.063,-0.022,-0.612
348.532,0.189,0.173,-1.039
348.552,0.525,-0.084,-0.396
348.572,0.499,-0.207,-0.712
348.592,0.392,-0.113,-0.811
348.612,0.329,-0.204,-0.343
348.632,0.568,-0.09,-0.507
348.652,0.607,0.144,-0.453
348.672,0.188,-0.31,-0.604
348.692,0.039,-0.021,-0.529
348.712,0.177,0.235,-0.646
348.732,0.871,0.258,-0.769
348.752,-0.054,-0.081,-0.445
348.772,0.167,0.498,-0.532
348.792,-0.015,-0.168,-0.212
348.812,0.275,0.005,-1.002
348.832,0.022,-0.183,-0.299
348.852,0.244,0.134,-0.619
348.872,-0.145,0.598,-0.639
348.892,0.369,0.438,-0.423
348.912,0.488,0.228,-0.727
348.932,0.178,-0.067,-0.636
348.952,0.221,0.025,-0.42
348.972,0.219,0.279,-0.633
348.992,0.281,0.216,-0.664
349.012,0.216,0.083,-0.662
349.032,0.363,0.101,-0.431
349.052,0.455,0.284,-0.747
349.072,0.042,0.353,-0.345
349.092,0.146,-0.214,-0.065
349.112,0.384,0.121,-0.491
349.132,-0.092,0.191,-0.406
349.152,-0.204,-0.025,-0.443
349.172,0.218,0.336,-0.695
349.192,0.271,0.026,-0.458
349.212,0.004,0.344,-0.487
349.232,0.036,0.01,-0.183
349.252,0.004,0.134,-0.51
349.272,-0.005,0.124,-0.319
349.292,0.302,0.4,-0.474
349.312,-0.067,0.21,-0.636
349.332,0.1,-0.034,-0.78
349.352,-0.026,0.017,-0.492
349.372,-0.143,0.005,-0.383
349.392,0.317,0.059,-0.554
349.412,0.055,-0.13,-0.659
349.432,0.188,0.051,-0.234
349.452,-0.146,0.346,-0.6
349.472,0.007,0.326,-0.739
349.492,0.316,-0.242,-0.519
349.512,0.671,-0.267,-0.482
349.532,-0.257,-0.049,-0.646
349.552,0.086,-0.291,-0.501
349.572,0.193,-0.191,-0.821
349.592,-0.016,0.134,-0.387
349.612,0.275,0.075,-0.694
349.632,-0.062,-0.246,-0.581
349.652,0.148,0.349,-0.642
349.672,-0.003,0.03,-0.235
349.692,0.351,0.014,-0.578
349.712,-0.036,0.322,-0.672
349.732,0.035,0.199,-0.09
349.752,0.27,0.102,-0.139
349.772,-0.127,0.031,-0.314
349.792,0.094,0.243,-0.367
349.812,-0.289,0.028,-0.656
349.832,-0.141,0.067,-0.263
349.852,0.164,-0.122,-0.405
349.872,-0.114,0.345,-0.625
349.892,-0.016,0.429,-0.469
349.912,0.199,0.152,-0.605
349.932,-0.023,0.032,-0.815
349.952,0.232,0.314,-0.223
349.972,0.11,0.253,-0.846
349.992,0.167,0.05,-0.045
350.012,0.339,0.358,-0.528
350.032,0.158,0.041,-0.412
350.052,0.396,-0.123,-0.395
350.072,0.278,0.118,-0.709
350.092,-0.023,0.348,-0.564
350.112,0.345,0.153,-0.544
350.132,0.149,-0.105,-0.632
350.152,0.016,0.054,-0.296
350.172,0.14,0.372,-0.737
350.192,0.306,0.184,-0.462
350.212,0.178,0.137,-0.861
350.232,0.442,0.121,-0.479
350.252,0.29,0.353,-0.494
350.272,0.186,0.334,-0.137
350.292,-0.114,-0.146,-0.639
350.312,0.056,0.332,-0.557
350.332,0.098,0.238,-0.577
350.352,0.202,0.462,-0.184
350.372,0.193,0.138,-0.627
350.392,0.084,0.383,-0.458
350.412,0.075,0.241,-0.553
350.432,0.189,-0.082,-0.54
350.452,-0.12,0.347,-0.511
350.472,0.379,0.312,-0.292
350.492,-0.384,0.024,-0.22
350.512,0.32,0.208,-0.798
350.532,0.02,0.575,-0.361
350.552,0.236,0.087,-0.258
350.572,0.122,0.313,-0.433
350.592,0.113,-0.053,-0.27
350.612,0.162,0.043,-0.766
350.632,0.197,0.317,-0.415
350.652,-0.043,0.213,-0.269
350.672,0.229,0.108,-0.639
350.692,-0.198,0.494,-0.764
350.712,-0.005,-0.03,-0.27
350.732,0.181,0.115,-0.598
350.752,0.191,0.243,-0.616
350.772,0.08,-0.041,-0.874
350.792,-0.082,0.234,-0.599
350.812,0.174,0.355,-0.637
350.832,-0.133,0.105,-0.855
350.852,0.343,-0.012,-0.597
350.872,-0.023,0.077,-0.24
350.892,-0.3,-0.395,-0.409
350.912,-0.236,0.349,-0.802
350.932,0.016,0.198,-0.394
350.952,0.033,0.098,-0.329
350.972,0.4,-0.217,-0.445
350.992,-0.197,0.333,-0.488
351.012,0.006,0.046,-0.636
351.032,-0.224,0.245,-0.39
351.052,-0.117,0.124,-0.345
351.072,0.325,-0.195,-0.413
351.092,-0.23,0.375,-0.135
351.112,0.132,0.337,-0.514
351.132,0.089,0.277,-0.731
351.152,-0.0,0.173,-0.143
351.172,0.11,-0.115,-0.866
351.192,-0.237,0.299,-0.564
351.212,0.336,0.581,-0.657
351.232,0.38,0.157,-0.484
351.252,-0.007,0.153,-0.495
351.272,0.454,-0.1,-0.683
351.292,-0.117,-0.302,-0.291
351.312,0.04,0.053,-0.54
351.332,0.238,0.423,-0.26
351.352,-0.15,0.404,-0.746
351.372,-0.32,0.125,-0.727
351.392,-0.369,0.229,-0.726
351.412,0.368,-0.101,-0.404
351.432,-0.145,0.167,-0.143
351.452,-0.082,0.042,-0.541
351.472,-0.28,0.163,-0.958
351.492,0.126,0.091,-0.411
351.512,-0.216,0.085,-0.375
351.532,-0.168,0.347,-0.734
351.552,-0.005,0.55,-0.405
351.572,-0.305,0.142,-0.351
351.592,-0.128,0.455,-0.92
351.612,0.194,-0.082,-0.291
351.632,0.01,0.13,-0.291
351.652,-0.064,-0.104,-0.581
351.672,-0.044,0.098,-0.403
351.692,-0.149,0.292,-0.143
351.712,0.351,0.373,-0.688
351.732,-0.21,0.006,-0.35
351.752,-0.015,0.247,-0.531
351.772,-0.019,0.402,-0.818
351.792,0.166,0.371,-0.957
351.812,0.205,0.208,-0.447
351.832,-0.004,0.052,-0.855
351.852,0.044,0.041,-0.388
351.872,0.056,-0.004,-1.012
351.892,-0.461,0.168,-0.542
351.912,-0.315,0.011,-0.647
351.932,-0.118,0.31,-0.237
351.952,-0.089,0.235,-0.528
351.972,-0.218,0.217,-0.452
351.992,0.169,-0.182,-0.647
352.012,0.031,0.185,-0.615
352.032,-0.014,0.089,-0.385
352.052,-0.222,0.604,-0.588
352.072,0.01,-0.09,-0.748
352.092,-0.515,0.131,-0.322
352.112,-0.035,0.241,-0.212
352.132,0.005,-0.038,-0.24
352.152,0.032,0.54,-0.281
352.172,-0.34,0.559,-0.591
352.192,0.014,-0.018,-0.73
352.212,-0.23,0.007,-0.773
352.232,-0.195,0.551,-0.789
352.252,0.115,0.384,-0.547
352.272,0.383,0.033,-0.167
352.292,-0.024,0.189,-0.855
352.312,-0.209,-0.181,-0.526
352.332,0.01,0.548,-0.6
352.352,0.163,0.123,-0.783
352.372,0.105,0.239,-0.594
352.392,0.524,-0.057,-0.283
352.412,-0.172,-0.123,-0.512
352.432,0.001,0.19,-0.451
352.452,0.256,0.467,-0.359
352.472,0.252,-0.022,-0.504
352.492,-0.439,-0.103,-0.661
352.512,-0.03,0.161,-0.569
352.532,0.264,0.422,-0.809
352.552,0.528,-0.022,-0.587
352.572,0.098,0.047,-0.563
352.592,-0.104,0.262,-0.328
352.612,-0.241,0.281,-0.673
352.632,0.416,0.062,-0.676
352.652,0.113,0.335,-0.912
352.672,-0.188,0.217,-0.466
352.692,-0.049,0.118,-0.884
352.712,0.055,0.286,-0.707
352.732,0.111,0.263,-0.733
352.752,-0.167,-0.11,-0.413
352.772,-0.083,0.381,-0.492
352.792,-0.291,0.153,-0.448
352.812,0.231,0.369,-0.397
352.832,-0.053,0.087,-0.729
352.852,0.116,0.127,-0.764
352.872,0.302,0.148,-0.937
352.892,0.055,0.184,-0.574
352.912,-0.012,0.384,-0.746
352.932,0.069,0.17,-0.501
352.952,0.033,0.072,-0.362
352.972,0.251,0.3,-0.412
352.992,0.082,0.199,-0.584
353.012,-0.082,0.694,-0.59
353.032,0.218,0.152,-0.604
353.052,0.251,0.34,-0.166
353.072,-0.257,0.254,-0.716
353.092,0.315,-0.334,-0.594
353.112,0.076,-0.06,-0.639
353.132,0.061,0.007,-0.751
353.152,0.227,-0.205,-0.682
353.172,-0.09,0.027,-0.581
353.192,0.209,-0.175,-0.816
353.212,-0.059,-0.102,-0.243
353.232,-0.285,0.166,-0.427
353.252,-0.207,0.496,-0.344
353.272,0.105,-0.171,-0.575
353.292,-0.198,-0.142,-0.621
353.312,0.305,0.011,-0.611
353.332,0.213,0.1,-0.717
353.352,0.237,-0.19,-0.323
353.372,0.011,0.004,-0.314
353.392,0.061,-0.014,-0.479
353.412,-0.221,0.2,-0.252
353.432,0.215,0.229,-0.116
353.452,0.081,0.121,-0.226
353.472,0.116,0.075,-0.688
353.492,0.359,0.003,-1.057
353.512,-0.093,0.158,-0.419
353.532,0.01,-0.045,-0.484
353.552,0.096,0.456,-0.536
353.572,-0.153,-0.139,-0.603
353.592,0.004,0.04,-0.296
353.612,0.138,0.364,-0.875
353.632,-0.041,0.112,-0.254
353.652,0.284,0.325,-0.208
353.672,-0.297,0.542,-0.526
353.692,0.237,0.365,-0.512
353.712,0.14,-0.041,-0.806
353.732,-0.099,-0.024,-0.375
353.752,-0.17,0.162,-0.309
353.772,-0.385,0.282,-0.402
353.792,-0.122,0.455,-0.807
353.812,0.261,0.067,-0.899
353.832,0.047,0.1,-0.636
353.852,0.282,0.139,-0.567
353.872,-0.086,0.151,-0.395
353.892,0.189,0.498,-0.654
353.912,-0.093,0.176,-0.38
353.932,-0.153,0.221,-0.358
353.952,0.017,0.377,-0.499
353.972,-0.097,0.5,-0.412
353.992,-0.26,0.169,-0.668
354.012,0.01,0.432,-0.822
354.032,0.073,0.569,-0.726
354.052,0.302,0.178,-0.779
354.072,0.229,0.084,-0.369
354.092,0.298,0.667,-0.427
354.112,0.193,0.434,-0.999
354.132,0.123,0.21,-0.57
354.152,-0.174,0.327,-0.962
354.172,0.107,-0.022,-0.789
354.192,0.191,0.415,-0.429
354.212,0.35,-0.17,-0.945
354.232,0.222,0.412,-0.868
354.252,0.343,0.059,-0.799
354.272,-0.105,-0.141,-0.911
354.292,0.058,-0.226,-0.87
354.312,0.223,0.087,-0.599
354.332,0.378,0.307,-0.919
354.352,0.119,-0.121,-0.633
354.372,0.131,-0.088,-0.589
354.392,0.301,0.069,-0.44
354.412,-0.073,0.328,-0.406
354.432,0.484,0.365,-0.887
354.452,-0.031,0.2,-0.877
354.472,-0.251,0.374,-0.875
354.492,0.135,0.311,-0.449
354.512,0.488,0.098,-0.536
354.532,0.267,0.36,-0.687
354.552,0.298,-0.082,-0.855
354.572,0.15,0.281,-0.568
354.592,0.123,-0.046,-0.31
354.612,-0.151,0.205,-0.325
354.632,-0.294,0.445,-0.864
354.652,0.214,0.224,-0.365
354.672,0.424,0.163,-0.882
354.692,0.246,0.223,-0.665
354.712,0.288,0.322,-0.684
354.732,0.474,0.62,-0.532
354.752,0.231,0.321,-0.784
354.772,0.148,0.086,-0.561
354.792,0.015,0.147,-0.802
354.812,0.581,0.006,-0.561
354.832,0.293,-0.069,-0.844
354.852,0.007,-0.305,-0.652
354.872,-0.025,0.097,-0.576
354.892,0.459,-0.093,-0.626
354.912,0.008,0.216,-0.406
354.932,0.601,0.092,-1.039
354.952,-0.302,-0.027,-0.559
354.972,0.529,-0.229,-0.768
354.992,0.331,0.137,-0.463
355.012,0.248,-0.138,-0.557
355.032,0.177,0.367,-0.334
355.052,0.622,0.274,-0.605
355.072,0.408,0.181,-0.297
355.092,0.088,0.527,-0.513
355.112,-0.083,0.232,-0.801
355.132,0.295,0.292,-0.713
355.152,0.262,0.34,-0.668
355.172,-0.057,0.108,-0.529
355.192,0.237,0.129,-0.369
355.212,0.139,0.232,-0.445
355.232,0.249,-0.053,-0.441
355.252,0.391,0.597,-0.735
355.272,0.552,0.25,-0.405
355.292,0.438,0.189,-0.547
355.312,0.105,0.652,-0.413
355.332,0.325,0.015,-0.868
355.352,0.279,0.544,-0.495
355.372,0.016,0.401,-0.709
355.392,0.353,0.464,-0.843
355.412,0.659,0.21,-0.466
355.432,0.293,0.238,-0.654
355.452,-0.028,0.161,-0.47
355.472,0.306,0.437,-0.777
355.492,0.043,0.306,-0.183
355.512,0.462,0.123,-0.618
355.532,0.407,0.135,-0.694
355.552,0.27,0.227,-0.394
355.572,0.242,0.153,-0.603
355.592,0.275,0.497,0.04
355.612,0.317,0.357,-0.374
355.632,0.162,0.345,-0.692
355.652,0.043,0.228,-0.599
355.672,0.553,0.022,-0.595
355.692,0.243,0.349,-0.817
355.712,0.365,-0.209,-0.358
355.732,0.382,0.23,-0.72
355.752,0.383,0.041,-0.675
355.772,0.084,0.028,-0.581
355.792,-0.007,0.119,-0.826
355.812,0.2,0.199,-0.61
355.832,0.394,0.204,-0.759
355.852,0.16,0.372,-0.729
355.872,0.231,0.186,-0.639
355.892,0.721,0.189,-0.756
355.912,-0.073,-0.067,-0.933
355.932,0.128,-0.042,-0.595
355.952,0.665,0.275,-1.084
355.972,0.285,0.368,-1.066
355.992,0.141,0.188,-0.618
356.012,0.516,0.44,-0.658
356.032,0.305,-0.04,-0.563
356.052,0.21,0.325,-0.473
356.072,0.337,0.076,-1.002
356.092,0.17,0.061,-0.744
356.112,0.092,0.082,-0.716
356.132,0.267,0.234,-0.561
356.152,0.089,0.345,-0.577
356.172,0.292,0.33,-0.698
356.192,0.367,0.193,-0.596
356.212,0.462,0.381,-0.655
356.232,0.511,0.601,-0.791
356.252,0.207,0.238,-0.588
356.272,0.381,0.281,-1.03
356.292,0.377,0.142,-0.555
356.312,0.353,0.176,-0.33
356.332,0.175,0.488,-0.691
356.352,0.068,0.482,-0.205
356.372,0.38,0.18,-0.487
356.392,-0.05,0.319,-0.318
356.412,0.239,0.415,-0.508
356.432,-0.219,0.143,-0.47
356.452,0.012,-0.037,-0.556
356.472,0.1,0.354,-0.913
356.492,0.504,0.392,-0.989
356.512,0.412,0.376,-0.638
356.532,0.143,0.141,-0.702
356.552,0.413,0.52,-0.699
356.572,0.442,0.268,-0.851
356.592,0.241,-0.015,-0.384
356.612,-0.014,-0.109,-0.813
356.632,0.221,0.15,-0.83
356.652,0.238,0.239,-0.611
356.672,0.015,0.123,-0.4
356.692,0.336,0.577,-0.439
356.712,0.326,0.255,-0.733
356.732,0.357,-0.022,-0.646
356.752,0.334,-0.282,-0.278
356.772,0.417,0.225,-0.391
356.792,0.244,0.37,-0.435
356.812,0.333,0.536,-0.532
356.832,0.216,0.138,-0.59
356.852,0.17,0.532,-0.2
356.872,0.535,-0.081,-0.368
356.892,-0.144,0.122,-0.568
356.912,0.429,0.005,-0.452
356.932,0.125,0.365,-0.66
356.952,0.121,-0.047,-0.936
356.972,0.321,0.303,-0.828
356.992,-0.044,-0.01,-0.718
357.012,0.085,0.604,-0.734
357.032,0.088,0.171,-0.782
357.052,0.216,0.32,-0.768
357.072,0.107,-0.116,-0.389
357.092,0.606,-0.066,-0.286
357.112,0.645,0.075,-0.397
357.132,-0.104,0.387,-1.077
357.152,0.416,0.35,-0.431
357.172,0.473,0.408,-0.502
357.192,0.424,-0.105,-0.661
357.212,0.186,0.287,-0.741
357.232,0.282,0.062,-0.696
357.252,0.18,0.02,-0.448
357.272,0.227,0.072,-0.577
357.292,0.047,0.153,-0.425
357.312,0.272,0.298,-0.506
357.332,-0.011,0.383,-0.391
357.352,0.231,0.275,-0.56
357.372,0.026,0.3,-0.905
357.392,0.326,0.545,-1.006
357.412,0.149,0.304,-0.564
357.432,0.342,0.136,-0.562
357.452,0.508,0.291,-0.785
357.472,0.608,0.504,-0.612
357.492,-0.219,-0.016,-0.755
357.512,0.108,0.08,-0.765
357.532,0.201,0.464,-0.948
357.552,0.353,0.105,-0.675
357.572,-0.077,0.316,-0.781
357.592,0.074,0.416,-0.605
357.612,0.297,-0.101,-1.034
357.632,0.277,0.093,-0.562
357.652,0.338,0.412,-0.796
357.672,0.35,0.159,-0.892
357.692,0.334,-0.219,-0.777
357.712,0.309,0.081,-0.995
357.732,0.274,0.356,-0.719
357.752,0.399,0.469,-0.63
357.772,-0.162,0.221,-0.634
357.792,0.587,0.321,-0.556
357.812,-0.167,0.149,-0.758
357.832,0.045,0.404,-0.497
357.852,0.229,0.511,-0.605
357.872,0.408,0.389,-0.501
357.892,-0.341,0.229,-0.331
357.912,0.24,0.332,-0.986
357.932,0.395,0.437,-0.75
357.952,0.448,0.237,-0.82
357.972,0.111,0.388,-0.233
357.992,0.189,0.304,-0.547
358.012,0.118,0.51,-0.619
358.032,0.163,0.375,-0.429
358.052,0.029,0.144,-0.673
358.072,0.071,0.541,-0.585
358.092,0.337,0.343,-0.75
358.112,0.266,0.234,-0.933
358.132,0.331,-0.027,-0.475
358.152,0.293,0.287,-0.841
358.172,0.389,0.601,-0.517
358.192,0.439,-0.305,-0.447
358.212,-0.083,-0.317,-1.088
358.232,0.099,0.379,-0.418
358.252,0.218,0.254,-0.567
358.272,0.268,0.344,-0.802
358.292,0.126,0.106,-0.945
358.312,0.435,-0.22,-0.621
358.332,0.652,0.054,-0.634
358.352,0.291,0.524,-0.379
358.372,0.271,0.125,-0.599
358.392,0.429,0.128,-0.833
358.412,-0.114,-0.294,-0.926
358.432,0.265,-0.145,-0.594
358.452,0.474,0.454,-0.627
358.472,0.13,0.192,-0.36
358.492,0.008,0.446,-0.719
358.512,0.214,0.098,-0.532
358.532,0.249,-0.05,-0.638
358.552,0.087,0.188,-1.162
358.572,0.663,0.12,-0.494
358.592,0.159,0.055,-0.719
358.612,0.025,0.068,-0.504
358.632,0.244,0.212,-0.602
358.652,0.439,0.155,-0.833
358.672,0.267,0.066,-0.675
358.692,0.365,0.622,-0.643
358.712,0.092,0.335,-0.615
358.732,0.581,0.274,-0.526
358.752,0.418,0.226,-0.62
358.772,0.515,0.376,-0.278
358.792,0.362,0.34,-0.467
358.812,0.46,0.022,-0.432
358.832,0.113,-0.085,-0.483
358.852,0.192,-0.224,-0.635
358.872,0.564,0.588,-0.487
358.892,0.609,0.141,-0.395
358.912,0.057,0.34,-0.622
358.932,0.322,0.271,-0.44
358.952,0.175,0.418,-0.907
358.972,0.121,0.223,-0.424
358.992,0.331,-0.039,-0.802
359.012,0.5,0.021,-0.916
359.032,0.373,0.164,-0.712
359.052,0.199,-0.069,-0.614
359.072,0.371,0.085,-0.586
359.092,0.212,0.011,-0.395
359.112,0.358,0.166,-0.752
359.132,0.553,0.138,-0.314
359.152,-0.14,0.249,-0.295
359.172,0.442,0.395,-0.556
359.192,-0.037,0.178,-0.773
359.212,0.504,-0.077,-0.103
359.232,0.138,-0.183,-0.253
359.252,0.027,0.242,-0.554
359.272,0.4,0.076,-0.862
359.292,0.34,0.193,-0.473
359.312,0.066,0.287,-0.723
359.332,0.007,0.518,-0.434
359.352,0.211,-0.124,-0.565
359.372,0.005,0.018,-0.948
359.392,0.062,0.197,-0.851
359.412,0.3,-0.029,-0.761
359.432,0.075,-0.096,-0.257
359.452,0.346,0.462,-0.733
359.472,0.565,-0.02,-1.048
359.492,0.236,-0.079,-0.628
359.512,0.292,-0.065,-0.65
359.532,0.665,0.386,-0.276
359.552,0.012,0.025,-0.289
359.572,0.488,-0.116,-0.847
359.592,0.485,-0.002,-0.512
359.612,0.441,0.167,-0.442
359.632,0.527,0.367,-0.62
359.652,0.331,0.355,-0.555
359.672,0.158,0.034,-0.373
359.692,0.485,0.07,-0.525
359.712,0.488,0.612,-0.445
359.732,0.477,0.399,-0.281
359.752,0.273,0.141,-0.655
359.772,0.115,-0.257,-0.415
359.792,0.285,0.117,-0.668
359.812,0.446,-0.064,-0.378
359.832,0.471,0.018,-0.714
359.852,0.184,0.013,-0.497
359.872,0.326,0.154,-0.64
359.892,-0.024,0.222,-0.465
359.912,0.457,0.066,-0.745
359.932,0.126,-0.064,-0.635
359.952,0.442,0.158,-0.587
359.972,0.056,0.094,-0.795
359.992,0.485,-0.173,-0.711
360.012,0.32,0.336,-0.922
360.032,0.097,0.069,-0.515
360.052,0.37,0.174,-0.43
360.072,0.122,0.179,-0.862
360.092,0.393,0.22,-0.814
360.112,0.18,0.255,-0.77
360.132,-0.101,-0.05,-0.828
360.152,0.058,0.272,-0.474
360.172,0.169,0.128,-0.695
360.192,0.526,0.408,-0.495
360.212,0.432,0.334,-0.695
360.232,0.595,0.42,-0.616
360.252,0.601,-0.018,-0.343
360.272,0.169,0.439,-0.781
360.292,0.258,0.199,-0.682
360.312,0.204,0.321,-0.494
360.332,0.122,0.307,-0.626
360.352,-0.111,0.246,-0.533
360.372,0.262,-0.054,-0.559
360.392,-0.001,0.36,-0.856
360.412,0.254,0.232,-0.282
360.432,0.697,-0.143,-0.586
360.452,0.155,0.057,-0.266
360.472,0.286,-0.088,-0.49
360.492,0.432,-0.124,-0.302
360.512,0.297,0.326,-0.346
360.532,0.294,-0.149,-0.307
360.552,0.167,-0.125,-0.611
360.572,0.181,0.557,-0.184
360.592,0.017,0.068,-0.628
360.612,0.373,0.291,-0.443
360.632,-0.142,0.368,-0.335
360.652,0.408,0.292,0.128
360.672,-0.08,0.163,-0.296
360.692,0.385,0.144,-0.626
360.712,0.129,0.271,-0.485
360.732,-0.059,0.105,-0.821
360.752,0.294,0.295,-0.256
360.772,0.378,0.1,-1.195
360.792,0.1,0.12,-0.615
360.812,0.32,0.512,-0.149
360.832,-0.279,0.038,-0.438
360.852,-0.08,0.135,-0.49
360.872,0.447,0.198,-0.829
360.892,0.143,0.217,-0.334
360.912,-0.193,0.185,-0.789
360.932,0.056,-0.128,-0.784
360.952,0.021,0.16,-0.35
360.972,0.166,0.186,-0.79
360.992,0.125,0.356,-0.902
361.012,0.227,0.26,-0.789
361.032,0.179,0.357,-0.579
361.052,0.466,-0.081,-0.718
361.072,0.283,-0.063,-0.246
361.092,0.304,0.2,-0.593
361.112,0.452,0.366,-0.856
361.132,0.134,0.094,-0.979
361.152,-0.052,-0.022,-0.42
361.172,0.445,-0.186,-0.547
361.192,0.238,0.215,-0.493
361.212,0.26,0.106,-0.707
361.232,0.092,0.042,-0.595
361.252,0.104,0.305,-0.369
361.272,0.392,0.113,-0.605
361.292,0.437,0.129,-0.831
361.312,0.393,0.308,-0.478
361.332,0.407,0.574,-0.691
361.352,0.387,0.053,-0.434
361.372,0.305,-0.045,-0.617
361.392,0.236,-0.068,-0.432
361.412,0.507,0.227,-0.528
361.432,0.181,-0.096,-0.372
361.452,0.323,0.051,-0.436
361.472,0.081,0.074,-0.902
361.492,0.134,0.428,-1.013
361.512,0.211,0.349,-0.66
361.532,0.099,-0.194,-0.536
361.552,0.423,0.433,-0.794
361.572,-0.002,-0.129,-0.57
361.592,0.306,0.156,-0.582
361.612,0.298,-0.042,-0.668
361.632,-0.103,0.046,-0.76
361.652,0.161,-0.066,-0.844
361.672,0.315,0.485,-0.139
361.692,0.355,0.124,-1.047
361.712,0.248,0.197,-0.879
361.732,0.405,-0.069,-0.125
361.752,0.254,-0.14,-0.85
361.772,0.283,0.039,-0.751
361.792,0.315,0.232,-0.508
361.812,0.454,0.098,-0.554
361.832,0.138,0.314,-0.584
361.852,0.17,0.15,-0.369
361.872,0.139,0.129,-0.845
361.892,0.195,0.247,-0.631
361.912,0.554,0.173,-0.689
361.932,0.395,0.339,-0.868
361.952,0.046,0.269,-0.677
361.972,0.162,0.343,-0.581
361.992,0.342,0.311,-0.58
362.012,0.087,0.442,-0.478
362.032,0.124,0.331,-0.715
362.052,0.534,0.517,-0.92
362.072,0.139,0.054,-1.003
362.092,0.469,0.346,-0.822
362.112,0.503,-0.089,-1.003
362.132,0.121,0.406,-0.872
362.152,0.077,0.226,-0.968
362.172,0.216,0.412,-0.857
362.192,0.064,0.58,-0.363
362.212,0.31,0.407,-0.752
362.232,0.257,0.164,-0.42
362.252,0.365,0.026,-0.657
362.272,0.578,0.342,-0.855
362.292,0.461,0.187,-0.754
362.312,0.398,0.382,-1.061
362.332,-0.084,0.159,-0.797
362.352,0.404,0.086,-0.977
362.372,0.656,0.209,-0.58
362.392,-0.29,0.36,-0.787
362.412,0.449,0.286,-0.741
362.432,0.273,0.104,-0.759
362.452,0.145,0.617,-0.496
362.472,0.488,0.234,-0.849
362.492,0.694,-0.193,-0.863
362.512,0.499,0.44,-0.613
362.532,0.281,0.245,-0.458
362.552,0.17,0.202,-0.601
362.572,0.385,0.205,-0.239
362.592,0.54,0.181,-0.869
362.612,0.288,0.558,-1.123
362.632,0.307,0.317,-0.581
362.652,0.929,0.273,-0.717
362.672,0.573,0.177,-0.575
362.692,0.6,0.568,-0.496
362.712,0.08,0.385,-0.969
362.732,0.238,0.403,-0.719
362.752,0.411,0.248,-0.551
362.772,0.187,0.392,-0.626
362.792,0.732,0.291,-0.724
362.812,0.695,0.133,-0.555
362.832,0.31,0.284,-0.498
362.852,0.782,0.615,-1.108
362.872,0.415,0.237,-0.384
362.892,0.926,0.452,-0.948
362.912,0.434,0.444,-0.591
362.932,0.522,0.306,-0.779
362.952,0.679,0.535,-0.46
362.972,0.64,-0.244,-0.567
362.992,0.499,-0.153,-0.601
363.012,0.357,0.559,-0.676
363.032,0.498,0.105,-0.835
363.052,0.22,0.272,-0.907
363.072,0.406,0.593,-0.976
363.092,0.152,0.27,-0.809
363.112,0.041,0.569,-0.508
363.132,0.409,0.145,-0.895
363.152,0.654,0.361,-0.446
363.172,0.585,0.266,-0.904
363.192,0.375,0.553,-0.733
363.212,0.748,0.207,-0.591
363.232,0.285,0.067,-0.464
363.252,0.029,0.148,-0.745
363.272,-0.035,0.174,-0.574
363.292,0.178,0.118,-0.631
363.312,0.58,0.104,-0.709
363.332,0.282,0.478,-0.866
363.352,0.504,0.519,-0.559
363.372,0.733,0.315,-0.623
363.392,0.196,0.101,-0.694
363.412,0.51,0.117,-0.614
363.432,0.514,-0.182,-0.526
363.452,0.229,0.32,-0.98
363.472,0.664,0.119,-0.746
363.492,0.351,0.563,-0.857
363.512,0.321,0.003,-0.833
363.532,0.819,0.169,-0.795
363.552,0.504,0.255,-0.426
363.572,0.58,0.39,-0.587
363.592,0.652,0.651,-0.89
363.612,0.272,0.03,-0.642
363.632,0.649,0.242,-0.579
363.652,0.286,0.027,-0.747
363.672,0.269,0.466,-0.931
363.692,0.325,0.184,-0.904
363.712,0.253,0.289,-1.002
363.732,0.528,0.251,-0.261
363.752,0.42,0.307,-1.025
363.772,0.257,0.27,-0.925
363.792,0.498,0.101,-0.671
363.812,0.311,0.32,-1.033
363.832,0.298,0.132,-0.908
363.852,0.406,0.452,-0.657
363.872,0.483,0.301,-0.627
363.892,0.467,0.078,-0.595
363.912,0.332,0.762,-0.539
363.932,0.582,0.601,-0.683
363.952,0.359,0.767,-0.818
363.972,0.277,0.209,-0.58
363.992,0.124,0.092,-0.388
364.012,0.588,0.399,-0.541
364.032,0.39,0.469,-0.827
364.052,0.448,0.288,-0.524
364.072,0.608,-0.179,-0.546
364.092,0.318,0.06,-0.905
364.112,0.131,0.337,-0.695
364.132,0.422,0.121,-0.546
364.152,0.471,-0.009,-0.417
364.172,0.349,0.222,-0.774
364.192,0.679,-0.368,-0.93
364.212,-0.105,0.158,-0.532
364.232,0.611,0.177,-0.672
364.252,0.565,0.327,-0.589
364.272,0.495,0.38,-0.597
364.292,-0.264,0.33,-0.607
364.312,0.664,0.43,-0.731
364.332,0.195,0.217,-0.452
364.352,0.298,-0.039,-0.809
364.372,0.349,0.258,-0.581
364.392,0.474,0.056,-0.567
364.412,0.504,-0.049,-0.692
364.432,0.564,0.348,-0.5
364.452,0.545,-0.06,-0.739
364.472,0.426,0.353,-0.189
364.492,0.454,-0.061,-0.61
364.512,0.157,0.147,-0.412
364.532,0.229,0.091,-0.485
364.552,0.554,0.421,-0.374
364.572,0.534,0.31,-0.632
364.592,0.5,0.047,-0.439
364.612,0.229,0.183,-0.379
364.632,0.526,0.498,-0.617
364.652,0.115,0.518,-0.826
364.672,0.575,-0.056,-0.328
364.692,0.317,0.47,-0.683
364.712,0.717,0.451,-0.667
364.732,0.071,0.237,-0.636
364.752,0.729,0.195,-0.852
364.772,0.294,0.112,-0.616
364.792,0.297,-0.024,-0.605
364.812,0.413,0.279,-0.676
364.832,0.24,0.18,-0.693
364.852,0.364,0.284,-0.713
364.872,0.242,0.295,-0.747
364.892,0.244,0.71,-0.532
364.912,0.472,0.451,-0.63
364.932,0.21,0.326,-0.513
364.952,0.242,-0.194,-0.814
364.972,0.117,0.315,-0.481
364.992,0.275,0.555,-0.525
365.012,0.634,0.156,-0.734
365.032,0.18,0.669,-0.807
365.052,0.194,0.346,-0.557
365.072,0.374,0.291,-0.999
365.092,0.268,0.051,-0.753
365.112,0.788,0.544,-0.609
365.132,0.301,0.071,-0.685
365.152,0.412,0.128,-0.873
365.172,0.523,-0.144,-0.653
365.192,0.499,0.407,-0.875
365.212,0.37,0.351,-0.612
365.232,0.286,0.244,-0.728
365.252,0.731,0.394,-0.673
365.272,0.298,0.368,-0.805
365.292,0.222,0.175,-0.501
365.312,0.169,0.073,-0.683
365.332,-0.045,-0.123,-0.805
365.352,0.472,0.188,-0.688
365.372,-0.153,-0.044,-0.315
365.392,0.331,0.249,-0.593
365.412,0.296,0.192,-0.449
365.432,0.775,0.14,-0.989
365.452,-0.027,0.426,-0.71
365.472,0.161,0.009,-0.869
365.492,0.323,-0.159,-0.759
365.512,0.306,0.171,-0.795
365.532,0.237,0.083,-0.397
365.552,0.332,0.241,-0.523
365.572,0.086,0.023,-0.82
365.592,0.391,0.278,-0.77
365.612,-0.149,-0.013,-0.605
365.632,0.325,-0.003,-0.505
365.652,0.207,0.303,-0.47
365.672,0.531,0.162,-0.549
365.692,0.678,-0.067,-0.326
365.712,0.27,-0.028,-0.606
365.732,0.603,0.097,-0.785
365.752,0.27,-0.054,-0.868
365.772,0.138,0.113,-0.916
365.792,0.68,0.131,-0.941
365.812,0.439,0.006,-0.569
365.832,0.335,0.333,-0.382
365.852,0.475,-0.019,-0.675
365.872,0.386,0.434,-0.338
365.892,0.329,0.137,-0.671
365.912,0.079,0.048,-0.548
365.932,0.3,0.291,-0.992
365.952,0.484,0.192,-0.507
365.972,0.344,0.341,-0.806
365.992,0.559,-0.214,-0.516
366.012,0.457,0.286,-0.423
366.032,0.214,0.08,-0.615
366.052,0.13,0.182,-0.581
366.072,0.383,0.162,-0.674
366.092,0.311,0.462,-0.58
366.112,0.487,-0.166,-0.325
366.132,0.284,0.523,-0.7
366.152,0.3,0.333,-0.661
366.172,0.642,0.224,-1.049
366.192,0.457,-0.078,-0.61
366.212,0.283,-0.134,-0.856
366.232,0.422,0.089,-0.747
366.252,0.672,0.317,-0.601
366.272,0.459,0.215,-1.016
366.292,0.519,0.334,-0.6
366.312,0.251,-0.056,-0.646
366.332,0.612,0.242,-0.557
366.352,0.87,0.464,-0.837
366.372,0.255,0.529,-0.495
366.392,0.171,-0.006,-0.648
366.412,0.431,0.171,-0.858
366.432,0.569,0.168,-0.991
366.452,0.377,0.115,-0.822
366.472,0.188,0.422,-0.535
366.492,0.38,0.801,-0.634
366.512,0.545,0.001,-1.16
366.532,0.323,0.293,-0.795
366.552,0.529,0.261,-0.692
366.572,0.637,0.26,-0.344
366.592,0.458,0.465,-0.451
366.612,0.409,0.27,-0.75
366.632,0.578,-0.223,-0.684
366.652,0.231,-0.074,-0.999
366.672,0.206,0.004,-1.259
366.692,0.341,0.077,-0.816
366.712,0.284,0.19,-0.531
366.732,0.231,0.19,-0.68
366.752,0.772,-0.145,-0.858
366.772,0.833,-0.114,-0.526
366.792,0.31,-0.21,-0.351
366.812,0.393,-0.08,-0.997
366.832,0.322,0.43,-0.726
366.852,0.587,0.193,-0.828
366.872,0.62,0.054,-0.731
366.892,-0.013,-0.143,-0.833
366.912,0.426,0.043,-0.188
366.932,0.055,0.372,-0.775
366.952,0.675,0.367,-0.688
366.972,0.404,0.219,-0.722
366.992,0.15,0.207,-1.013
367.012,0.267,-0.093,-0.716
367.032,0.246,0.11,-1.06
367.052,0.393,0.386,-0.411
367.072,0.494,0.138,-0.592
367.092,0.068,0.581,-0.883
367.112,0.66,0.505,-0.793
367.132,0.633,0.167,-0.556
367.152,0.133,0.215,-0.692
367.172,0.312,0.72,-1.081
367.192,0.633,0.44,-0.716
367.212,0.516,0.278,-0.525
367.232,0.207,0.295,-1.22
367.252,0.434,0.29,-0.711
367.272,0.863,0.261,-0.913
367.292,0.3,0.049,-0.487
367.312,0.147,0.185,-0.842
367.332,0.315,-0.004,-0.874
367.352,0.329,0.446,-0.599
367.372,0.183,0.267,-0.932
367.392,0.38,0.461,-0.727
367.412,0.046,0.051,-0.683
367.432,0.159,0.582,-0.757
367.452,0.446,0.568,-0.985
367.472,-0.061,-0.013,-0.879
367.492,0.458,0.194,-0.739
367.512,-0.135,0.201,-1.094
367.532,-0.084,-0.008,-0.696
367.552,0.164,0.219,-0.763
367.572,0.327,0.398,-0.59
367.592,0.544,0.191,-0.588
367.612,0.307,-0.057,-0.935
367.632,0.239,0.435,-0.835
367.652,0.418,0.114,-0.92
367.672,0.117,0.126,-0.85
367.692,0.319,0.624,-0.797
367.712,0.039,0.366,-0.529
367.732,0.289,0.119,-0.875
367.752,0.232,0.044,-0.568
367.772,0.097,0.479,-0.707
367.792,0.282,0.454,-0.478
367.812,0.275,0.166,-0.812
367.832,0.472,0.02,-0.876
367.852,-0.09,0.344,-0.69
367.872,0.223,0.373,-1.046
367.892,0.098,0.174,-0.705
367.912,0.412,0.018,-0.64
367.932,0.388,0.257,-0.529
367.952,0.342,0.349,-0.654
367.972,0.1,0.133,-0.754
367.992,0.439,0.279,-0.347
368.012,-0.046,0.308,-0.726
368.032,-0.1,0.471,-0.921
368.052,-0.014,0.152,-0.722
368.072,0.236,0.018,-0.966
368.092,0.382,0.227,-0.942
368.112,-0.353,0.571,-0.645
368.132,0.508,-0.126,-0.961
368.152,0.285,-0.223,-0.839
368.172,-0.036,0.218,-0.951
368.192,0.311,0.158,-0.69
368.212,0.52,0.183,-0.863
368.232,0.429,0.173,-0.626
368.252,0.527,0.418,-0.635
368.272,0.033,0.199,-0.992
368.292,0.232,0.368,-0.561
368.312,0.139,-0.289,-0.785
368.332,0.673,0.133,-0.998
368.352,0.468,0.072,-0.664
368.372,0.891,-0.221,-0.397
368.392,0.231,0.248,-0.801
368.412,0.167,0.227,-1.108
368.432,0.281,0.155,-0.611
368.452,0.585,0.228,-0.469
368.472,0.233,0.278,-0.974
368.492,0.323,0.487,-0.903
368.512,0.325,0.422,-0.74
368.532,0.32,0.362,-1.128
368.552,0.194,0.758,-0.316
368.572,0.293,0.156,-0.742
368.592,0.284,0.018,-0.712
368.612,0.344,0.522,-0.661
368.632,0.531,0.671,-0.767
368.652,0.679,0.164,-0.822
368.672,0.168,0.563,-0.9
368.692,0.267,0.177,-0.952
368.712,0.192,0.393,-0.639
368.732,0.405,0.406,-0.461
368.752,0.251,0.151,-0.537
368.772,0.413,0.636,-0.786
368.792,0.591,0.652,-0.764
368.812,-0.128,0.054,-0.409
368.832,0.475,0.289,-0.885
368.852,0.295,0.418,-1.065
368.872,0.484,-0.152,-0.674
368.892,0.216,0.228,-0.553
368.912,0.63,-0.114,-1.211
368.932,0.582,0.354,-0.637
368.952,0.511,0.249,-0.955
368.972,0.559,0.148,-1.018
368.992,0.25,-0.099,-0.794
369.012,0.283,0.1,-0.969
369.032,0.559,0.325,-1.109
369.052,0.246,0.224,-0.736
369.072,0.698,0.468,-0.784
369.092,0.353,0.457,-1.117
369.112,0.523,0.458,-1.061
369.132,0.845,0.129,-0.69
369.152,0.275,0.274,-0.675
369.172,0.431,0.044,-1.304
369.192,0.621,-0.005,-1.018
369.212,0.606,0.477,-0.79
369.232,0.357,-0.002,-0.695
369.252,0.33,-0.044,-0.702
369.272,0.389,0.242,-0.671
369.292,0.73,0.163,-0.936
369.312,0.381,0.196,-0.759
369.332,0.441,0.688,-0.861
369.352,0.334,0.015,-0.875
369.372,0.566,0.304,-1.071
369.392,0.454,0.229,-0.711
369.412,0.206,0.395,-1.1
369.432,0.213,0.046,-1.004
369.452,0.003,0.151,-0.644
369.472,0.235,0.222,-0.805
369.492,0.565,-0.11,-0.563
369.512,0.691,-0.2,-0.819
369.532,0.552,0.163,-0.863
369.552,0.541,0.429,-0.525
369.572,0.406,0.099,-0.825
369.592,0.597,0.12,-0.672
369.612,0.504,0.387,-0.761
369.632,0.808,0.113,-0.699
369.652,0.431,0.297,-0.776
369.672,0.705,0.668,-0.564
369.692,0.606,0.025,-0.731
369.712,0.581,0.121,-0.807
369.732,0.018,0.24,-0.673
369.752,0.607,0.475,-1.05
369.772,0.387,0.15,-0.542
369.792,0.328,0.335,-1.034
369.812,0.125,0.281,-0.85
369.832,0.434,0.193,-0.796
369.852,0.446,0.117,-0.656
369.872,0.167,0.069,-0.374
369.892,0.128,0.791,-0.502
369.912,0.507,-0.133,-0.998
369.932,0.588,-0.113,-0.894
369.952,0.447,0.219,-0.999
369.972,0.639,0.224,-0.993
369.992,0.39,0.267,-0.83
370.012,0.384,0.019,-0.45
370.032,0.214,-0.007,-0.749
370.052,0.094,0.154,-0.75
370.072,0.77,0.38,-0.681
370.092,0.622,0.006,-0.909
370.112,0.124,0.242,-0.72
370.132,0.427,0.107,-0.647
370.152,0.374,-0.095,-0.202
370.172,0.344,-0.026,-0.527
370.192,0.327,0.42,-0.386
370.212,0.486,0.127,-0.706
370.232,0.566,0.508,-0.607
370.252,0.486,0.251,-0.661
370.272,0.377,-0.008,-1.076
370.292,0.368,0.358,-1.204
370.312,0.576,0.101,-0.929
370.332,0.473,0.183,-0.443
370.352,0.4,0.482,-0.781
370.372,0.381,-0.019,-0.537
370.392,0.453,0.147,-0.444
370.412,0.282,0.022,-0.97
370.432,0.553,-0.004,-0.395
370.452,0.178,0.133,-0.93
370.472,0.332,0.055,-0.749
370.492,0.529,0.183,-0.919
370.512,0.166,0.382,-0.65
370.532,0.082,0.114,-0.738
370.552,0.408,-0.002,-0.553
370.572,0.054,0.441,-0.522
370.592,0.123,0.161,-0.402
370.612,0.534,0.674,-0.563
370.632,0.336,0.207,-0.555
370.652,0.624,0.247,-0.815
370.672,0.12,-0.201,-0.758
370.692,0.327,0.027,-0.666
370.712,0.435,-0.203,-0.977
370.732,0.12,0.311,-0.498
370.752,0.559,0.245,-0.738
370.772,0.468,0.395,-0.674
370.792,0.038,0.424,-1.013
370.812,0.342,0.463,-0.78
370.832,0.432,0.23,-0.556
370.852,0.226,0.294,-0.657
370.872,0.026,0.402,-0.583
370.892,0.384,0.13,-0.809
370.912,0.773,0.108,-0.718
370.932,0.249,0.596,-0.775
370.952,0.628,-0.081,-0.619
370.972,0.169,0.388,-0.722
370.992,0.357,0.354,-0.848
371.012,0.476,0.061,-1.272
371.032,0.326,0.155,-0.739
371.052,0.26,0.214,-1.099
371.072,0.451,0.333,-0.621
371.092,0.689,0.362,-0.593
371.112,0.374,0.281,-1.233
371.132,0.214,0.315,-0.709
371.152,0.279,0.417,-0.707
371.172,0.831,0.4,-0.686
371.192,0.385,0.591,-1.017
371.212,0.256,0.486,-0.683
371.232,0.149,0.27,-1.038
371.252,0.02,0.383,-0.642
371.272,0.456,0.338,-0.688
371.292,0.492,0.289,-0.855
371.312,0.298,0.089,-0.706
371.332,0.367,0.287,-0.958
371.352,0.123,-0.157,-0.881
371.372,0.394,0.48,-0.542
371.392,0.488,0.34,-0.553
371.412,0.289,0.254,-1.022
371.432,0.732,0.209,-0.932
371.452,0.237,0.417,-0.919
371.472,0.465,0.653,-0.787
371.492,0.565,0.366,-0.849
371.512,0.369,0.688,-0.551
371.532,0.342,0.461,-0.503
371.552,0.098,0.13,-0.455
371.572,0.663,0.395,-0.385
371.592,0.354,0.384,-1.126
371.612,0.506,0.142,-0.838
371.632,0.547,0.225,-0.94
371.652,0.286,0.211,-0.973
371.672,0.358,0.316,-0.506
371.692,0.671,0.249,-0.713
371.712,0.199,0.357,-1.121
371.732,0.843,0.371,-0.285
371.752,0.286,0.525,-1.16
371.772,0.193,0.382,-0.874
371.792,0.454,0.128,-0.778
371.812,0.881,0.684,-1.031
371.832,0.055,0.127,-0.688
371.852,0.395,0.2,-0.933
371.872,0.526,0.379,-0.631
371.892,0.424,0.832,-0.73
371.912,0.503,0.321,-1.306
371.932,0.291,0.109,-1.119
371.952,0.33,-0.084,-0.646
371.972,0.411,-0.098,-0.726
371.992,0.206,0.236,-1.007
372.012,0.423,0.349,-0.935
372.032,0.35,-0.048,-0.815
372.052,0.318,0.279,-1.185
372.072,0.473,-0.025,-0.343
372.092,0.045,0.062,-1.02
372.112,0.368,0.37,-0.822
372.132,0.88,0.113,-0.497
372.152,0.197,0.522,-0.863
372.172,0.687,0.12,-0.76
372.192,0.437,0.451,-1.015
372.212,0.3,0.681,-0.943
372.232,0.154,0.086,-1.016
372.252,0.452,0.744,-0.566
372.272,0.71,0.257,-0.952
372.292,0.347,0.13,-0.966
372.312,0.414,0.198,-0.981
372.332,0.625,0.185,-0.733
372.352,0.487,0.554,-0.695
372.372,0.123,0.522,-1.203
372.392,0.458,0.502,-0.789
372.412,0.715,-0.017,-0.744
372.432,0.398,0.277,-0.51
372.452,-0.137,-0.076,-1.044
372.472,0.489,0.441,-1.024
372.492,0.371,0.148,-0.681
372.512,0.052,0.341,-0.826
372.532,0.074,0.13,-0.533
372.552,0.606,-0.142,-0.59
372.572,0.263,0.371,-0.741
372.592,0.23,0.389,-0.822
372.612,0.401,0.232,-0.838
372.632,0.276,-0.208,-0.809
372.652,0.43,0.356,-0.788
372.672,0.36,0.069,-0.502
372.692,0.154,0.313,-1.185
372.712,0.308,0.109,-0.876
372.732,0.504,0.142,-0.74
372.752,0.433,0.32,-0.896
372.772,0.408,0.054,-0.83
372.792,0.814,0.184,-0.868
372.812,0.564,0.316,-0.523
372.832,0.591,0.654,-0.869
372.852,0.39,0.194,-0.936
372.872,0.476,0.381,-0.642
372.892,0.343,-0.037,-0.905
372.912,0.585,0.56,-0.827
372.932,0.434,0.07,-0.995
372.952,0.501,0.21,-0.854
372.972,0.48,0.341,-0.757
372.992,0.45,0.073,-1.003
373.012,1.042,0.455,-0.772
373.032,0.313,0.113,-0.65
373.052,0.315,0.381,-1.164
373.072,0.599,0.433,-0.9
373.092,0.335,0.341,-0.259
373.112,0.408,0.37,-0.802
373.132,0.243,0.723,-0.549
373.152,0.55,0.28,-0.773
373.172,0.554,0.228,-0.817
373.192,0.397,0.26,-0.569
373.212,0.612,0.444,-0.532
373.232,0.1,0.649,-0.968
373.252,0.319,0.156,-1.027
373.272,0.418,-0.01,-1.072
373.292,0.214,0.385,-0.972
373.312,0.104,-0.106,-0.567
373.332,0.388,0.207,-0.8
373.352,0.598,0.219,-0.561
373.372,0.735,0.139,-1.011
373.392,0.36,0.139,-1.007
373.412,0.616,-0.174,-0.875
373.432,0.603,-0.001,-0.734
373.452,0.728,0.356,-0.825
373.472,0.416,-0.242,-0.664
373.492,0.125,0.148,-0.717
373.512,0.483,0.11,-0.686
373.532,0.263,-0.223,-0.635
373.552,0.327,0.509,-0.557
373.572,0.425,-0.032,-1.28
373.592,0.406,0.278,-0.773
373.612,0.515,0.076,-0.593
373.632,0.637,0.01,-0.246
373.652,0.425,0.131,-0.767
373.672,0.57,0.101,-1.188
373.692,0.507,0.132,-0.461
373.712,0.691,0.002,-0.99
373.732,0.471,-0.053,-0.653
373.752,0.484,0.351,-0.633
373.772,0.411,0.145,-0.707
373.792,0.46,0.133,-1.158
373.812,0.34,-0.025,-0.81
373.832,0.325,0.48,-1.052
373.852,0.646,0.142,-0.648
373.872,0.282,-0.222,-0.923
373.892,0.442,0.219,-1.179
373.912,0.733,0.02,-0.62
373.932,0.457,0.341,-0.994
373.952,0.676,0.357,-0.707
373.972,0.388,0.338,-0.879
373.992,0.292,0.06,-0.556
374.012,0.185,0.118,-0.548
374.032,0.773,0.185,-0.681
374.052,0.277,0.321,-0.745
374.072,0.665,-0.055,-0.807
374.092,0.315,0.175,-0.973
374.112,0.758,0.526,-0.837
374.132,0.935,0.029,-0.622
374.152,0.15,0.138,-0.33
374.172,0.272,0.677,-0.618
374.192,0.654,0.101,-0.592
374.212,0.59,-0.147,-0.754
374.232,0.641,0.138,-0.622
374.252,0.387,0.49,-1.162
374.272,0.896,0.363,-0.861
374.292,0.515,-0.052,-0.568
374.312,0.267,0.217,-0.558
374.332,0.465,0.097,-0.805
374.352,0.289,0.288,-0.966
374.372,0.841,-0.003,-0.742
374.392,0.387,0.221,-0.812
374.412,0.607,0.516,-0.548
374.432,0.42,-0.376,-0.592
374.452,0.384,0.244,-0.415
374.472,0.116,0.4,-0.523
374.492,0.619,-0.19,-0.799
374.512,0.763,-0.016,-0.667
374.532,0.319,0.035,-0.311
374.552,0.194,-0.031,-0.795
374.572,0.68,-0.034,-0.671
374.592,0.2,0.037,-0.712
374.612,0.773,0.286,-0.683
374.632,0.354,0.412,-0.868
374.652,0.323,0.395,-0.457
374.672,0.597,0.325,-0.894
374.692,0.332,0.495,-0.341
374.712,0.38,0.55,-0.367
374.732,0.61,0.167,-0.657
374.752,0.054,0.426,-0.712
374.772,0.873,0.234,-0.865
374.792,0.544,0.118,-0.687
374.812,0.275,0.148,-0.481
374.832,0.322,0.352,-0.833
374.852,0.714,0.442,-0.399
374.872,0.639,0.274,-0.5
374.892,0.799,0.061,-0.736
374.912,0.387,0.036,-0.581
374.932,0.584,-0.248,-0.919
374.952,0.615,0.196,-0.765
374.972,0.642,0.193,-0.315
374.992,0.736,-0.07,-0.545
375.013,0.39,0.225,-0.683
375.033,0.495,0.237,-0.782
375.053,0.377,-0.135,-0.828
375.073,0.472,0.1,-0.825
375.093,0.632,0.441,-0.969
375.113,0.15,0.026,-0.665
375.133,0.704,0.157,-0.587
375.153,0.259,0.184,-0.842
375.173,0.424,0.134,-0.692
375.193,0.73,0.275,-0.927
375.213,0.543,0.319,-0.791
375.233,0.532,0.391,-0.943
375.253,0.236,0.076,-0.813
375.273,0.275,0.249,-0.759
375.293,0.674,0.315,-0.659
375.313,0.359,0.109,-0.898
375.333,0.377,-0.027,-0.681
375.353,0.667,0.143,-0.976
375.373,0.258,-0.022,-0.73
375.393,0.523,-0.035,-0.367
375.413,0.474,0.148,-0.901
375.433,0.477,0.074,-1.08
375.453,0.364,0.16,-0.615
375.473,0.35,-0.198,-0.75
375.493,0.241,0.077,-0.713
375.513,0.553,-0.328,-0.547
375.533,0.326,-0.084,-0.938
375.553,0.65,0.108,-0.932
375.573,0.42,0.36,-0.673
375.593,0.27,0.221,-0.571
375.613,0.402,0.136,-0.719
375.633,0.376,0.053,-0.777
375.653,0.659,0.069,-0.706
375.673,0.384,0.386,-0.617
375.693,0.4,-0.097,-1.074
375.713,0.743,-0.017,-0.971
375.733,0.563,0.333,-0.787
375.753,0.802,0.055,-0.634
375.773,0.722,0.52,-0.345
375.793,0.298,0.274,-0.798
375.813,0.681,0.354,-0.735
375.833,0.787,-0.189,-0.928
375.853,0.796,0.342,-0.676
375.873,0.692,-0.043,-1.034
375.893,0.69,0.273,-0.817
375.913,0.429,0.06,-0.986
375.933,0.313,0.192,-1.229
375.953,0.414,-0.095,-0.232
375.973,0.158,-0.213,-0.603
375.993,0.756,0.169,-0.607
376.013,0.438,0.081,-0.582
376.033,0.746,-0.041,-0.475
376.053,0.24,-0.211,-0.736
376.073,0.697,-0.407,-0.597
376.093,0.375,0.253,-0.859
376.113,0.209,0.112,-0.792
376.133,0.826,0.043,-1.069
376.153,0.733,0.197,-0.719
376.173,0.559,0.367,-0.848
376.193,0.519,0.222,-0.778
376.213,0.589,0.059,-0.582
376.233,0.525,0.56,-0.699
376.253,0.326,0.03,-0.573
376.273,0.411,-0.136,-0.891
376.293,0.875,0.164,-0.685
376.313,1.023,0.101,-0.871
376.333,0.803,0.341,-0.769
376.353,0.588,0.041,-0.796
376.373,0.451,0.123,-0.949
376.393,0.362,-0.011,-0.824
376.413,0.377,0.328,-0.624
376.433,0.407,0.185,-0.925
376.453,0.942,0.101,-0.873
376.473,0.862,0.138,-0.492
376.493,0.636,0.165,-0.444
376.513,0.293,-0.119,-0.57
376.533,0.669,0.398,-0.383
376.553,0.424,0.394,-0.457
376.573,0.039,0.179,-0.729
376.593,0.519,0.159,-0.309
376.613,0.301,-0.042,-0.372
376.633,0.304,0.506,-0.704
376.653,0.424,0.445,-0.642
376.673,0.369,0.232,-0.82
376.693,0.466,0.309,-0.69
376.713,0.457,0.384,-0.959
376.733,0.103,0.338,-0.768
376.753,0.792,-0.038,-0.486
376.773,0.31,0.076,-0.849
376.793,0.317,0.248,-0.719
376.813,0.442,0.203,-0.54
376.833,0.5,0.314,-0.709
376.853,0.807,0.3,-0.398
376.873,0.574,0.21,-0.393
376.893,0.627,-0.358,-0.748
376.913,0.567,0.417,-0.702
376.933,0.551,0.337,-0.607
376.953,0.574,0.592,-0.747
376.973,0.123,0.085,-0.286
376.993,0.447,-0.199,-0.685
377.013,0.717,0.131,-0.415
377.033,1.275,0.27,-0.905
377.053,0.256,0.109,-0.765
377.073,0.563,0.48,-0.825
377.093,0.361,0.078,-0.842
377.113,0.879,0.184,-0.697
377.133,0.208,0.157,-0.53
377.153,0.594,0.762,-0.281
377.173,0.187,0.022,-0.616
377.193,0.392,0.299,-0.553
377.213,0.461,-0.067,-0.505
377.233,0.673,0.235,-0.696
377.253,0.255,-0.024,-0.544
377.273,0.603,0.381,-0.127
377.293,0.466,0.355,-0.456
377.313,0.522,0.237,-0.126
377.333,0.667,-0.106,-0.536
377.353,0.236,0.158,-0.646
377.373,0.66,0.104,-0.307
377.393,0.391,0.332,-0.258
377.413,0.732,-0.008,-0.609
377.433,0.546,0.401,-0.445
377.453,0.441,0.358,-0.524
377.473,0.375,-0.098,-0.793
377.493,0.66,0.121,-0.771
377.513,0.743,0.17,-0.55
377.533,0.377,0.389,-0.287
377.553,0.256,0.053,-0.344
377.573,0.621,0.221,-0.703
377.593,0.194,0.416,-0.759
377.613,0.223,0.261,-0.724
377.633,0.278,-0.171,-0.757
377.653,0.394,0.109,-0.742
377.673,0.218,0.384,-0.962
377.693,0.11,0.361,-1.048
377.713,0.254,-0.234,-1.077
377.733,0.605,0.26,-0.895
377.753,0.231,0.423,-0.359
377.773,0.421,0.356,0.124
377.793,0.867,0.398,-0.208
377.813,0.474,0.669,-0.564
377.833,0.533,0.268,-0.76
377.853,0.281,0.322,-0.701
377.873,0.916,0.083,-0.605
377.893,0.375,0.138,-0.233
377.913,0.446,0.216,-0.865
377.933,0.758,0.462,-0.671
377.953,0.451,0.145,-0.654
377.973,0.491,0.542,-0.693
377.993,0.422,0.086,-1.063
378.013,0.421,0.433,-0.725
378.033,0.562,0.436,-0.958
378.053,0.613,0.372,-0.233
378.073,0.382,0.521,-0.575
378.093,0.373,0.188,-0.467
378.113,0.407,0.232,-0.844
378.133,0.222,0.139,-0.745
378.153,0.184,0.34,-0.226
378.173,0.554,0.316,-0.427
378.193,0.689,0.491,-0.559
378.213,0.674,0.402,-0.367
378.233,0.026,0.447,-0.238
378.253,0.454,0.284,-0.335
378.273,0.277,0.384,-0.436
378.293,0.518,0.682,-0.403
378.313,0.401,0.041,-0.701
378.333,0.607,-0.067,-0.581
378.353,0.499,0.422,-0.502
378.373,0.128,0.118,-0.566
378.393,0.339,0.019,-0.524
378.413,0.54,0.397,-0.649
378.433,0.559,0.091,-1.171
378.453,0.271,0.593,-0.491
378.473,0.231,0.324,-0.601
378.493,0.543,0.269,-0.597
378.513,0.257,0.135,-0.178
378.533,0.197,0.34,-0.543
378.553,0.456,-0.024,-0.767
378.573,0.442,-0.215,-0.479
378.593,0.372,-0.041,-0.611
378.613,0.408,0.484,-0.392
378.633,0.571,0.073,-0.727
378.653,0.432,-0.022,-0.767
378.673,0.596,0.23,-0.728
378.693,0.502,0.691,-0.951
378.713,0.606,0.465,-0.688
378.733,0.749,0.091,-0.277
378.753,0.747,0.091,-0.713
378.773,0.84,0.105,-0.809
378.793,0.735,0.085,-0.638
378.813,0.612,0.366,-0.51
378.833,0.481,0.189,-0.707
378.853,0.481,0.04,-0.547
378.873,0.387,-0.012,-0.512
378.893,0.559,0.721,-0.554
378.913,0.703,0.406,-0.568
378.933,0.416,0.087,-0.19
378.953,0.555,0.495,-0.498
378.973,0.428,0.028,-0.685
378.993,0.611,0.227,-0.363
379.013,0.468,0.202,-0.507
379.033,0.418,0.281,-0.486
379.053,0.43,0.064,-0.296
379.073,0.668,0.285,-0.238
379.093,0.579,-0.09,-0.731
379.113,0.521,0.188,-0.154
379.133,0.661,0.531,-0.514
379.153,0.513,0.458,-0.527
379.173,0.82,0.11,-0.726
379.193,0.423,-0.048,-0.376
379.213,0.565,-0.188,-0.816
379.233,0.319,0.37,-0.434
379.253,0.544,0.307,-0.214
379.273,0.3,0.313,-0.582
379.293,0.783,0.585,-0.303
379.313,0.793,0.29,-0.514
379.333,0.807,0.304,-0.798
379.353,0.663,-0.022,-0.512
379.373,0.484,0.573,-0.567
379.393,0.514,0.222,-0.359
379.413,0.992,0.087,-0.593
379.433,0.978,0.289,-0.406
379.453,0.733,0.652,-0.713
379.473,0.607,0.671,-0.405
379.493,0.986,0.036,-0.49
379.513,0.572,0.471,-0.501
379.533,0.733,0.305,-0.452
379.553,0.96,0.418,-0.518
379.573,0.524,0.255,-0.439
379.593,0.846,0.315,-0.527
379.613,0.777,0.474,-0.677
379.633,0.676,-0.154,-0.751
379.653,0.472,0.271,-0.582
379.673,0.525,-0.037,-0.542
379.693,0.737,0.088,-1.099
379.713,0.383,0.16,-0.485
379.733,0.695,-0.05,-0.058
379.753,0.781,0.035,-0.362
379.773,0.879,-0.105,-0.524
379.793,0.405,0.08,-0.633
379.813,0.953,0.305,-0.798
379.833,1.024,0.38,-0.277
379.853,0.771,0.053,-0.376
379.873,0.489,0.464,-0.703
379.893,0.618,0.306,-0.254
379.913,0.678,0.466,-0.284
379.933,0.769,-0.184,-0.595
379.953,0.714,0.236,-0.528
379.973,0.768,0.288,-0.421
379.993,0.686,-0.187,-0.358
380.013,0.77,0.636,-0.688
380.033,0.629,0.014,-0.354
380.053,0.653,0.242,-0.468
380.073,0.614,0.309,-0.262
380.093,1.122,0.137,-0.331
380.113,1.02,0.42,-0.476
380.133,0.842,0.542,-0.305
380.153,1.0,-0.071,-0.803
380.173,0.895,0.174,-0.584
380.193,0.771,0.319,-0.726
380.213,0.442,-0.184,-0.65
380.233,0.677,0.352,-0.643
380.253,0.657,0.476,-0.787
380.273,0.499,0.393,-0.339
380.293,0.423,0.226,-0.386
380.313,0.818,0.46,-0.635
380.333,0.781,0.222,-0.972
380.353,0.493,-0.126,-0.583
380.373,0.577,0.033,-0.49
380.393,0.976,0.097,-0.205
380.413,0.569,0.138,-0.586
380.433,0.789,0.131,-0.291
380.453,0.723,0.067,-0.577
380.473,0.876,0.188,-0.352
380.493,0.601,0.462,-0.288
380.513,0.792,0.207,-0.335
380.533,0.795,0.293,-0.64
380.553,0.793,-0.268,-0.52
380.573,0.772,0.198,-0.319
380.593,0.817,0.379,-0.765
380.613,1.197,0.401,-0.302
380.633,1.27,0.382,-0.689
380.653,0.639,0.198,-0.717
380.673,0.312,0.23,-0.568
380.693,0.87,-0.0,-0.601
380.713,0.785,0.318,-0.427
380.733,0.95,0.019,-0.411
380.753,0.763,0.278,-0.451
380.773,0.711,0.133,-0.655
380.793,0.909,0.138,-0.225
380.813,0.937,0.333,-0.447
380.833,0.398,0.234,-0.273
380.853,0.517,0.203,-0.931
380.873,0.66,0.053,-0.372
380.893,0.71,0.474,-0.588
380.913,0.654,0.211,-0.324
380.933,0.794,0.301,-0.119
380.953,0.91,0.168,-0.709
380.973,1.052,0.009,-0.302
380.993,0.818,0.228,-0.579
381.013,0.525,0.032,-0.82
381.033,0.664,0.234,-0.274
381.053,0.687,-0.497,-0.09
381.073,0.815,0.081,-0.027
381.093,0.774,0.153,-0.392
381.113,1.109,-0.014,-0.753
381.133,0.607,0.258,-0.504
381.153,0.766,0.092,-0.492
381.173,1.167,0.169,-0.273
381.193,0.598,0.055,-0.465
381.213,0.74,0.363,-0.878
381.233,0.522,0.288,-0.356
381.253,0.733,0.252,-0.476
381.273,0.585,0.187,-0.305
381.293,0.959,0.682,-0.441
381.313,0.773,0.144,-0.344
381.333,0.549,0.044,-0.457
381.353,0.904,-0.043,-0.388
381.373,0.771,0.382,-0.618
381.393,0.933,0.526,-0.374
381.413,0.513,0.045,-0.472
381.433,0.819,0.15,-0.327
381.453,0.892,0.151,-0.66
381.473,0.651,0.209,-0.158
381.493,0.489,-0.13,-0.4
381.513,0.754,0.367,-0.288
381.533,1.008,0.441,-0.453
381.553,0.99,-0.195,-0.338
381.573,0.674,0.528,-0.911
381.593,0.496,0.495,-0.487
381.613,0.671,-0.459,-0.618
381.633,0.668,-0.301,-0.531
381.653,0.838,0.108,-0.26
381.673,0.714,0.414,-0.79
381.693,0.594,0.219,-0.332
381.713,0.958,0.135,-0.388
381.733,0.767,0.24,-0.233
381.753,0.829,-0.037,-0.9
381.773,0.398,0.392,-0.376
381.793,0.256,0.116,-0.438
381.813,0.46,-0.189,-0.503
381.833,0.663,-0.019,-0.208
381.853,0.874,0.191,-0.926
381.873,0.277,0.05,-0.488
381.893,1.052,0.034,-0.307
381.913,0.782,0.155,-0.826
381.933,1.012,0.168,-0.362
381.953,0.572,-0.155,-0.415
381.973,0.837,0.34,-0.905
381.993,0.741,0.064,-0.265
382.013,0.892,0.173,-0.657
382.033,0.674,0.09,-0.158
382.053,0.829,-0.007,-0.366
382.073,0.954,0.261,-0.417
382.093,0.595,0.089,-0.289
382.113,0.761,0.087,-0.304
382.133,0.353,-0.434,-0.874
382.153,0.87,0.215,-0.832
382.173,1.119,0.018,-0.521
382.193,0.477,0.193,-0.705
382.213,0.71,0.373,-0.142
382.233,0.906,0.234,-0.657
382.253,0.737,0.08,-0.44
382.273,0.746,0.014,-0.332
382.293,0.642,0.577,0.016
382.313,0.632,0.148,-0.237
382.333,0.711,0.087,-0.597
382.353,0.753,-0.016,-0.361
382.373,0.509,-0.153,-0.34
382.393,0.734,-0.372,-0.345
382.413,1.057,0.318,-0.667
382.433,0.647,-0.146,-0.067
382.453,0.497,-0.03,-0.723
382.473,0.711,-0.0,-0.342
382.493,0.6,0.292,-0.649
382.513,0.458,-0.152,-0.401
382.533,0.743,0.033,-0.513
382.553,0.55,0.09,-0.736
382.573,0.569,-0.305,-0.963
382.593,0.715,-0.318,-0.278
382.613,0.373,-0.164,-0.567
382.633,0.333,0.021,-0.417
382.653,0.8,0.006,-0.07
382.673,0.274,-0.03,-0.296
382.693,0.467,0.121,-1.002
382.713,0.304,-0.182,-0.668
382.733,0.545,-0.057,-0.793
382.753,0.732,-0.032,-0.609
382.773,0.658,-0.176,-0.498
382.793,1.115,0.467,0.063
382.813,0.856,-0.411,-0.252
382.833,0.467,0.268,-0.388
382.853,0.413,0.164,-0.368
382.873,1.189,0.166,-0.378
382.893,0.85,0.015,-0.829
382.913,0.759,0.261,-0.766
382.933,0.642,-0.087,-0.391
382.953,0.674,0.097,-0.471
382.973,0.293,0.028,-0.395
382.993,0.606,-0.006,-0.136
383.013,0.598,0.054,-0.6
383.033,0.394,-0.165,-0.544
383.053,0.464,-0.096,-0.407
383.073,0.865,0.343,-0.799
383.093,0.547,0.614,-0.774
383.113,0.983,0.144,-0.194
383.133,0.221,0.202,-0.545
383.153,0.456,0.099,-0.571
383.173,0.271,0.132,-0.425
383.193,0.325,0.153,-0.825
383.213,0.396,0.268,-0.548
383.233,0.639,0.351,-0.603
383.253,0.627,-0.134,-0.433
383.273,0.443,0.626,-0.937
383.293,0.139,0.087,-0.693
383.313,0.886,0.077,-0.642
383.333,0.544,-0.014,-0.661
383.353,0.386,-0.004,-0.34
383.373,0.644,0.203,-0.695
383.393,0.638,0.209,0.048
383.413,0.528,0.185,-0.433
383.433,0.628,-0.016,-0.682
383.453,0.355,-0.446,-0.465
383.473,0.746,-0.27,-0.445
383.493,0.39,0.096,-0.658
383.513,0.464,0.17,-0.355
383.533,0.723,0.019,-0.801
383.553,0.828,-0.044,-0.49
383.573,0.905,0.149,-0.642
383.593,0.8,0.065,-0.553
383.613,0.527,-0.015,-0.571
383.633,0.28,-0.237,-0.625
383.653,0.866,-0.107,-0.212
383.673,0.854,0.253,-0.719
383.693,0.454,-0.133,-0.751
383.713,0.775,0.185,-0.615
383.733,0.533,0.325,-0.346
383.753,0.908,-0.128,-0.594
383.773,0.511,-0.064,-0.615
383.793,1.005,0.218,-0.73
383.813,0.767,0.275,-0.707
383.833,0.95,-0.103,-0.4
383.853,0.483,-0.31,-0.635
383.873,0.625,0.265,-0.572
383.893,0.347,0.133,-0.757
383.913,0.723,0.091,-0.463
383.933,0.74,0.206,-0.356
383.953,1.033,-0.225,-0.788
383.973,0.663,0.09,-0.796
383.993,0.709,-0.041,-0.786
384.013,0.485,0.146,-0.427
384.033,0.671,0.174,-0.818
384.053,0.487,0.215,-0.706
384.073,0.576,0.142,-0.833
384.093,0.587,0.063,-0.298
384.113,0.463,0.077,-0.755
384.133,0.539,0.09,-0.308
384.153,0.461,-0.111,-0.657
384.173,0.466,-0.057,-0.74
384.193,0.762,0.1,-0.486
384.213,0.581,0.142,-0.649
384.233,0.609,-0.136,-0.367
384.253,0.246,-0.22,-0.699
384.273,0.626,-0.345,-0.746
384.293,0.653,-0.262,-0.752
384.313,0.451,-0.121,-0.412
384.333,0.949,-0.102,-0.59
384.353,0.078,-0.083,-0.789
384.373,0.686,-0.269,-0.922
384.393,0.677,-0.396,-0.592
384.413,0.632,-0.007,-0.832
384.433,0.562,-0.009,-1.02
384.453,0.61,0.093,-0.438
384.473,0.668,0.108,-0.898
384.493,0.342,0.014,-1.012
384.513,0.561,-0.037,-0.692
384.533,0.461,0.11,-0.731
384.553,0.268,0.234,-0.834
384.573,0.641,-0.179,-0.609
384.593,0.385,0.113,-0.743
384.613,0.201,-0.184,-0.232
384.633,0.386,-0.0,-0.717
384.653,0.348,0.163,-0.921
384.673,0.71,-0.102,-0.618
384.693,0.532,-0.25,-0.592
384.713,0.782,-0.143,-0.739
384.733,0.377,-0.24,-1.014
384.753,0.709,-0.258,-0.376
384.773,1.113,0.207,-0.936
384.793,0.619,0.079,-0.507
384.813,0.709,-0.176,-0.441
384.833,0.665,-0.232,-0.745
384.853,0.243,-0.223,-0.5
384.873,0.662,-0.176,-0.483
384.893,0.62,0.2,-0.879
384.913,0.512,-0.063,-0.354
384.933,0.372,0.403,-0.59
384.953,0.678,-0.029,-1.088
384.973,0.341,-0.126,-0.621
384.993,0.961,0.165,-0.777
385.013,0.553,-0.346,-0.571
385.033,0.297,0.034,-0.789
385.053,0.453,-0.232,-0.792
385.073,0.496,-0.437,-0.875
385.093,1.03,-0.036,-0.616
385.113,0.367,0.16,-0.569
385.133,0.516,0.03,-0.679
385.153,0.435,0.017,-0.735
385.173,0.64,-0.501,-0.649
385.193,0.446,-0.015,-0.458
385.213,0.32,-0.018,-0.881
385.233,0.501,0.128,-0.915
385.253,0.481,-0.209,-0.889
385.273,0.42,0.175,-0.988
385.293,0.431,-0.095,-0.859
385.313,0.774,-0.035,-0.43
385.333,0.453,0.142,-1.014
385.353,0.283,-0.197,-0.732
385.373,0.426,0.205,-0.533
385.393,0.524,-0.25,-0.655
385.413,0.228,0.166,-0.48
385.433,0.821,-0.014,-0.766
385.453,0.679,0.012,-0.756
385.473,0.808,-0.572,-0.729
385.493,0.607,-0.097,-0.549
385.513,0.12,-0.024,-0.119
385.533,0.854,0.334,-0.658
385.553,0.376,0.003,-0.708
385.573,0.381,-0.115,-0.829
385.593,0.567,0.185,-0.29
385.613,0.819,-0.097,-0.718
385.633,0.754,0.206,-0.746
385.653,0.737,0.041,-0.668
385.673,0.495,-0.191,-0.27
385.693,0.489,0.163,-0.726
385.713,0.628,0.113,-0.606
385.733,0.525,0.171,-1.097
385.753,0.729,-0.044,-0.406
385.773,0.715,0.121,-0.661
385.793,0.656,0.378,-0.426
385.813,0.04,0.03,-0.478
385.833,0.562,-0.082,-0.568
385.853,0.517,0.298,-0.695
385.873,0.569,0.116,-0.601
385.893,0.387,-0.1,-0.893
385.913,0.274,0.334,-0.585
385.933,0.625,-0.257,-0.521
385.953,0.461,0.106,-0.606
385.973,0.648,0.246,-0.615
385.993,0.412,0.223,-0.742
386.013,0.847,-0.175,-0.661
386.033,0.755,-0.23,-0.846
386.053,0.607,0.081,-0.73
386.073,0.482,0.186,-0.203
386.093,0.683,-0.163,-0.606
386.113,0.582,0.11,-0.525
386.133,0.53,-0.253,-0.622
386.153,0.675,0.246,-0.61
386.173,0.749,-0.077,-0.594
386.193,0.208,0.002,-0.684
386.213,0.243,0.187,-0.522
386.233,0.289,0.169,-0.793
386.253,0.172,0.12,-0.955
386.273,0.464,0.256,-0.611
386.293,0.596,0.123,-0.411
386.313,0.485,0.334,-0.769
386.333,0.38,-0.305,-0.492
386.353,0.699,0.03,-0.521
386.373,0.494,0.007,-0.334
386.393,0.55,-0.03,-0.268
386.413,0.709,0.111,-0.514
386.433,0.436,0.06,-0.655
386.453,0.88,0.171,-0.947
386.473,0.382,-0.25,-0.435
386.493,0.865,0.458,-0.396
386.513,0.273,-0.082,-0.667
386.533,0.584,0.044,-0.553
386.553,0.359,-0.056,-0.834
386.573,0.71,-0.01,-0.751
386.593,0.402,-0.149,-0.89
386.613,0.571,0.012,-0.572
386.633,0.373,0.084,-0.708
386.653,0.712,-0.511,-0.39
386.673,0.395,-0.103,-0.588
386.693,0.869,-0.099,-0.567
386.713,0.334,0.436,-0.642
386.733,0.27,0.157,-0.337
386.753,0.735,0.279,-0.36
386.773,0.421,0.082,-0.675
386.793,0.541,-0.024,-0.596
386.813,0.489,0.038,-0.379
386.833,0.286,0.2,-0.904
386.853,0.543,0.32,-0.592
386.873,0.797,0.032,-0.72
386.893,0.751,-0.156,-0.354
386.913,0.625,0.166,-0.545
386.933,0.805,-0.194,-0.992
386.953,0.357,0.058,-0.747
386.973,0.513,0.128,-0.398
386.993,0.673,-0.031,-0.509
387.013,0.573,-0.196,-0.891
387.033,0.546,-0.109,-0.868
387.053,0.346,-0.082,-0.655
387.073,0.171,-0.225,-0.697
387.093,0.756,-0.09,-0.736
387.113,0.623,-0.294,-0.773
387.133,0.769,0.112,-0.803
387.153,0.471,0.047,-0.225
387.173,0.426,0.029,-0.737
387.193,0.578,-0.091,-0.793
387.213,0.758,-0.052,-0.562
387.233,0.528,-0.158,-0.703
387.253,0.745,0.129,-0.874
387.273,0.407,-0.251,-0.756
387.293,0.575,0.052,-0.741
387.313,0.596,-0.082,-0.64
387.333,0.841,0.396,-0.669
387.353,0.629,0.127,-0.928
387.373,0.934,0.019,-0.603
387.393,0.302,-0.202,-0.56
387.413,0.587,-0.266,-0.945
387.433,0.593,0.104,-0.885
387.453,0.686,0.364,-0.754
387.473,0.385,0.089,-0.673
387.493,0.884,0.032,-0.663
387.513,0.534,0.033,-0.725
387.533,0.314,0.006,-1.015
387.553,0.542,0.026,-0.507
387.573,0.485,-0.165,-0.902
387.593,1.117,-0.226,-0.447
387.613,0.77,-0.007,-0.481
387.633,0.574,0.264,-0.948
387.653,0.533,0.12,-0.668
387.673,0.753,-0.282,-0.469
387.693,0.756,-0.078,-0.625
387.713,-0.038,0.119,-1.089
387.733,0.672,0.274,-0.757
387.753,0.534,0.331,-0.585
387.773,0.273,-0.064,-0.425
387.793,0.73,0.134,-0.794
387.813,1.001,0.011,-1.118
387.833,0.66,-0.062,-0.344
387.853,0.774,-0.015,-0.799
387.873,0.921,-0.015,-0.488
387.893,0.395,0.213,-0.85
387.913,0.174,-0.293,-0.685
387.933,0.689,0.092,-0.945
387.953,0.518,0.295,-0.945
387.973,0.281,0.284,-0.45
387.993,0.512,0.122,-0.626
388.013,0.701,-0.139,-0.827
388.033,0.518,0.166,-0.631
388.053,0.376,0.274,-0.956
388.073,0.46,-0.092,-0.833
388.093,0.496,0.087,-0.82
388.113,0.119,-0.034,-1.007
388.133,0.496,-0.124,-1.032
388.153,0.252,-0.053,-1.248
388.173,0.634,0.041,-1.059
388.193,0.194,-0.169,-0.522
388.213,0.712,-0.202,-1.247
388.233,0.421,-0.156,-0.905
388.253,0.391,0.088,-0.868
388.273,0.56,-0.284,-0.942
388.293,0.336,-0.425,-0.722
388.313,0.57,0.312,-0.967
388.333,0.371,-0.163,-0.721
388.353,0.406,0.013,-0.796
388.373,0.618,0.22,-1.172
388.393,0.315,-0.247,-0.68
388.413,0.301,-0.264,-0.972
388.433,0.612,-0.105,-1.26
388.453,0.56,0.218,-0.804
388.473,0.615,0.011,-0.945
388.493,0.639,0.008,-0.541
388.513,0.593,-0.056,-0.666
388.533,0.69,0.123,-1.059
388.553,0.588,0.294,-0.686
388.573,0.148,0.602,-1.028
388.593,0.187,-0.019,-1.203
388.613,0.918,0.323,-0.993
388.633,0.551,0.208,-1.111
388.653,0.739,0.082,-0.851
388.673,0.488,-0.401,-0.463
388.693,0.56,-0.017,-0.832
388.713,0.479,-0.012,-0.756
388.733,1.08,0.134,-1.03
388.753,0.637,0.024,-0.956
388.773,0.469,-0.034,-0.718
388.793,0.257,0.473,-0.841
388.813,0.988,0.348,-0.959
388.833,0.558,-0.314,-0.638
388.853,0.73,0.035,-0.823
388.873,0.762,0.212,-0.438
388.893,0.487,0.36,-0.73
388.913,0.693,0.013,-1.085
388.933,0.449,0.059,-0.849
388.953,0.381,0.132,-1.127
388.973,0.818,0.249,-0.485
388.993,0.551,-0.177,-1.082
389.013,0.693,-0.29,-0.667
389.033,0.664,0.375,-0.7
389.053,0.711,-0.085,-1.024
389.073,0.29,0.538,-0.839
389.093,0.484,-0.082,-0.853
389.113,0.541,0.054,-0.723
389.133,0.426,0.173,-0.838
389.153,0.674,-0.335,-0.997
389.173,0.823,0.68,-0.764
389.193,0.866,0.012,-0.773
389.213,0.55,-0.084,-1.071
389.233,0.679,-0.167,-1.346
389.253,0.693,0.136,-0.772
389.273,0.716,0.107,-0.816
389.293,0.428,-0.188,-0.805
389.313,0.96,-0.218,-0.617
389.333,0.789,0.245,-0.711
389.353,0.798,-0.11,-0.632
389.373,0.849,-0.342,-0.709
389.393,0.718,-0.02,-0.844
389.413,0.407,-0.063,-1.14
389.433,0.572,0.392,-0.589
389.453,0.266,-0.097,-0.944
389.473,0.701,-0.047,-1.009
389.493,0.573,0.061,-0.758
389.513,0.588,-0.117,-1.238
389.533,0.832,0.074,-1.025
389.553,0.519,-0.218,-1.006
389.573,0.551,-0.073,-1.003
389.593,0.601,0.04,-0.476
389.613,0.218,0.196,-0.894
389.633,0.528,-0.149,-1.01
389.653,0.081,-0.14,-0.887
389.673,0.466,0.303,-0.72
389.693,0.738,-0.123,-1.27
389.713,0.659,-0.047,-0.89
389.733,0.44,0.311,-1.016
389.753,0.572,-0.031,-0.866
389.773,0.334,-0.094,-1.154
389.793,0.546,-0.074,-0.966
389.813,1.123,-0.19,-0.957
389.833,0.907,0.057,-1.18
389.853,0.564,-0.213,-0.558
389.873,0.592,0.12,-0.834
389.893,0.37,-0.045,-0.731
389.913,0.405,-0.004,-0.995
389.933,0.636,0.298,-0.894
389.953,0.457,-0.338,-1.168
389.973,0.74,-0.044,-1.058
389.993,0.867,0.089,-1.092
390.013,-5.752,8.1,3.128
390.033,2.993,8.421,-6.5
390.053,1.13,6.169,-5.842
390.073,0.102,13.04,0.611
390.093,2.921,10.759,7.254
390.113,5.675,7.423,-4.974
390.133,6.306,7.303,2.788
390.153,3.819,6.365,-0.609
390.173,5.418,5.79,-5.418
390.193,11.76,8.121,9.67
390.213,7.054,2.956,7.614
390.233,8.344,6.541,11.006
390.253,5.212,6.393,0.292
390.273,8.704,1.982,1.967
390.293,5.243,2.936,5.818
390.313,8.934,-5.004,8.093
390.333,12.394,-1.034,8.133
390.353,-0.059,-7.893,1.642
390.373,13.446,-1.775,10.148
390.393,13.693,-3.471,2.024
390.413,9.275,-1.237,8.258
390.433,5.661,-10.847,5.549
390.453,8.409,-11.727,12.222
390.473,3.388,-10.771,14.795
390.493,8.666,-4.584,8.028
390.513,-4.291,-8.489,11.24
390.533,0.179,-5.517,-1.392
390.553,2.609,-10.018,5.436
390.573,5.068,-10.236,0.673
390.593,5.567,-7.949,0.905
390.613,2.858,-2.384,1.88
390.633,0.854,-1.373,7.468
390.653,-2.981,-5.684,-2.239
390.673,-3.712,-6.385,5.819
390.693,1.835,-0.145,0.854
390.713,-2.039,-1.367,-1.278
390.733,-4.593,-5.831,-0.21
390.753,-0.659,-1.472,-4.979
390.773,1.419,-2.253,-4.701
390.793,-2.441,5.954,3.345
390.813,-9.572,-3.107,-2.945
390.833,-1.837,-2.64,2.065
390.853,-11.49,-6.927,-0.39
390.873,-10.044,0.799,1.403
390.893,-5.795,3.124,-7.222
390.913,-5.85,-0.49,-0.365
390.933,-1.648,1.338,-3.436
390.953,-8.96,10.301,-5.562
390.973,-9.188,2.282,-13.534
390.993,-7.636,7.155,-7.103
391.013,-4.076,7.928,-5.571
391.033,-9.478,12.627,-9.202
391.053,-8.497,8.144,-6.057
391.073,-4.638,12.619,-8.612
391.093,-12.919,11.872,-11.36
391.113,-1.839,5.461,-3.283
391.133,-2.078,6.944,-16.426
391.153,-5.06,11.229,-8.918
391.173,0.891,0.641,-10.417
391.193,-7.906,4.896,-15.557
391.213,-1.623,4.348,-11.891
391.233,-4.471,3.412,-13.048
391.253,-3.439,1.144,-8.555
391.273,5.742,1.186,-9.563
391.293,1.089,-0.499,-7.206
391.313,4.498,2.161,-3.502
391.333,0.79,-4.941,-5.606
391.353,2.796,-5.346,-6.511
391.373,0.369,-2.033,-7.887
391.393,10.939,3.671,0.848
391.413,8.538,-3.621,-3.976
391.433,8.984,-12.577,-1.449
391.453,5.516,-8.733,-4.537
391.473,14.592,-12.729,2.804
391.493,1.348,-8.915,1.031
391.513,9.425,-7.165,1.219
391.533,7.637,-10.527,-6.158
391.553,8.563,-16.258,-5.636
391.573,8.071,-12.854,4.735
391.593,2.23,-6.908,4.271
391.613,5.027,-7.233,4.335
391.633,14.792,-14.324,-8.132
391.653,4.618,-8.206,-3.26
391.673,9.002,-0.731,0.458
391.693,5.282,-7.577,9.156
391.713,6.233,-5.735,3.749
391.733,5.504,-4.051,-2.455
391.753,-0.165,-2.559,-2.83
391.773,10.038,-0.008,2.625
391.793,12.152,2.766,4.912
391.813,7.223,-4.092,10.704
391.833,-1.281,-2.624,4.076
391.853,9.61,-7.47,0.819
391.873,9.77,-2.483,4.806
391.893,-0.72,9.168,1.999
391.913,2.223,5.894,6.801
391.933,5.161,4.199,4.86
391.953,3.076,4.359,7.195
391.973,-1.517,12.47,9.816
391.993,-0.347,8.499,8.752
392.013,-6.231,6.224,9.742
392.033,-6.366,12.2,13.306
392.053,-3.137,6.899,11.026
392.073,-7.133,5.935,3.034
392.093,1.945,10.218,6.873
392.113,-7.647,6.897,7.65
392.133,-8.189,4.329,4.868
392.153,-8.763,12.967,0.656
392.173,-10.715,7.21,7.487
392.193,-4.36,8.701,2.897
392.213,-12.413,6.35,7.631
392.233,-13.277,11.515,2.543
392.253,-11.103,10.718,1.07
392.273,-6.611,-0.222,-6.923
392.293,-6.936,10.837,1.098
392.313,-12.458,4.405,-1.974
392.333,-8.686,-2.18,0.898
392.353,-6.991,-4.378,-3.06
392.373,-5.928,-2.379,9.443
392.393,-5.367,-1.244,-1.58
392.413,0.006,-6.862,-5.125
392.433,-4.47,-7.217,2.732
392.453,-0.613,1.589,-4.244
392.473,-7.613,-0.74,-6.382
392.493,-0.159,-8.081,-3.158
392.513,4.506,-10.019,-0.512
392.533,-6.595,-3.093,-4.969
392.553,1.81,-0.382,-6.395
392.573,-1.09,-11.983,-9.0
392.593,3.469,-6.966,-10.974
392.613,-0.939,-7.515,-15.801
392.633,-0.829,-7.616,-8.672
392.653,3.009,-6.89,-13.642
392.673,2.932,-11.372,-9.003
392.693,0.136,-10.283,-15.06
392.713,12.078,-11.746,1.619
392.733,4.833,-4.933,0.826
392.753,12.027,-7.587,-8.218
392.773,3.38,-2.923,-5.901
392.793,12.077,-10.206,-14.677
392.813,5.726,-3.572,-16.634
392.833,15.863,0.49,-4.72
392.853,8.838,6.023,-5.451
392.873,13.081,-8.1,-5.912
392.893,6.511,-2.381,-20.422
392.913,3.113,-0.187,-8.763
392.933,4.819,-0.991,1.131
392.953,5.157,2.045,-0.922
392.973,4.793,1.815,-19.396
392.993,6.991,4.799,-3.791
393.013,5.833,6.831,-1.017
393.033,6.145,3.809,-3.772
393.053,5.382,7.224,-3.385
393.073,-1.538,10.634,-1.721
393.093,-0.29,14.576,3.287
393.113,-1.521,8.786,-1.002
393.133,4.443,10.203,-2.075
393.153,-3.858,11.215,5.211
393.173,3.619,9.54,-3.712
393.193,2.99,4.37,3.575
393.213,0.129,3.923,7.108
393.233,-2.418,7.243,-1.349
393.253,-2.299,8.9,3.77
393.273,4.12,3.289,7.899
393.293,-5.386,7.169,8.19
393.313,-12.235,3.99,2.634
393.333,-6.007,6.106,7.047
393.353,-6.326,3.509,5.42
393.373,-0.859,2.162,12.065
393.393,-2.353,-7.22,1.063
393.413,-8.172,3.21,4.171
393.433,-10.67,2.789,-0.735
393.453,-0.975,-4.134,13.726
393.473,-8.802,1.181,8.383
393.493,-10.926,-5.253,6.08
393.513,-1.626,-7.715,0.114
393.533,-10.038,-5.034,12.81
393.553,-7.735,-0.076,4.348
393.573,-5.727,-3.344,10.815
393.593,-12.654,-14.555,0.789
393.613,-7.276,-8.173,7.51
393.633,-3.841,-13.64,2.666
393.653,-2.055,-1.662,10.98
393.673,1.622,-4.261,1.89
393.693,-3.154,-1.728,2.336
393.713,-0.475,-5.653,4.1
393.733,6.265,-3.136,0.199
393.753,2.29,-11.722,7.835
393.773,-2.249,-5.939,6.937
393.793,-1.432,-9.441,2.432
393.813,5.81,-11.988,3.447
393.833,-5.718,-8.08,11.261
393.853,1.123,0.522,-0.159
393.873,3.424,0.816,-6.404
393.893,2.42,-2.309,3.14
393.913,3.063,-4.379,-4.779
393.933,6.652,1.415,6.39
393.953,10.334,0.989,1.891
393.973,7.709,6.63,1.676
393.993,10.575,8.126,-2.851
394.013,0.826,11.312,-3.951
394.033,15.857,2.594,0.14
394.053,15.909,3.26,-15.588
394.073,7.309,-1.199,-1.736
394.093,5.37,11.517,-6.712
394.113,11.316,7.23,-8.638
394.133,8.781,11.853,-11.886
394.153,1.46,14.716,-4.098
394.173,5.618,14.146,-14.724
394.193,6.639,4.91,-7.812
394.213,11.918,13.969,-8.516
394.233,14.165,4.116,-5.268
394.253,9.212,3.827,-10.64
394.273,3.876,-0.371,-8.285
394.293,4.606,8.446,-10.797
394.313,8.293,6.612,-7.361
394.333,9.879,2.147,-13.577
394.353,3.883,3.853,-11.319
394.373,4.85,4.295,-8.624
394.393,1.239,0.23,-8.597
394.413,5.269,5.121,-10.333
394.433,0.375,4.506,-7.31
394.453,-1.449,-6.268,-7.702
394.473,1.787,3.447,-5.004
394.493,-7.314,-0.525,-16.194
394.513,-1.288,-0.125,-1.46
394.533,-3.113,-2.252,-1.212
394.553,-5.899,-10.607,-4.199
394.573,-4.905,1.04,-5.031
394.593,-5.213,-8.541,-0.538
394.613,-10.671,-7.431,-1.364
394.633,-12.778,-9.598,-3.751
394.653,-6.037,-13.997,-3.575
394.673,-6.35,-4.027,-3.246
394.693,-10.658,-9.21,-3.764
394.713,-14.999,-7.785,-1.474
394.733,-4.427,-12.635,6.536
394.753,-9.224,-10.863,3.894
394.773,-8.906,-4.369,-2.017
394.793,-6.992,-11.32,10.273
394.813,-16.544,-10.119,2.747
394.833,-4.665,-8.914,3.273
394.853,-7.016,-3.829,-3.203
394.873,-7.681,-2.114,0.32
394.893,-2.249,-10.789,8.208
394.913,-1.503,-0.124,0.045
394.933,-3.248,1.491,5.66
394.953,-3.211,2.824,1.525
394.973,6.092,-5.962,9.111
394.993,-3.529,5.344,10.448
395.013,0.31,-2.88,3.153
395.033,1.727,0.638,6.857
395.053,0.69,11.174,3.694
395.073,1.84,8.207,5.064
395.093,-1.841,8.747,10.83
395.113,2.122,7.252,1.927
395.133,4.877,5.668,8.162
395.153,6.724,4.189,9.666
395.173,1.747,7.894,7.928
395.193,8.033,14.347,5.131
395.213,9.29,9.292,7.719
395.233,2.617,7.056,7.537
395.253,10.694,5.21,5.779
395.273,5.448,6.876,2.542
395.293,8.787,6.056,9.52
395.313,6.205,8.094,0.817
395.333,11.811,5.673,9.415
395.353,-2.437,12.052,11.332
395.373,8.681,7.273,-2.233
395.393,4.69,2.77,2.477
395.413,8.549,1.127,8.962
395.433,9.515,8.317,10.122
395.453,5.94,5.971,3.53
395.473,2.874,9.136,3.006
395.493,5.849,-3.957,-4.047
395.513,5.75,7.037,7.061
395.533,2.372,-3.376,5.683
395.553,2.025,-4.227,-3.413
395.573,3.785,-3.622,11.342
395.593,-0.845,-3.363,3.073
395.613,0.444,-2.618,-4.99
395.633,-1.95,-2.907,-11.103
395.653,3.572,-16.302,-9.488
395.673,3.67,-8.004,-7.202
395.693,5.178,-0.218,-7.03
395.713,6.391,-7.889,-5.85
395.733,-5.967,-10.181,-10.327
395.753,-5.512,-7.768,-2.751
395.773,-11.427,-7.054,-10.095
395.793,-2.694,-8.41,-3.188
395.813,1.136,-9.594,-8.903
395.833,-8.552,-4.016,2.665
395.853,-2.19,-3.585,-14.546
395.873,-7.592,-6.085,-9.644
395.893,-1.222,-12.209,-1.144
395.913,-8.466,0.525,-11.412
395.933,-6.567,-9.11,-13.02
395.953,-9.369,-8.45,-7.17
395.973,-3.295,-10.747,-9.103
395.993,-4.959,-0.26,-2.55
396.013,-9.117,-5.811,-3.74
396.033,-8.688,-6.706,-5.032
396.053,-6.946,4.58,-9.768
396.073,3.865,1.373,-14.359
396.093,-4.107,11.843,-11.844
396.113,-4.531,10.429,-7.556
396.133,-10.881,1.525,-1.811
396.153,-11.044,7.569,-9.438
396.173,-4.424,13.646,-2.512
396.193,0.536,3.01,-7.087
396.213,6.115,8.617,-3.782
396.233,-5.324,10.112,1.762
396.253,-5.213,10.159,-12.456
396.273,-1.404,4.188,-2.911
396.293,-3.578,8.345,-7.755
396.313,6.073,9.443,-1.063
396.333,3.523,7.781,0.588
396.353,1.519,6.808,0.147
396.373,3.151,7.418,5.305
396.393,8.393,6.319,4.085
396.413,7.645,8.329,1.01
396.433,8.368,10.342,0.538
396.453,11.184,3.638,7.137
396.473,5.677,4.531,12.686
396.493,5.24,6.519,11.942
396.513,6.068,6.328,7.375
396.533,0.108,-2.602,6.246
396.553,7.048,-3.101,7.637
396.573,10.702,0.749,13.155
396.593,2.936,-5.208,9.541
396.613,10.497,-2.977,5.838
396.633,13.134,-3.573,13.367
396.653,11.595,-0.406,5.866
396.673,3.171,-7.519,12.174
396.693,9.44,-0.692,3.143
396.713,10.738,-5.918,10.417
396.733,6.282,-1.612,7.361
396.753,2.793,-11.138,16.624
396.773,7.426,-8.034,5.474
396.793,1.225,-17.483,2.977
396.813,9.421,-7.742,4.083
396.833,8.647,-3.453,7.095
396.853,3.019,-17.533,3.399
396.873,5.103,-9.966,2.235
396.893,0.709,-12.559,1.707
396.913,5.712,-6.985,2.661
396.933,-2.577,-7.067,4.287
396.953,-3.641,-8.831,2.37
396.973,-4.221,-6.381,4.367
396.993,2.793,-9.506,0.103
397.013,-1.259,-5.953,5.562
397.033,-13.748,2.048,-3.58
397.053,2.295,2.222,5.947
397.073,-3.99,-2.0,2.786
397.093,-9.871,-2.94,-3.268
397.113,-7.068,6.545,-2.671
397.133,-4.781,1.222,-5.18
397.153,-7.434,6.563,-2.768
397.173,-10.828,6.162,-4.022
397.193,-7.316,-2.189,-4.563
397.213,-9.271,9.801,-8.526
397.233,-11.062,12.421,-1.998
397.253,-11.575,9.534,2.393
397.273,-8.773,10.249,-10.081
397.293,-17.761,3.265,-7.196
397.313,-7.92,6.422,-8.681
397.333,-1.96,9.295,-11.415
397.353,-6.726,7.952,-12.119
397.373,-8.598,11.395,-7.483
397.393,-10.55,15.233,-4.309
397.413,-11.856,8.184,-10.671
397.433,-10.353,3.536,-5.867
397.453,-8.333,6.045,-0.031
397.473,-2.478,13.923,-0.358
397.493,-1.035,0.301,-10.373
397.513,-1.398,8.886,-2.432
397.533,-5.163,-0.616,-13.505
397.553,-1.436,2.197,-9.047
397.573,-0.68,5.841,-9.881
397.593,-6.32,1.78,-10.324
397.613,5.773,3.057,-3.222
397.633,-1.416,4.68,-2.111
397.653,12.95,-2.151,-4.082
397.673,7.122,-6.966,-9.949
397.693,2.029,-1.705,3.962
397.713,10.364,-5.008,2.263
397.733,7.077,-6.458,-3.959
397.753,3.977,-5.633,-2.563
397.773,12.9,-11.703,0.698
397.793,9.286,-7.149,-5.567
397.813,4.131,-7.58,2.463
397.833,14.275,-8.077,-1.127
397.853,6.275,-6.523,-5.014
397.873,8.489,-12.595,-6.329
397.893,11.168,-12.097,1.831
397.913,7.31,-2.828,-4.415
397.933,10.591,-11.468,3.244
397.953,6.829,-5.067,7.22
397.973,2.291,3.568,4.955
397.993,7.512,-5.786,-3.927
398.013,8.7,-4.877,7.146
398.033,7.882,-3.726,-0.445
398.053,9.976,4.584,-1.339
398.073,-0.052,-1.106,0.427
398.093,0.335,0.14,9.179
398.113,7.755,-0.466,10.005
398.133,6.744,-6.77,10.997
398.153,-6.798,0.798,10.123
398.173,2.757,2.571,1.712
398.193,7.708,9.983,9.636
398.213,-1.932,10.475,11.669
398.233,-5.816,0.547,4.337
398.253,-4.526,8.36,8.316
398.273,-11.711,5.847,10.794
398.293,-0.918,11.773,17.594
398.313,-5.818,6.996,10.864
398.333,-8.249,6.075,2.443
398.353,-3.336,5.039,2.214
398.373,-2.928,6.275,3.817
398.393,-11.506,7.892,5.301
398.413,-11.971,3.166,7.348
398.433,-1.906,7.02,-2.372
398.453,-7.926,2.844,12.206
398.473,-7.465,9.197,-2.23
398.493,-1.111,12.011,7.776
398.513,-9.45,7.671,2.427
398.533,-3.578,4.59,-3.898
398.553,-2.024,5.789,-2.43
398.573,-9.095,1.783,0.097
398.593,-9.933,6.398,0.286
398.613,-4.265,6.06,4.653
398.633,-11.919,3.642,-1.48
398.653,-10.881,6.749,1.226
398.673,1.638,2.754,-12.574
398.693,-2.817,4.586,-3.246
398.713,-2.807,-3.127,-0.01
398.733,-4.621,-6.474,-5.517
398.753,-1.757,-2.902,-8.347
398.773,3.632,6.091,-7.699
398.793,-2.565,-3.887,-9.149
398.813,-2.626,-14.481,-10.274
398.833,6.697,0.637,4.459
398.853,-1.037,-7.576,-7.749
398.873,0.729,-12.376,-6.87
398.893,8.167,-8.605,-11.255
398.913,6.944,-8.578,4.191
398.933,7.657,-5.609,-3.942
398.953,3.571,-9.455,-4.136
398.973,3.569,-8.775,-9.273
398.993,6.842,-7.183,-6.866
399.013,6.905,-8.689,-12.528
399.033,3.378,-1.235,-11.468
399.053,9.173,-10.675,-1.939
399.073,-0.906,-4.645,-7.396
399.093,9.056,-7.61,-5.031
399.113,1.071,-4.227,-8.298
399.133,14.338,0.444,-10.874
399.153,8.52,-1.973,-10.819
399.173,-1.943,-6.002,-9.536
399.193,9.901,-1.39,-13.255
399.213,12.158,6.37,-4.133
399.233,-1.673,10.732,-6.545
399.253,12.956,-1.742,-10.909
399.273,9.656,8.53,-9.25
399.293,8.789,-2.449,-10.343
399.313,4.348,13.57,1.087
399.333,3.248,10.909,0.193
399.353,0.373,9.739,1.058
399.373,8.682,3.937,1.124
399.393,5.925,2.191,-0.466
399.413,-2.755,4.265,2.162
399.433,0.385,0.998,-6.502
399.453,6.404,4.431,-0.14
399.473,-1.678,6.084,3.697
399.493,-1.24,10.349,4.148
399.513,-9.131,10.802,1.356
399.533,1.727,12.447,-1.01
399.553,-9.371,6.86,5.036
399.573,-7.282,4.19,4.394
399.593,-1.501,3.524,5.441
399.613,-5.286,6.973,1.717
399.633,-9.373,2.935,5.954
399.653,-9.781,-3.857,10.5
399.673,-7.312,0.165,8.91
399.693,-12.555,-0.868,11.467
399.713,-6.944,-0.091,7.09
399.733,-8.06,-6.053,7.557
399.753,-1.327,-4.244,3.282
399.773,-13.028,-4.785,6.155
399.793,-5.264,1.75,8.729
399.813,-4.661,-4.721,2.174
399.833,-6.92,-6.889,8.745
399.853,-7.912,-2.822,3.919
399.873,-0.415,0.033,10.927
399.893,-6.197,6.339,5.032
399.913,-6.25,-6.345,2.176
399.933,-7.717,-12.803,8.985
399.953,-10.132,-11.677,7.074
399.973,1.668,-10.201,9.621
399.993,0.263,-11.018,1.373
400.013,-1.994,-12.255,11.786
400.033,-4.005,1.554,4.521
400.053,4.212,-16.109,-0.855
400.073,9.399,-0.035,-1.618
400.093,1.964,-11.719,2.162
400.113,13.127,2.943,-3.392
400.133,1.831,-0.289,5.025
400.153,0.674,-5.106,2.411
400.173,7.642,-3.534,1.627
400.193,4.69,-0.773,-2.398
400.213,9.486,-1.372,-3.879
400.233,11.059,-5.441,-4.869
400.253,7.39,5.595,-0.955
400.273,-0.178,2.706,-1.47
400.293,4.874,0.7,-4.31
400.313,10.592,2.972,-8.883
400.333,5.788,2.774,-0.453
400.353,11.662,7.34,-6.607
400.373,9.567,9.305,-4.801
400.393,3.479,-0.69,-3.868
400.413,7.459,9.923,-5.429
400.433,9.983,6.916,-7.579
400.453,8.844,5.468,-3.949
400.473,6.363,10.308,-5.11
400.493,6.27,7.907,-6.631
400.513,4.278,2.024,-8.59
400.533,8.793,6.444,-5.289
400.553,9.834,6.868,-11.111
400.573,14.46,6.51,-6.965
400.593,1.628,4.51,-6.75
400.613,3.341,5.988,-5.053
400.633,-9.086,0.881,-6.257
400.653,0.484,-2.551,-9.306
400.673,-2.239,4.525,-3.502
400.693,3.945,-3.134,-4.471
400.713,-8.032,6.227,-12.737
400.733,0.232,8.659,-5.733
400.753,-2.237,1.109,-5.951
400.773,-0.628,1.871,-2.617
400.793,-2.221,-9.085,-2.503
400.813,-4.933,-1.252,-5.725
400.833,-5.595,-5.815,-8.37
400.853,0.942,-6.661,-6.447
400.873,-2.42,-5.697,-2.458
400.893,-6.166,1.361,-3.197
400.913,-4.547,-4.542,-1.427
400.933,-1.667,1.088,1.01
400.953,-5.628,-13.5,-0.874
400.973,-13.425,-7.311,-2.008
400.993,-1.927,-0.808,-3.577
401.013,-3.356,-8.374,-10.961
401.033,-4.307,-8.017,-1.332
401.053,-8.198,-1.551,0.537
401.073,-5.445,-0.215,-2.016
401.093,-0.751,-2.063,4.565
401.113,-7.251,-2.778,-0.217
401.133,-6.474,-3.134,2.814
401.153,-2.701,-2.189,2.305
401.173,-4.187,-6.801,10.991
401.193,2.186,-7.617,10.523
401.213,-3.213,-4.471,7.866
401.233,5.277,-3.992,5.669
401.253,-4.244,1.441,7.775
401.273,-4.631,-5.592,5.968
401.293,0.407,-4.855,10.23
401.313,-4.558,3.265,9.73
401.333,2.023,1.384,10.167
401.353,1.968,8.756,8.436
401.373,5.319,-0.645,9.178
401.393,-3.095,3.428,10.925
401.413,11.523,11.662,16.84
401.433,7.88,10.603,11.478
401.453,2.856,5.612,2.082
401.473,8.509,14.22,6.817
401.493,5.652,7.034,4.245
401.513,8.268,10.301,6.637
401.533,12.571,6.4,5.849
401.553,10.707,4.043,5.216
401.573,11.756,12.909,7.532
401.593,4.562,2.365,4.856
401.613,17.107,7.888,7.944
401.633,6.39,2.894,2.951
401.653,7.85,6.39,-0.014
401.673,11.814,6.426,2.883
401.693,2.667,7.921,0.548
401.713,7.419,5.002,5.997
401.733,7.015,-0.148,4.176
401.753,3.324,-3.87,5.204
401.773,12.474,0.283,-3.795
401.793,7.483,0.055,-6.754
401.813,4.456,-0.079,5.966
401.833,10.238,-2.987,-6.281
401.853,11.032,-5.431,0.838
401.873,-4.849,-6.632,-0.882
401.893,3.674,-9.1,-3.703
401.913,-1.693,-4.409,-5.147
401.933,5.034,-9.303,-8.898
401.953,-1.087,-10.423,-0.772
401.973,5.751,-4.988,-3.116
401.993,-1.251,-12.906,4.842
402.013,-3.102,-13.395,-7.418
402.033,-2.794,-9.96,-7.385
402.053,-2.896,-12.626,-12.194
402.073,-6.426,-15.729,-5.308
402.093,-3.09,-10.319,-16.71
402.113,-10.713,-7.219,-15.151
402.133,-5.551,-11.704,-7.766
402.153,-0.177,-3.311,-6.512
402.173,-5.646,-1.064,-11.064
402.193,-4.857,-2.257,-13.237
402.213,-11.489,-3.652,-8.584
402.233,-4.533,-7.469,-11.079
402.253,-0.16,-5.476,-11.48
402.273,-1.241,-4.968,-6.386
402.293,-7.385,-3.736,4.051
402.313,-0.954,0.124,-10.063
402.333,-10.446,7.155,-7.468
402.353,-0.676,-3.721,-6.526
402.373,4.956,1.117,-10.227
402.393,-5.77,3.41,-6.642
402.413,-2.31,4.685,-6.322
402.433,-8.475,7.294,-5.916
402.453,-5.935,5.04,-6.803
402.473,-4.524,9.528,-2.575
402.493,0.418,11.632,-3.778
402.513,4.264,14.214,-11.547
402.533,4.4,2.53,6.592
402.553,3.144,6.202,-5.456
402.573,4.258,7.441,-5.534
402.593,0.023,6.014,-9.158
402.613,0.689,7.213,7.416
402.633,8.84,6.976,-3.184
402.653,0.923,8.176,-5.761
402.673,2.625,7.823,-0.53
402.693,9.275,11.817,5.563
402.713,0.645,4.785,1.147
402.733,11.334,7.018,-3.605
402.753,-0.808,4.066,3.249
402.773,6.562,4.501,0.863
402.793,3.243,0.803,8.162
402.813,11.539,6.362,3.98
402.833,1.222,-0.237,7.805
402.853,2.513,4.365,9.999
402.873,12.816,1.385,7.319
402.893,11.278,-5.752,7.684
402.913,3.282,0.336,9.003
402.933,11.593,-2.681,8.372
402.953,11.7,-9.881,2.896
402.973,5.739,-9.574,1.691
402.993,8.829,-8.457,17.23
403.013,5.853,-7.314,16.153
403.033,6.837,-7.361,0.151
403.053,2.822,-9.327,4.23
403.073,9.265,-1.535,8.269
403.093,7.158,-7.921,7.38
403.113,6.891,-6.058,6.874
403.133,6.946,-9.162,1.691
403.153,-1.234,-6.192,3.703
403.173,1.855,-9.97,9.749
403.193,-2.979,-4.97,4.78
403.213,-2.462,-12.188,2.022
403.233,1.544,-6.608,-0.636
403.253,0.366,-4.349,6.535
403.273,0.297,-4.083,2.8
403.293,-12.358,-7.158,0.004
403.313,-2.869,-3.369,3.155
403.333,-6.3,2.333,-0.406
403.353,3.759,-7.701,-7.657
403.373,-7.275,0.595,1.934
403.393,-4.424,-1.056,11.322
403.413,-6.533,11.259,-7.21
403.433,-8.411,4.643,-0.797
403.453,-13.642,8.426,-5.971
403.473,-9.292,4.681,1.103
403.493,-1.452,-0.134,-4.117
403.513,-6.156,10.523,-2.144
403.533,-9.771,1.903,-12.869
403.553,-10.479,5.467,-7.778
403.573,-9.334,9.791,-13.285
403.593,-12.204,11.475,-9.167
403.613,-9.758,9.551,-6.089
403.633,-5.442,9.396,-5.892
403.653,-7.061,9.191,-7.943
403.673,-4.249,9.529,-6.517
403.693,0.3,2.823,-9.998
403.713,-2.103,10.357,-13.515
403.733,-1.55,3.649,-8.014
403.753,-2.141,1.91,-9.257
403.773,4.474,11.018,-1.664
403.793,-5.073,1.322,-4.015
403.813,1.346,6.0,-3.63
403.833,-1.769,-2.939,-10.717
403.853,2.679,5.382,-8.046
403.873,-0.087,-1.162,-6.388
403.893,5.155,5.309,-11.609
403.913,4.02,4.093,-11.56
403.933,9.959,-1.519,-9.849
403.953,2.863,-3.291,-9.115
403.973,1.331,-8.752,-3.354
403.993,7.767,-2.423,-4.124
404.013,5.604,-10.871,-5.127
404.033,11.21,-7.568,-3.836
404.053,2.737,-1.552,-4.245
404.073,12.531,-8.965,-4.434
404.093,5.629,-14.376,-3.898
404.113,17.196,-10.067,-8.895
404.133,13.034,-4.108,-2.352
404.153,8.41,-3.881,-2.11
404.173,4.411,-12.125,-3.051
404.193,2.272,-11.538,-1.962
404.213,13.265,-6.12,1.278
404.233,10.76,-6.035,0.175
404.253,11.242,-6.084,5.447
404.273,0.211,-11.657,-2.767
404.293,10.82,-7.804,7.434
404.313,-0.386,-8.274,9.743
404.333,5.422,-6.957,8.061
404.353,2.092,-6.592,-3.783
404.373,2.526,-4.019,6.52
404.393,-2.636,2.398,1.091
404.413,3.14,4.335,2.66
404.433,3.206,-1.016,5.377
404.453,-0.166,2.109,7.414
404.473,3.049,1.722,10.287
404.493,-8.617,8.762,8.031
404.513,0.144,9.293,5.023
404.533,1.94,3.639,13.954
404.553,-2.204,8.36,11.647
404.573,-1.761,11.877,0.904
404.593,-9.442,6.285,-0.322
404.613,-10.163,2.627,0.816
404.633,-11.04,12.899,5.087
404.653,0.525,14.155,4.669
404.673,-10.145,8.364,-0.727
404.693,-8.528,13.247,11.408
404.713,-8.629,3.0,0.603
404.733,-4.947,6.752,3.22
404.753,-7.995,2.653,3.087
404.773,-6.582,7.422,8.266
404.793,-6.712,7.834,6.408
404.813,-6.454,9.674,-4.191
404.833,-4.341,4.925,-4.5
404.853,-7.618,6.052,2.796
404.873,-1.804,-9.183,3.336
404.893,-7.284,-4.812,2.686
404.913,-16.876,7.705,2.571
404.933,-1.596,3.987,5.19
404.953,-10.626,-8.482,2.898
404.973,3.877,-10.539,3.095
404.993,4.978,-3.3,-0.573
405.014,-7.286,-6.769,7.164
405.034,-5.629,-10.258,0.27
405.054,6.573,-3.693,-4.962
405.074,2.176,0.92,-0.592
405.094,1.339,-5.531,-7.98
405.114,12.122,-9.461,-3.945
405.134,1.558,-5.468,-4.689
405.154,8.294,-2.275,-3.355
405.174,8.284,-6.889,-11.783
405.194,4.97,-11.161,-3.02
405.214,6.374,-5.368,-8.331
405.234,-0.57,-2.493,-3.172
405.254,7.262,-11.089,-8.291
405.274,7.213,-12.238,-7.358
405.294,7.694,-9.139,-10.032
405.314,4.141,-11.53,-10.366
405.334,6.859,-5.185,-7.077
405.354,8.217,-9.448,-10.115
405.374,8.289,-9.224,-15.119
405.394,15.742,-6.311,-8.823
405.414,10.639,0.057,-18.5
405.434,3.775,-5.653,-12.251
405.454,1.307,0.004,-11.787
405.474,9.946,-2.767,-5.009
405.494,10.431,3.663,2.856
405.514,15.864,2.978,-8.205
405.534,11.701,4.286,-4.98
405.554,7.9,7.311,-0.788
405.574,5.913,8.466,-4.301
405.594,7.363,7.363,-11.341
405.614,9.258,-3.385,-6.786
405.634,2.644,-1.215,-1.958
405.654,3.598,3.352,-0.351
405.674,-5.752,7.559,5.885
405.694,-5.819,7.119,0.047
405.714,3.334,10.07,5.434
405.734,-1.899,12.484,-3.348
405.754,0.307,1.118,-9.024
405.774,5.067,5.919,1.612
405.794,1.305,-0.39,11.74
405.814,-5.741,6.326,-0.575
405.834,-13.118,3.772,11.021
405.854,-2.013,5.781,6.804
405.874,-6.221,4.018,2.8
405.894,-5.985,6.084,3.298
405.914,-11.392,-7.593,6.825
405.934,2.178,1.938,-2.128
405.954,-8.154,3.58,5.203
405.974,-14.373,-8.298,8.295
405.994,-11.772,-2.86,7.434
406.014,-7.223,-2.138,8.261
406.034,-7.968,2.164,7.911
406.054,-11.705,-2.645,8.043
406.074,-8.378,-0.12,6.639
406.094,-9.51,-5.282,1.375
406.114,-4.94,-5.659,10.548
406.134,-5.853,-3.192,6.359
406.154,-0.979,-1.111,6.973
406.174,-9.282,-2.358,8.56
406.194,-13.495,0.006,2.053
406.214,-8.672,-8.199,6.764
406.234,6.477,-7.222,9.343
406.254,2.59,-6.466,6.635
406.274,4.439,-13.196,8.373
406.294,-2.794,-7.741,-0.533
406.314,0.731,-2.806,5.677
406.334,-5.381,-10.204,4.172
406.354,-3.48,-6.99,0.887
406.374,-0.373,-13.365,1.565
406.394,7.406,-0.596,3.125
406.414,8.321,-2.58,2.307
406.434,4.499,-1.731,7.311
406.454,6.196,1.734,0.355
406.474,5.68,-3.621,3.809
406.494,5.149,4.878,0.056
406.514,5.215,1.43,-3.28
406.534,10.351,-5.775,-2.661
406.554,4.56,1.698,-4.396
406.574,18.38,0.078,-0.208
406.594,7.251,4.044,-0.899
406.614,1.916,7.006,-10.477
406.634,7.67,1.896,-5.413
406.654,14.026,4.24,-2.354
406.674,4.458,4.873,-8.309
406.694,10.979,11.32,-6.182
406.714,13.849,5.53,-3.439
406.734,10.643,9.786,-8.899
406.754,11.71,13.538,-3.421
406.774,10.429,6.516,-7.116
406.794,6.218,7.172,-5.022
406.814,1.285,7.221,-5.137
406.834,8.999,4.364,-13.59
406.854,6.854,9.083,-2.868
406.874,5.708,2.181,-2.71
406.894,9.734,5.791,-9.058
406.914,-0.529,-3.648,-4.631
406.934,0.585,1.808,-7.81
406.954,2.679,2.029,-6.495
406.974,6.222,5.629,-1.226
406.994,5.461,-3.181,-5.854
407.014,1.742,-2.27,-10.718
407.034,1.26,-2.068,-8.234
407.054,-0.18,-1.321,-9.1
407.074,-4.351,5.43,-8.953
407.094,-2.646,-5.475,-5.836
407.114,-12.439,-9.439,-7.295
407.134,-11.394,-5.673,-3.114
407.154,4.845,-8.791,-3.415
407.174,-5.164,-8.025,-2.278
407.194,-0.381,-4.759,-4.803
407.214,-13.82,-2.961,-1.486
407.234,-7.102,-1.689,-2.715
407.254,-3.124,-7.763,-1.255
407.274,-13.387,-8.724,-2.377
407.294,-13.27,-11.205,-2.954
407.314,-12.094,-13.22,-2.372
407.334,-1.235,-11.339,5.101
407.354,-9.575,-12.262,7.581
407.374,-5.699,-13.331,1.118
407.394,-7.557,-2.676,1.71
407.414,-10.567,-12.022,-5.743
407.434,-8.21,-12.041,2.795
407.454,-7.814,-4.477,-1.469
407.474,-6.13,1.903,9.297
407.494,-4.059,-1.611,-0.485
407.514,-1.947,-11.325,8.581
407.534,-9.579,1.828,12.796
407.554,1.32,0.144,8.279
407.574,-5.053,-1.236,1.767
407.594,-4.608,5.673,5.024
407.614,1.08,2.204,6.118
407.634,2.69,-0.083,9.842
407.654,3.534,8.575,0.066
407.674,3.237,3.1,3.459
407.694,-4.343,-0.613,15.588
407.714,4.114,2.152,12.548
407.734,3.103,4.624,7.468
407.754,-3.549,7.535,2.954
407.774,2.39,17.281,4.983
407.794,10.332,17.796,9.811
407.814,5.675,12.997,5.947
407.834,11.414,15.955,5.165
407.854,6.396,4.206,11.707
407.874,7.813,3.158,6.595
407.894,13.449,3.671,2.253
407.914,10.365,4.716,8.365
407.934,9.261,10.551,3.781
407.954,8.931,9.434,0.666
407.974,5.878,6.493,3.428
407.994,12.153,6.178,8.321
408.014,10.371,0.891,4.709
408.034,13.402,7.963,1.662
408.054,8.062,-10.058,-2.947
408.074,7.209,-1.987,5.02
408.094,6.752,-2.696,1.495
408.114,-0.699,-4.609,-2.553
408.134,5.672,-2.93,2.425
408.154,-5.129,2.422,2.696
408.174,1.59,-2.005,-9.033
408.194,4.916,-0.887,-10.253
408.214,0.143,-7.944,-5.102
408.234,-5.942,-5.708,-2.633
408.254,-0.069,-7.424,-5.344
408.274,2.015,-3.361,-1.369
408.294,-5.801,-4.427,-1.444
408.314,-1.675,-12.488,-11.196
408.334,-5.509,-2.631,-9.696
408.354,0.392,-10.177,-11.163
408.374,5.841,-5.089,-10.966
408.394,-7.84,-5.142,-8.96
408.414,-12.83,-10.408,-10.173
408.434,-5.434,-9.52,-9.236
408.454,-8.379,-8.649,-13.768
408.474,-2.545,2.035,-0.644
408.494,-10.992,-10.61,-10.636
408.514,-6.19,-5.481,-8.431
408.534,-5.621,-5.265,-2.904
408.554,-6.281,-4.204,-11.611
408.574,-6.159,2.602,-0.174
408.594,-2.257,1.96,-6.084
408.614,-1.821,-4.974,-4.975
408.634,-6.081,-5.505,-3.638
408.654,-3.017,0.252,-5.495
408.674,1.453,-0.952,-7.924
408.694,-10.276,10.616,-2.318
408.714,5.576,0.042,-5.768
408.734,-4.03,3.616,-3.089
408.754,-2.519,9.475,-10.997
408.774,0.108,3.097,-1.878
408.794,5.313,3.447,2.072
408.814,3.783,9.153,3.566
408.834,6.82,15.988,-2.624
408.854,6.973,6.031,-2.393
408.874,-2.706,12.749,-5.024
408.894,4.962,5.099,-1.709
408.914,0.521,14.272,-4.675
408.934,2.498,12.065,6.41
408.954,-2.731,2.087,8.077
408.974,4.63,11.377,-2.94
408.994,7.365,7.923,2.551
409.014,1.976,3.44,6.809
409.034,8.839,1.755,0.93
409.054,9.406,1.682,1.949
409.074,8.96,6.07,2.357
409.094,8.255,6.042,5.408
409.114,2.415,3.567,7.666
409.134,6.873,1.569,3.162
409.154,8.765,6.287,9.249
409.174,8.892,0.914,5.285
409.194,8.429,-3.436,4.45
409.214,9.869,-9.484,3.306
409.234,4.975,-5.264,4.79
409.254,9.139,-10.484,5.951
409.274,7.622,-3.203,12.82
409.294,8.045,-3.582,-1.78
409.314,11.761,-2.706,7.511
409.334,4.327,-12.816,10.436
409.354,11.209,-17.717,9.047
409.374,12.636,-12.145,8.047
409.394,3.68,-3.971,6.605
409.414,4.674,-5.347,12.629
409.434,5.492,-6.259,7.679
409.454,3.25,-13.313,10.385
409.474,2.993,-8.032,4.339
409.494,-6.072,-5.063,9.229
409.514,-0.071,-4.22,5.431
409.534,-4.486,-3.061,7.677
409.554,-3.234,-5.168,1.808
409.574,1.854,-6.138,2.287
409.594,-1.482,-1.734,0.283
409.614,-1.197,-7.648,-1.081
409.634,-4.779,-3.022,-1.23
409.654,-5.988,1.124,-4.553
409.674,-0.553,-0.339,-2.979
409.694,-6.338,3.13,5.247
409.714,-2.726,1.455,1.955
409.734,-1.833,2.698,0.165
409.754,-3.416,8.12,-3.864
409.774,-4.208,9.947,-2.641
409.794,-9.94,10.601,-3.54
409.814,-11.758,-1.344,-2.642
409.834,-5.143,8.645,-8.893
409.854,-2.995,4.542,-17.966
409.874,-6.66,7.043,-3.519
409.894,-8.31,5.094,-6.164
409.914,-5.42,11.208,-11.365
409.934,-2.442,7.085,-8.775
409.954,4.055,9.276,-2.494
409.974,-0.73,4.772,-4.113
409.994,-6.063,6.58,-1.892
410.014,-3.114,9.358,-8.003
410.034,3.142,9.804,-17.562
410.054,-2.979,7.993,-4.525
410.074,-2.865,12.285,-6.847
410.094,0.289,-2.352,-8.133
410.114,-2.497,-5.148,-7.208
410.134,1.162,3.089,-3.159
410.154,-3.698,0.096,-5.937
410.174,-0.307,3.437,-13.211
410.194,3.868,1.172,-12.37
410.214,5.157,2.559,-8.86
410.234,4.483,-0.694,-9.983
410.254,8.612,-3.248,-3.738
410.274,7.489,-7.056,-0.705
410.294,6.538,-4.794,-5.666
410.314,8.599,-12.671,-2.718
410.334,2.498,-14.19,-3.129
410.354,-0.51,-12.765,-6.975
410.374,10.673,-10.242,-4.531
410.394,9.001,-1.374,-5.358
410.414,6.612,-9.528,1.117
410.434,2.612,-12.274,-7.595
410.454,8.315,-10.629,0.964
410.474,9.843,-10.002,-2.861
410.494,8.585,-7.712,3.403
410.514,1.554,-3.065,4.799
410.534,11.618,-7.953,9.497
410.554,5.543,-10.434,2.835
410.574,-1.536,-7.688,-2.715
410.594,7.18,-4.407,0.147
410.614,7.121,-9.692,6.075
410.634,0.695,-6.444,4.394
410.654,0.138,0.037,3.472
410.674,7.094,6.356,9.772
410.694,3.366,-0.519,2.212
410.714,4.601,1.486,6.832
410.734,0.389,-3.538,4.424
410.754,2.004,-0.169,8.558
410.774,4.092,-1.017,12.386
410.794,-0.522,5.563,5.569
410.814,-2.645,-1.964,3.4
410.834,-3.678,1.729,12.596
410.854,1.029,4.768,1.309
410.874,-4.068,4.774,5.252
410.894,-4.593,6.194,10.018
410.914,-4.283,5.749,4.894
410.934,-4.536,3.98,10.286
410.954,-10.815,10.676,9.082
410.974,-7.141,3.695,4.028
410.994,-4.871,3.639,-3.748
411.014,-3.694,3.67,3.726
411.034,-8.113,12.189,5.471
411.054,-1.359,5.537,1.628
411.074,-4.925,-2.938,3.489
411.094,-3.921,1.031,10.691
411.114,-5.474,7.156,4.004
411.134,-2.771,11.986,4.043
411.154,-4.292,4.328,-4.781
411.174,-10.41,1.605,1.937
411.194,-6.073,-0.689,0.443
411.214,-4.989,0.937,-2.156
411.234,-0.368,-4.473,-0.013
411.254,-4.453,9.815,4.927
411.274,-1.7,-7.605,-9.705
411.294,-5.739,-7.963,0.997
411.314,-0.038,-7.781,-3.967
411.334,1.926,-10.587,-9.128
411.354,-0.865,-5.312,-2.19
411.374,4.08,-8.709,-8.141
411.394,8.047,-8.258,-9.328
411.414,-2.416,-3.904,-9.114
411.434,-1.451,-7.504,-8.185
411.454,2.514,-11.601,-13.176
411.474,-0.546,-12.511,-13.133
411.494,5.223,-4.884,-15.188
411.514,-1.454,-4.812,-9.244
411.534,8.136,-10.506,-10.709
411.554,9.367,-12.279,-13.889
411.574,1.157,-8.74,-9.119
411.594,6.514,-7.467,-5.641
411.614,8.57,-6.241,-17.361
411.634,5.645,-3.723,-4.563
411.654,10.021,-0.644,-8.459
411.674,1.505,-6.431,-7.623
411.694,6.139,-8.097,-3.799
411.714,12.696,-2.559,-5.424
411.734,5.545,2.181,-11.238
411.754,12.305,-2.718,-10.855
411.774,11.137,3.634,-4.78
411.794,8.496,2.293,-7.104
411.814,6.219,-0.521,-10.228
411.834,11.625,8.496,-5.147
411.854,1.413,2.977,-4.426
411.874,5.088,9.133,-1.281
411.894,4.892,-0.299,-5.385
411.914,1.026,6.292,-6.416
411.934,6.144,16.818,-3.603
411.954,2.111,12.353,-4.642
411.974,7.797,5.841,0.75
411.994,1.534,8.493,-3.553
412.014,-5.452,5.944,7.266
412.034,2.724,3.393,-1.376
412.054,-8.031,5.802,-2.086
412.074,-12.154,8.175,0.172
412.094,-7.892,7.464,11.631
412.114,1.696,0.429,4.563
412.134,-5.509,4.322,5.767
412.154,-1.925,-3.716,2.461
412.174,-2.973,3.95,-0.688
412.194,-7.833,5.418,-0.178
412.214,-7.328,3.212,3.461
412.234,-4.064,7.08,8.163
412.254,-1.424,-10.419,1.215
412.274,-7.68,-0.828,3.6
412.294,-11.429,1.081,4.443
412.314,-9.395,6.584,15.37
412.334,-1.882,-2.433,10.703
412.354,-10.332,-5.942,3.444
412.374,-4.014,-0.267,5.874
412.394,-12.407,-11.402,5.145
412.414,-1.724,-3.269,9.063
412.434,-5.745,4.63,12.12
412.454,-0.703,-6.475,3.916
412.474,-11.155,-7.875,2.394
412.494,-7.792,-10.796,4.119
412.514,-3.738,-3.532,10.872
412.534,-7.427,-13.086,7.418
412.554,-4.146,-12.359,2.661
412.574,5.761,-11.624,10.057
412.594,-5.817,-5.373,3.679
412.614,1.582,-14.157,4.12
412.634,8.469,-11.94,18.256
412.654,2.952,-4.115,10.244
412.674,1.876,-1.916,3.784
412.694,3.129,-3.771,3.85
412.714,6.022,1.637,1.811
412.734,12.854,-0.038,1.943
412.754,3.361,-6.257,-7.641
412.774,7.27,-3.486,-1.569
412.794,13.015,-2.673,0.779
412.814,10.153,2.891,-4.427
412.834,15.096,-4.323,-6.052
412.854,1.771,0.502,0.815
412.874,6.652,7.084,-11.655
412.894,4.495,6.671,-3.847
412.914,9.605,4.528,-9.268
412.934,11.023,2.159,0.303
412.954,6.311,5.739,-7.076
412.974,4.012,1.784,-9.771
412.994,2.422,0.309,-5.217
413.014,4.418,8.92,-1.786
413.034,13.957,10.27,-10.946
413.054,3.415,7.41,-13.666
413.074,14.12,11.962,-9.607
413.094,10.586,3.838,-6.497
413.114,-3.619,6.711,-10.629
413.134,1.988,3.911,-3.779
413.154,-3.218,9.914,-8.1
413.174,0.378,3.753,-10.636
413.194,1.995,0.799,-10.678
413.214,6.828,5.873,-5.884
413.234,4.616,6.44,-11.91
413.254,5.105,16.908,-13.897
413.274,-1.024,-2.935,-9.776
413.294,3.272,-5.238,-7.402
413.314,5.373,0.458,-12.05
413.334,-5.668,-4.278,-14.014
413.354,1.85,-4.304,-5.365
413.374,-0.392,-1.932,-8.327
413.394,-6.099,-5.328,-7.018
413.414,-4.827,-2.112,-2.917
413.434,-9.391,-6.448,-4.499
413.454,-12.108,-4.629,-9.15
413.474,-9.493,-7.227,-11.297
413.494,-6.218,-12.009,-1.904
413.514,-6.821,-9.216,-0.067
413.534,-10.575,-8.326,-0.841
413.554,-12.014,-6.871,0.694
413.574,-6.672,-13.017,-1.985
413.594,-9.182,-6.364,4.662
413.614,-17.552,-10.829,0.572
413.634,-7.929,-4.879,-1.313
413.654,-3.983,-5.131,6.97
413.674,-4.603,-8.427,2.656
413.694,-5.871,-7.862,1.957
413.714,-5.265,-7.595,0.883
413.734,-3.993,-4.361,6.753
413.754,-5.228,2.954,6.734
413.774,-2.166,-8.579,2.636
413.794,-4.348,4.327,8.033
413.814,-1.119,-0.343,11.236
413.834,-6.411,6.327,7.001
413.854,2.181,13.277,7.108
413.874,-3.745,-2.774,3.831
413.894,3.752,4.754,3.54
413.914,4.862,-5.333,2.386
413.934,6.585,2.793,5.654
413.954,10.323,3.179,5.519
413.974,5.367,11.282,5.065
413.994,0.639,11.887,16.619
414.014,12.314,4.96,3.785
414.034,9.463,12.585,-0.38
414.054,7.289,10.617,8.193
414.074,-2.017,1.18,10.693
414.094,4.828,0.838,4.376
414.114,11.775,14.064,5.798
414.134,6.468,4.315,0.874
414.154,15.611,6.655,6.139
414.174,4.871,-0.966,-1.004
414.194,9.318,6.185,10.391
414.214,5.895,5.424,10.432
414.234,9.213,7.611,0.387
414.254,8.722,3.225,5.983
414.274,9.793,-0.901,5.449
414.294,10.988,6.472,3.241
414.314,11.336,-5.117,-8.869
414.334,6.683,-3.644,-3.706
414.354,0.944,3.868,2.332
414.374,1.573,-3.71,-0.157
414.394,2.571,-1.05,2.248
414.414,6.931,2.246,-1.633
414.434,0.07,-6.746,-8.638
414.454,0.348,-8.926,-5.502
414.474,2.156,-4.965,-1.688
414.494,3.731,-7.021,-10.548
414.514,1.272,-5.864,-10.568
414.534,-0.842,-7.456,-4.88
414.554,-3.879,-4.937,-6.91
414.574,-5.757,-10.465,-13.159
414.594,1.141,-7.497,-7.95
414.614,-8.992,-10.799,-11.019
414.634,-10.304,-15.116,-6.133
414.654,-3.578,-13.097,-11.506
414.674,-2.117,-6.301,-12.355
414.694,-8.489,-10.035,-13.545
414.714,-10.461,-8.148,-4.625
414.734,-1.654,-0.302,-7.565
414.754,-12.798,-13.648,-10.87
414.774,-11.216,5.21,-7.202
414.794,-5.419,2.149,-11.315
414.814,-6.761,2.013,-8.875
414.834,-12.083,-1.89,-15.462
414.854,-5.797,-2.507,-8.062
414.874,-18.665,-3.115,-8.572
414.894,-5.601,-0.002,-11.255
414.914,-5.706,4.991,0.544
414.934,-0.642,-1.503,-5.752
414.954,5.14,0.076,-7.701
414.974,-4.781,11.843,-4.144
414.994,-4.132,9.021,-3.972
415.014,-4.145,3.831,-0.988
415.034,-0.179,4.511,0.41
415.054,-1.386,3.368,-2.718
415.074,-6.744,6.676,-2.193
415.094,-5.905,11.555,-8.547
415.114,-5.597,7.53,-6.966
415.134,0.739,7.105,-4.958
415.154,0.714,10.427,-4.115
415.174,5.547,11.209,-0.036
415.194,4.344,7.886,-0.404
415.214,0.893,6.409,-8.418
415.234,-4.283,1.516,0.322
415.254,4.204,11.557,4.133
415.274,5.581,9.091,-6.162
415.294,9.851,3.014,0.606
415.314,2.935,2.298,1.859
415.334,11.381,9.111,-2.4
415.354,4.532,1.9,1.899
415.374,9.481,2.331,10.851
415.394,10.997,-6.007,7.555
415.414,11.889,-1.415,12.956
415.434,8.975,5.596,3.471
415.454,2.681,-7.959,5.222
415.474,8.083,-3.911,7.972
415.494,2.995,-1.269,5.848
415.514,12.433,-2.273,8.614
415.534,6.293,0.671,10.417
415.554,7.309,-11.245,9.561
415.574,7.009,-2.62,0.116
415.594,-0.583,-4.233,2.248
415.614,5.475,-5.398,8.013
415.634,5.454,-13.937,-0.556
415.654,12.053,-1.93,3.227
415.674,10.572,-10.774,1.327
415.694,1.771,-15.663,0.024
415.714,1.478,-8.868,-0.783
415.734,-3.443,-10.693,2.165
415.754,-0.643,-6.945,6.658
415.774,3.225,-6.187,1.584
415.794,-3.764,-1.382,1.695
415.814,-3.728,-2.592,0.581
415.834,-2.997,-3.998,-1.925
415.854,-7.377,-5.284,1.024
415.874,-1.248,-3.517,0.753
415.894,-4.576,-4.914,-4.313
415.914,-1.459,-3.827,-11.381
415.934,-3.205,1.48,-0.016
415.954,-9.964,0.975,-1.579
415.974,-3.098,2.377,-5.158
415.994,-12.328,3.404,4.609
416.014,-3.966,7.042,-5.382
416.034,-8.275,7.175,-6.767
416.054,-9.451,7.67,0.696
416.074,-6.148,5.131,-6.992
416.094,-6.185,2.899,0.263
416.114,-13.535,0.614,-8.42
416.134,-6.383,12.191,-7.861
416.154,-5.403,10.255,-3.74
416.174,-6.364,6.9,-10.486
416.194,-4.073,4.863,-10.335
416.214,-2.916,14.077,-0.906
416.234,-9.515,10.274,-5.199
416.254,-9.297,7.866,-8.054
416.274,-4.162,9.341,-7.186
416.294,-7.242,7.156,-0.286
416.314,-4.944,-1.299,-7.438
416.334,1.714,5.206,-8.936
416.354,-1.987,4.756,-8.2
416.374,-0.454,9.77,-12.491
416.394,6.96,4.008,-9.425
416.414,1.68,0.863,-7.337
416.434,6.407,-2.457,-6.032
416.454,6.6,3.801,-11.39
416.474,1.534,3.562,-1.932
416.494,1.406,-4.67,-6.24
416.514,5.863,-3.938,-2.773
416.534,9.243,-2.884,-11.305
416.554,1.074,-11.458,-6.253
416.574,6.535,1.536,-9.565
416.594,7.771,-4.894,-8.202
416.614,6.829,-0.617,-1.683
416.634,3.756,-5.137,-6.113
416.654,8.372,-14.877,-5.695
416.674,1.133,-10.08,0.595
416.694,8.61,-9.46,-6.494
416.714,13.1,-10.422,10.053
416.734,1.425,-7.584,-1.071
416.754,8.982,-8.09,-4.263
416.774,9.642,-8.018,-0.014
416.794,8.032,-10.868,0.538
416.814,8.195,-5.946,-2.522
416.834,5.718,-1.6,5.766
416.854,12.929,-9.87,3.022
416.874,7.115,-3.011,5.303
416.894,7.888,-6.021,8.616
416.914,2.986,-3.249,1.646
416.934,2.294,1.596,5.099
416.954,0.803,-1.255,5.29
416.974,4.724,1.637,7.571
416.994,3.704,-4.893,8.605
417.014,-1.211,2.289,2.533
417.034,2.16,0.936,9.225
417.054,-2.409,5.752,7.922
417.074,-4.795,5.171,8.041
417.094,-3.435,8.658,6.37
417.114,-6.954,4.343,10.329
417.134,-7.03,11.106,11.739
417.154,-6.123,3.4,10.142
417.174,-8.416,7.928,2.035
417.194,-7.024,12.085,13.213
417.214,-2.376,7.157,9.061
417.234,-2.417,10.612,4.59
417.254,-7.394,12.424,7.86
417.274,-4.451,9.724,4.441
417.294,-7.988,10.225,6.959
417.314,-10.387,4.085,10.472
417.334,-12.878,7.032,4.039
417.354,-5.895,5.933,7.95
417.374,-2.006,3.48,1.813
417.394,-3.618,4.44,6.714
417.414,-3.021,5.106,3.667
417.434,-9.357,7.683,2.712
417.454,-8.107,5.65,2.08
417.474,-2.809,7.696,-1.544
417.494,-6.81,-0.28,0.636
417.514,-4.526,-12.764,-3.332
417.534,-1.887,-2.477,0.032
417.554,-1.781,-10.657,-3.323
417.574,-9.997,-4.218,-4.492
417.594,6.601,-4.647,0.076
417.614,2.446,-6.556,-6.362
417.634,-5.651,-1.919,-6.997
417.654,2.918,-2.773,0.842
417.674,-1.51,-4.386,0.496
417.694,2.866,-8.191,-9.719
417.714,6.145,-6.999,-1.512
417.734,-0.766,-5.199,-5.53
417.754,3.458,-10.388,-10.838
417.774,8.583,-10.765,-8.937
417.794,17.642,-8.976,-10.891
417.814,4.807,-4.537,-7.488
417.834,0.985,-10.776,-12.815
417.854,4.013,-4.649,-9.248
417.874,12.933,-6.906,-11.826
417.894,9.101,-1.566,-10.3
417.914,7.936,-5.823,-11.948
417.934,15.213,-11.418,-14.111
417.954,6.631,-1.79,-6.596
417.974,11.575,-1.869,-6.611
417.994,5.952,-4.723,-9.241
418.014,7.045,-0.512,-10.735
418.034,7.936,-2.423,-11.323
418.054,3.451,1.373,-8.245
418.074,2.555,-0.609,-12.124
418.094,6.439,0.629,-8.573
418.114,4.813,-0.076,-3.424
418.134,10.085,7.602,-6.876
418.154,1.037,0.794,-7.463
418.174,8.289,8.957,-1.333
418.194,4.85,12.397,-14.478
418.214,1.819,13.01,-1.808
418.234,3.834,4.145,1.98
418.254,2.936,16.315,3.705
418.274,-1.481,9.562,-1.333
418.294,0.917,4.437,0.818
418.314,-1.516,3.265,4.288
418.334,0.201,4.438,-3.383
418.354,3.05,12.331,7.01
418.374,-6.293,5.279,6.441
418.394,-5.652,6.211,-1.523
418.414,-3.811,6.779,5.41
418.434,-0.057,10.407,-1.187
418.454,-9.504,3.465,8.049
418.474,-3.286,-0.008,4.166
418.494,-13.056,-1.834,6.388
418.514,-3.157,8.732,10.376
418.534,-1.945,2.362,5.922
418.554,-8.032,3.693,1.96
418.574,-8.63,2.656,17.507
418.594,-8.027,-5.621,8.501
418.614,-4.404,0.28,9.82
418.634,-13.36,-11.777,10.064
418.654,-2.814,-9.342,11.985
418.674,-9.231,-3.787,9.884
418.694,1.432,-1.235,9.498
418.714,-7.589,0.709,7.295
418.734,-9.314,-7.862,13.499
418.754,-4.244,-11.721,9.621
418.774,-3.476,-13.741,1.785
418.794,-4.675,-9.788,9.43
418.814,-10.039,-3.271,7.683
418.834,-4.029,-3.486,5.619
418.854,4.204,-2.304,7.667
418.874,7.881,-10.082,-1.574
418.894,11.171,-10.445,2.202
418.914,0.592,-5.349,8.751
418.934,5.72,-1.259,5.175
418.954,1.718,-10.351,3.584
418.974,3.685,-3.818,3.546
418.994,6.63,-6.208,0.901
419.014,7.34,-7.502,0.766
419.034,6.342,2.341,2.063
419.054,6.998,-2.05,-3.347
419.074,7.688,0.487,-5.278
419.094,11.315,-1.314,4.41
419.114,4.185,6.382,-6.521
419.134,5.711,-1.814,1.827
419.154,6.548,-1.393,-7.959
419.174,9.72,2.101,0.013
419.194,11.694,5.395,-4.975
419.214,5.554,5.436,-5.599
419.234,0.33,5.75,-6.326
419.254,15.455,12.1,-13.367
419.274,8.938,5.004,-7.994
419.294,11.879,9.581,-5.778
419.314,5.454,-0.837,-5.277
419.334,6.88,9.008,-12.011
419.354,8.384,6.819,-10.723
419.374,6.362,0.496,-12.61
419.394,4.328,7.682,-9.809
419.414,4.566,4.886,-9.92
419.434,1.312,7.017,-3.026
419.454,3.261,1.563,-11.114
419.474,-1.605,3.4,-4.684
419.494,1.1,0.355,-5.429
419.514,1.192,2.142,-8.372
419.534,0.404,6.944,-7.116
419.554,-2.361,0.792,-11.582
419.574,-3.624,-5.363,-5.873
419.594,-2.458,5.048,-22.493
419.614,-1.973,2.169,-7.179
419.634,-2.395,-2.892,-6.179
419.654,-3.855,-0.953,-10.681
419.674,-5.94,-6.001,-2.043
419.694,-7.304,-1.887,-3.405
419.714,-1.095,-2.645,-5.936
419.734,-0.634,-8.737,-10.24
419.754,-5.823,-8.49,-5.76
419.774,-5.628,-7.707,-2.422
419.794,-2.165,-6.684,-4.352
419.814,-10.428,-4.332,3.416
419.834,-11.64,-9.081,-7.043
419.854,-10.73,-8.079,0.209
419.874,1.782,-15.467,-5.844
419.894,-7.31,0.629,1.419
419.914,-8.364,-7.881,3.547
419.934,-1.077,-9.407,5.839
419.954,1.483,-7.384,0.332
419.974,-9.163,-6.095,5.231
419.994,-11.613,-0.459,3.561
420.014,-5.439,-7.743,3.844
420.034,-7.503,-3.851,10.2
420.054,-4.018,-3.007,9.661
420.074,4.898,1.083,7.225
420.094,-2.054,-4.734,2.773
420.114,-5.223,-4.054,4.164
420.134,-6.889,7.824,7.388
420.154,-2.776,4.159,4.331
420.174,-0.127,5.239,14.32
420.194,-4.269,-0.59,2.639
420.214,-2.028,4.966,13.711
420.234,-4.93,8.075,3.78
420.254,6.333,13.484,6.821
420.274,4.764,11.546,5.66
420.294,9.35,11.603,7.99
420.314,-1.451,9.092,2.069
420.334,6.983,5.171,16.431
420.354,6.697,10.6,-1.751
420.374,-3.723,14.119,-0.742
420.394,6.007,9.59,5.019
420.414,7.938,11.789,5.672
420.434,3.7,17.049,2.471
420.454,-0.423,8.054,11.114
420.474,12.255,4.041,3.756
420.494,3.186,6.018,7.667
420.514,16.15,7.975,6.854
420.534,4.879,7.105,-2.919
420.554,14.073,-0.142,1.895
420.574,8.33,3.455,-1.832
420.594,11.841,5.781,-5.498
420.614,14.976,1.654,-0.954
420.634,4.076,-2.539,-3.942
420.654,10.462,-2.376,6.122
420.674,2.059,-4.165,4.043
420.694,9.811,-2.792,-6.563
420.714,4.584,1.332,-1.742
420.734,6.471,-1.989,0.511
420.754,5.214,-9.245,-2.64
420.774,2.617,-15.094,-9.285
420.794,4.208,-14.272,-1.979
420.814,-3.631,-8.929,-8.263
420.834,-5.792,-7.742,-7.89
420.854,0.359,-9.331,-5.43
420.874,-0.455,-3.38,-6.5
420.894,-0.638,-4.621,-9.232
420.914,-0.801,4.347,-5.327
420.934,-0.722,-5.509,-3.718
420.954,-3.952,0.358,-5.968
420.974,-4.552,-5.12,-4.45
420.994,1.451,-8.207,-2.976
421.014,-4.72,-14.643,-11.423
421.034,-10.669,-4.662,-7.796
421.054,-11.002,-4.664,-10.525
421.074,-5.298,-4.618,-10.095
421.094,-7.688,-8.456,-11.35
421.114,-7.794,-3.312,-5.494
421.134,-8.428,-0.504,-10.127
421.154,-8.056,-3.786,-11.923
421.174,-9.276,-2.941,-6.323
421.194,-10.971,-3.866,-12.791
421.214,-7.516,-1.231,-9.778
421.234,-11.046,3.843,-7.315
421.254,-9.121,9.357,-6.457
421.274,-5.93,5.289,-11.651
421.294,-5.274,-0.06,-7.168
421.314,-2.924,5.224,2.256
421.334,1.771,2.558,-5.34
421.354,-5.016,2.004,-4.491
421.374,0.115,8.672,-1.672
421.394,6.336,6.967,-2.363
421.414,-8.094,7.549,-4.836
421.434,-0.189,0.919,5.691
421.454,4.591,10.414,-1.556
421.474,4.86,10.364,3.867
421.494,-1.736,-0.972,-6.892
421.514,4.465,14.08,-3.551
421.534,11.102,7.589,6.309
421.554,8.363,6.403,5.849
421.574,7.659,10.056,3.069
421.594,9.26,11.861,7.594
421.614,7.06,0.471,-0.808
421.634,10.112,4.045,2.254
421.654,3.379,4.14,10.45
421.674,9.607,-0.871,6.181
421.694,10.788,-4.284,8.63
421.714,7.813,-1.903,7.32
421.734,5.654,-0.556,4.846
421.754,8.165,-8.903,7.864
421.774,8.641,-2.425,7.528
421.794,8.39,3.964,6.367
421.814,6.75,-1.496,8.113
421.834,14.543,-5.788,11.152
421.854,2.529,-9.838,11.38
421.874,5.89,-3.666,3.677
421.894,9.352,-9.135,6.48
421.914,2.295,-4.844,3.912
421.934,4.396,-9.804,2.463
421.954,3.897,-17.906,9.416
421.974,8.15,-10.661,-0.034
421.994,7.163,-6.698,5.529
422.014,1.844,-13.753,7.971
422.034,-1.1,-6.985,6.204
422.054,-0.781,-1.896,7.486
422.074,2.222,-8.282,8.949
422.094,-4.892,-3.298,1.729
422.114,0.837,-7.579,0.117
422.134,-4.174,-7.706,5.783
422.154,-3.098,6.331,-0.9
422.174,-2.748,-11.868,-3.459
422.194,-1.104,-4.609,0.292
422.214,5.354,6.458,0.919
422.234,-1.13,0.097,-5.026
422.254,-9.962,-6.077,-1.614
422.274,-0.946,-0.318,-4.941
422.294,-7.436,2.559,-1.177
422.314,-17.716,9.01,-14.314
422.334,-2.672,2.69,-2.755
422.354,-13.548,8.736,-7.343
422.374,-8.322,10.947,-3.633
422.394,-9.077,3.458,-3.303
422.414,2.184,6.786,-6.0
422.434,-4.547,9.077,-4.324
422.454,-8.274,6.925,-7.444
422.474,-9.614,6.658,-2.311
422.494,-6.08,6.188,-12.924
422.514,-11.196,7.046,-10.64
422.534,-6.007,-1.824,-13.037
422.554,-10.829,5.175,-7.799
422.574,-3.07,2.878,-9.757
422.594,-1.672,1.832,-3.002
422.614,0.383,6.56,-6.332
422.634,-0.574,5.1,-13.295
422.654,-1.46,0.692,-2.41
422.674,-4.536,14.791,-11.89
422.694,1.197,8.184,-7.276
422.714,3.11,1.219,-12.066
422.734,2.537,-2.879,-15.482
422.754,-0.538,1.465,-3.761
422.774,5.255,-5.112,1.128
422.794,10.191,-4.549,-11.4
422.814,-1.11,-5.438,-5.869
422.834,7.427,-5.757,-5.314
422.854,4.231,-1.987,-7.878
422.874,4.369,-4.539,-0.928
422.894,17.151,-8.412,-7.213
422.914,7.315,-11.593,-1.681
422.934,11.906,-10.624,-8.234
422.954,11.409,-12.127,-1.293
422.974,4.348,-10.834,-1.894
422.994,7.332,1.098,-1.443
423.014,-0.019,-16.056,3.946
423.034,8.925,-6.433,0.634
423.054,4.438,-0.912,-7.857
423.074,9.421,1.659,3.509
423.094,12.95,-12.077,10.438
423.114,3.368,-10.646,1.267
423.134,3.579,-7.927,0.85
423.154,1.458,-2.622,5.125
423.174,8.189,-9.603,7.429
423.194,9.043,4.97,7.11
423.214,-1.204,-8.06,2.906
423.234,-3.606,-0.012,13.419
423.254,-0.273,-3.317,-0.094
423.274,-3.912,-2.272,7.081
423.294,-4.318,4.362,10.547
423.314,5.62,7.323,7.899
423.334,1.951,2.182,6.091
423.354,-6.146,6.871,3.881
423.374,2.761,7.484,9.13
423.394,-1.971,1.903,11.991
423.414,-1.98,7.825,6.638
423.434,-8.601,1.586,8.273
423.454,-6.979,10.875,11.585
423.474,-4.708,7.403,12.215
423.494,-14.743,10.151,12.289
423.514,-6.08,5.153,1.389
423.534,-10.963,6.621,10.64
423.554,-6.054,9.087,5.496
423.574,-6.698,4.215,8.63
423.594,-3.161,6.056,13.168
423.614,-1.462,9.572,2.838
423.634,-3.346,5.726,5.059
423.654,-14.303,5.379,0.121
423.674,-15.435,1.203,4.085
423.694,-13.283,4.174,4.995
423.714,-9.578,8.642,-4.333
423.734,-7.85,1.689,-2.524
423.754,-8.079,-1.332,0.502
423.774,-2.571,-5.691,0.712
423.794,-6.408,0.765,-6.844
423.814,1.168,0.58,-1.272
423.834,-4.472,-2.572,0.484
423.854,-8.725,-2.45,-1.251
423.874,-5.708,-11.269,-3.246
423.894,6.506,-3.67,-5.272
423.914,-11.49,-0.55,-2.263
423.934,-3.997,-13.384,1.013
423.954,-0.022,-3.759,-2.728
423.974,3.879,-8.773,-7.229
423.994,1.205,0.104,-6.293
424.014,3.256,-10.131,-13.199
424.034,2.849,-5.508,-1.888
424.054,2.657,-4.535,-9.414
424.074,6.244,-5.813,-9.003
424.094,8.942,-6.256,-2.915
424.114,2.745,-13.585,-11.935
424.134,11.318,-11.345,-10.31
424.154,2.179,-3.79,-16.256
424.174,13.721,-3.571,-10.641
424.194,10.402,-5.396,-9.229
424.214,2.325,-3.251,-7.839
424.234,5.965,7.95,-0.155
424.254,14.183,-3.867,-9.08
424.274,9.64,0.971,-6.141
424.294,1.573,-0.292,-10.989
424.314,9.669,-1.185,-3.403
424.334,3.743,7.313,-9.55
424.354,11.061,4.738,1.323
424.374,9.722,-3.988,-1.156
424.394,8.252,3.149,-6.446
424.414,6.889,3.91,-3.635
424.434,1.146,6.994,-8.267
424.454,5.411,2.653,-11.967
424.474,6.097,4.308,-7.585
424.494,5.993,0.164,-0.56
424.514,6.648,9.336,-5.972
424.534,0.014,2.849,3.463
424.554,0.408,6.604,-1.492
424.574,-2.946,12.562,-1.639
424.594,-3.476,9.135,0.793
424.614,-1.19,1.6,-2.056
424.634,5.157,11.319,0.628
424.654,-2.904,0.558,4.808
424.674,4.194,8.948,1.517
424.694,-5.109,7.151,10.19
424.714,-10.984,10.639,-0.225
424.734,-9.41,-2.447,0.026
424.754,-14.019,6.017,5.715
424.774,-9.41,3.684,2.365
424.794,-5.814,0.449,7.994
424.814,-4.394,-2.481,7.057
424.834,-4.01,-3.338,4.81
424.854,-7.93,1.112,5.275
424.874,-1.247,0.876,-2.901
424.894,-9.478,2.015,5.463
424.914,-7.902,-7.399,8.997
424.934,-6.751,-1.849,11.718
424.954,-12.445,-0.034,3.314
424.974,-6.236,-7.806,15.76
424.994,-6.613,-6.754,9.459
425.014,-5.031,2.482,18.967
425.034,-5.749,-12.012,0.153
425.054,0.744,-12.395,7.707
425.074,-9.827,-5.763,8.778
425.094,-1.443,-4.708,8.723
425.114,-4.289,-10.398,2.646
425.134,-2.097,-3.199,5.148
425.154,-7.373,-5.359,-0.483
425.174,-0.66,-5.917,0.453
425.194,-0.335,-2.911,2.625
425.214,-7.678,-5.614,4.669
425.234,2.01,-3.921,4.985
425.254,3.375,-10.112,6.414
425.274,-9.055,-1.825,-4.172
425.294,7.335,-10.027,8.433
425.314,3.625,-7.792,3.433
425.334,8.603,-1.709,0.403
425.354,6.386,-2.85,0.061
425.374,15.109,8.317,-3.929
425.394,7.03,-0.33,1.137
425.414,9.979,8.352,-7.337
425.434,10.278,-1.128,-0.807
425.454,1.723,-2.683,0.403
425.474,6.737,6.474,-3.795
425.494,2.423,7.523,-4.756
425.514,4.765,2.866,-14.239
425.534,11.047,7.276,-3.949
425.554,14.976,8.447,-13.863
425.574,11.465,21.85,-2.973
425.594,5.613,6.384,-5.681
425.614,6.533,10.205,-5.513
425.634,6.838,2.032,-5.999
425.654,3.704,4.767,-5.686
425.674,11.086,10.963,-6.658
425.694,-0.016,11.128,-12.439
425.714,11.266,2.084,-6.707
425.734,5.285,6.193,-6.158
425.754,2.616,7.593,-4.978
425.774,3.622,6.998,-10.268
425.794,1.406,-2.184,-7.584
425.814,-0.377,5.528,-9.7
425.834,2.356,2.27,-4.895
425.854,-2.902,4.211,-11.704
425.874,-1.344,-2.57,-8.909
425.894,-5.05,1.571,-6.426
425.914,-0.055,-2.264,-3.597
425.934,0.429,-2.357,2.111
425.954,-6.567,-3.985,-0.424
425.974,-7.27,1.137,-8.725
425.994,-4.752,-12.247,-5.509
426.014,-3.366,-3.432,-1.839
426.034,-3.732,-8.217,-3.663
426.054,-3.274,0.873,0.195
426.074,-2.835,-9.154,-2.533
426.094,-7.424,-5.332,0.311
426.114,-10.933,-10.354,4.111
426.134,-7.522,-10.347,3.863
426.154,-5.3,-0.11,1.709
426.174,-3.153,-9.052,-0.913
426.194,-12.108,-5.287,-3.26
426.214,-4.982,-11.786,4.194
426.234,-11.665,-0.633,4.792
426.254,-5.061,-8.745,1.649
426.274,-1.588,-10.06,6.231
426.294,-3.58,-12.761,9.391
426.314,-3.518,-1.606,-0.263
426.334,-9.685,4.56,1.305
426.354,-2.449,-1.728,-1.262
426.374,-10.617,-2.098,8.724
426.394,-6.177,4.045,2.401
426.414,-1.323,-3.345,2.934
426.434,5.047,6.478,6.033
426.454,-0.862,-4.11,11.108
426.474,-1.805,6.086,1.614
426.494,-1.774,-0.821,7.216
426.514,0.807,8.874,4.893
426.534,10.428,5.277,4.006
426.554,1.944,7.039,6.228
426.574,3.829,12.366,11.575
426.594,5.083,12.031,11.39
426.614,1.858,7.761,7.142
426.634,8.694,8.479,10.895
426.654,7.793,6.413,9.639
426.674,5.388,12.304,6.141
426.694,11.054,16.328,5.597
426.714,2.448,4.116,6.894
426.734,5.269,3.232,8.003
426.754,8.919,0.932,5.728
426.774,2.097,2.104,3.76
426.794,4.786,10.889,10.878
426.814,9.074,1.569,-1.286
426.834,11.625,3.01,0.473
426.854,-2.334,6.074,-0.263
426.874,1.475,3.497,0.105
426.894,7.443,8.248,2.924
426.914,6.954,-0.815,7.41
426.934,1.613,-0.818,-5.259
426.954,14.071,-3.132,2.989
426.974,10.413,0.501,0.307
426.994,3.255,-1.383,-3.404
427.014,2.909,-6.456,-0.242
427.034,3.486,-18.074,-13.587
427.054,5.367,-5.189,-10.343
427.074,-1.434,-8.509,-12.91
427.094,4.168,-9.481,-11.036
427.114,-2.133,-11.303,0.142
427.134,-10.569,-6.912,-7.596
427.154,1.733,-10.262,-16.706
427.174,-0.863,-7.816,-3.564
427.194,-1.997,-5.534,-8.411
427.214,-6.751,-6.028,-5.001
427.234,-5.079,-2.878,-5.363
427.254,-10.613,-12.466,-9.119
427.274,-1.93,-8.114,-7.029
427.294,-8.247,-12.616,-9.69
427.314,-8.665,-5.738,-13.752
427.334,-9.657,-2.077,-8.219
427.354,-7.287,-6.731,-8.232
427.374,-3.094,-3.179,-14.484
427.394,-13.604,6.698,-4.08
427.414,-8.804,-4.585,-8.129
427.434,7.829,-0.867,-10.865
427.454,-10.483,-8.405,-3.564
427.474,-3.901,2.611,-4.648
427.494,-3.751,-1.268,-7.941
427.514,-7.21,4.386,-5.616
427.534,-3.773,4.264,-12.759
427.554,-10.118,0.162,-4.501
427.574,1.196,9.76,-8.881
427.594,-3.754,12.411,-3.356
427.614,-5.673,7.651,-3.73
427.634,1.851,11.423,-0.039
427.654,-7.065,6.755,-7.083
427.674,-2.691,5.203,-3.202
427.694,11.919,14.71,-6.686
427.714,-4.164,1.71,0.056
427.734,-1.395,8.793,-2.51
427.754,4.365,9.203,-1.323
427.774,-3.38,4.163,2.045
427.794,1.872,8.11,-3.473
427.814,3.132,16.699,2.956
427.834,9.082,4.339,-2.346
427.854,6.232,2.575,2.262
427.874,13.053,10.396,-1.762
427.894,9.749,6.644,7.727
427.914,5.263,6.921,7.554
427.934,10.076,2.725,4.217
427.954,7.712,0.726,6.995
427.974,11.408,-2.027,10.168
427.994,8.287,-1.21,9.873
428.014,0.552,-3.596,2.383
428.034,9.25,-5.358,9.913
428.054,10.388,-6.467,2.398
428.074,6.923,-0.099,8.196
428.094,4.979,-8.307,13.221
428.114,9.92,-10.73,7.376
428.134,4.313,-11.01,9.076
428.154,6.088,-7.26,9.341
428.174,11.618,-4.591,10.907
428.194,4.649,-8.127,6.516
428.214,7.319,-2.403,7.009
428.234,8.513,-7.381,11.314
428.254,-3.586,-7.522,9.772
428.274,3.76,-7.407,6.018
428.294,5.428,-2.913,0.797
428.314,-0.482,-5.056,8.071
428.334,-3.935,-12.999,0.266
428.354,4.607,-0.007,6.545
428.374,-3.895,-11.505,8.292
428.394,1.838,3.712,4.682
428.414,-2.369,-4.656,2.503
428.434,2.855,-5.31,-0.063
428.454,-1.896,-0.071,5.397
428.474,-8.97,-6.343,2.966
428.494,2.018,-2.084,11.022
428.514,-2.457,0.093,-1.638
428.534,-9.74,2.605,-3.108
428.554,-3.574,1.35,-5.55
428.574,-1.797,-2.569,-2.66
428.594,-6.272,1.048,-0.155
428.614,-11.925,3.635,-6.128
428.634,-8.292,6.451,-12.302
428.654,-8.08,7.292,-8.224
428.674,-10.371,9.565,-6.792
428.694,-14.634,14.742,0.199
428.714,-11.661,4.69,-5.087
428.734,-4.594,3.099,-10.369
428.754,-8.719,5.583,-10.509
428.774,-10.765,6.912,-6.833
428.794,3.642,7.919,-5.367
428.814,-6.467,3.146,-11.65
428.834,-3.537,8.322,-9.819
428.854,-1.336,-0.314,-12.515
428.874,-4.219,5.235,-7.898
428.894,-4.875,6.224,-13.89
428.914,-6.523,2.043,-0.313
428.934,4.55,-0.447,-13.09
428.954,4.928,11.663,-9.436
428.974,2.141,-0.423,-0.583
428.994,1.784,-4.307,1.041
429.014,-6.791,8.031,0.908
429.034,5.07,0.42,-9.016
429.054,-1.692,-1.029,-1.253
429.074,4.131,4.923,-8.698
429.094,7.707,-2.843,-6.936
429.114,2.506,-8.037,-5.249
429.134,6.298,-9.067,1.818
429.154,2.656,-3.446,-7.34
429.174,11.419,-6.919,-8.206
429.194,10.445,-10.411,-5.205
429.214,9.196,-4.271,-4.798
429.234,7.76,-9.848,5.002
429.254,12.201,-14.255,0.821
429.274,11.553,-9.357,-2.221
429.294,9.551,-18.89,8.369
429.314,4.158,-7.677,-0.642
429.334,4.979,-2.705,11.158
429.354,4.691,-8.277,7.335
429.374,12.326,-5.991,7.512
429.394,15.551,-7.786,3.063
429.414,6.666,-0.821,6.651
429.434,6.839,-0.844,0.396
429.454,9.09,-2.299,8.652
429.474,4.472,-6.551,1.303
429.494,5.046,-2.577,0.398
429.514,0.405,-2.847,-0.676
429.534,-0.81,-4.071,6.919
429.554,0.576,-2.453,5.037
429.574,7.373,6.378,10.376
429.594,5.944,-6.327,2.545
429.614,-1.587,5.651,4.742
429.634,5.561,6.049,8.219
429.654,3.628,2.027,5.318
429.674,-8.115,0.639,1.115
429.694,0.522,5.234,13.971
429.714,-4.851,7.315,14.999
429.734,-2.397,9.137,13.489
429.754,1.074,8.125,-0.282
429.774,-7.809,5.019,6.109
429.794,-10.086,8.448,6.87
429.814,-10.805,6.012,7.11
429.834,-11.023,5.637,2.939
429.854,-7.395,11.949,8.642
429.874,-8.19,11.384,6.179
429.894,-3.223,8.269,-1.31
429.914,-16.813,3.162,-0.503
429.934,-1.898,6.467,6.356
429.954,0.818,5.627,2.521
429.974,-6.857,8.503,6.305
429.994,0.047,6.047,6.954
430.014,-6.309,1.957,3.958
430.034,0.364,4.367,4.149
430.054,-9.113,5.591,0.06
430.074,-4.562,2.267,-3.309
430.094,-2.904,-5.293,0.019
430.114,-8.524,-3.046,-11.626
430.134,5.609,2.156,0.341
430.154,-2.066,1.014,-4.769
430.174,-2.591,-9.334,2.106
430.194,-3.975,-11.569,-5.081
430.214,-0.144,-7.662,1.08
430.234,0.196,-11.852,-10.333
430.254,6.201,-3.146,-11.219
430.274,8.452,-7.319,-3.983
430.294,6.616,4.632,-3.649
430.314,7.339,-17.026,-3.005
430.334,5.847,-6.553,-9.589
430.354,-3.49,-11.598,-6.724
430.374,7.918,-6.26,-13.041
430.394,6.618,-5.278,-5.236
430.414,8.229,-10.18,-10.476
430.434,9.192,-4.517,-5.496
430.454,8.114,-13.368,-3.657
430.474,13.109,-3.628,-12.164
430.494,8.959,-4.74,-1.326
430.514,7.273,-4.104,-6.008
430.534,7.995,-1.872,-8.304
430.554,9.047,-5.454,-8.338
430.574,11.992,0.438,-5.583
430.594,6.383,6.797,-8.067
430.614,8.006,-4.644,-7.685
430.634,5.444,3.142,-11.48
430.654,9.039,-0.12,-9.454
430.674,11.37,-3.037,-7.256
430.694,2.171,-0.433,-17.087
430.714,5.89,4.659,-10.781
430.734,14.114,5.887,-7.533
430.754,4.304,6.913,-6.105
430.774,2.905,3.689,-8.495
430.794,-0.268,9.038,-6.443
430.814,1.743,8.788,0.501
430.834,0.426,15.035,-7.241
430.854,-5.881,2.875,-6.477
430.874,-4.156,13.191,-5.29
430.894,1.821,2.055,4.737
430.914,-7.225,8.434,-0.331
430.934,-4.014,15.104,-3.702
430.954,-10.226,2.098,-5.146
430.974,-6.992,9.029,2.027
430.994,-8.507,-3.536,-1.924
431.014,-3.546,1.493,4.103
431.034,-0.439,-3.001,-0.837
431.054,-4.98,4.821,-0.167
431.074,-5.84,6.096,0.882
431.094,-0.014,-0.972,4.442
431.114,-7.417,3.468,11.311
431.134,-13.816,0.522,11.934
431.154,-6.753,-3.606,6.588
431.174,-8.102,-8.843,-5.064
431.194,-8.974,-2.335,7.138
431.214,-4.042,-4.918,7.872
431.234,-7.128,-7.767,19.135
431.254,-2.443,0.638,11.796
431.274,-8.155,-5.511,3.778
431.294,-2.913,-1.871,-1.471
431.314,-12.475,-3.206,11.08
431.334,-2.722,-3.975,4.264
431.354,-3.921,-10.53,1.902
431.374,0.021,-7.464,5.663
431.394,6.0,-10.768,7.054
431.414,2.279,-5.366,12.169
431.434,-8.146,-6.91,11.391
431.454,-2.414,-12.892,2.066
431.474,-3.435,-10.348,0.224
431.494,0.09,-1.831,6.25
431.514,8.843,-5.66,1.945
431.534,-5.703,-5.686,-3.382
431.554,6.269,3.149,5.398
431.574,3.493,-4.078,2.802
431.594,1.377,1.659,0.896
431.614,6.403,0.374,0.349
431.634,6.009,7.356,2.999
431.654,9.309,5.063,-3.211
431.674,4.556,6.029,-7.774
431.694,3.316,-2.323,-7.245
431.714,6.924,4.133,1.062
431.734,11.825,0.707,-3.898
431.754,15.056,7.073,-2.548
431.774,8.922,7.311,-6.156
431.794,12.172,9.24,-10.26
431.814,10.225,12.222,-8.189
431.834,10.426,9.165,-0.623
431.854,6.724,3.139,-6.818
431.874,12.538,8.505,-8.877
431.894,6.667,6.667,0.528
431.914,-0.662,9.129,-11.117
431.934,5.393,5.828,-9.902
431.954,0.047,7.692,-14.167
431.974,14.948,10.078,-7.09
431.994,9.151,5.657,-14.058
432.014,5.039,8.657,-2.012
432.034,1.689,8.944,-13.639
432.054,8.52,5.357,-9.059
432.074,-0.769,0.298,-8.908
432.094,10.529,6.186,-7.818
432.114,-1.539,2.238,0.421
432.134,0.411,-0.603,-9.907
432.154,2.554,2.953,-12.248
432.174,-4.053,4.034,-10.157
432.194,-2.386,0.542,-5.951
432.214,-2.69,-5.044,-7.364
432.234,-5.562,0.733,-3.55
432.254,-2.375,-4.029,3.099
432.274,-9.811,-4.436,-5.835
432.294,-15.667,-2.189,0.031
432.314,-13.381,-4.052,-2.346
432.334,-7.103,-4.611,-3.053
432.354,-5.44,-7.405,0.49
432.374,-10.03,-2.988,-5.694
432.394,-5.995,-9.582,-0.436
432.414,-0.597,-11.798,9.493
432.434,-5.466,-3.067,-10.043
432.454,-4.214,-8.495,5.968
432.474,-9.39,-6.047,-4.046
432.494,-3.956,-6.236,0.965
432.514,-6.898,-7.956,2.043
432.534,-5.575,-11.442,-4.352
432.554,-13.374,-4.821,0.841
432.574,-4.925,-7.928,-0.559
432.594,0.902,-10.068,1.709
432.614,-11.336,-3.117,7.095
432.634,-3.295,-0.648,6.685
432.654,4.891,-4.965,7.378
432.674,-9.149,-6.353,6.497
432.694,8.122,-0.852,13.39
432.714,2.864,-1.097,5.782
432.734,3.512,-0.364,6.023
432.754,4.905,7.429,4.117
432.774,1.804,0.708,6.23
432.794,0.656,3.941,1.624
432.814,-4.383,11.334,-3.592
432.834,2.641,-1.855,11.161
432.854,4.913,12.571,5.642
432.874,6.272,9.383,10.199
432.894,10.628,5.19,6.28
432.914,-2.52,11.538,10.451
432.934,3.071,10.918,7.536
432.954,6.025,10.641,4.88
432.974,12.184,8.59,12.26
432.994,7.047,8.517,6.27
433.014,12.687,8.969,10.774
433.034,10.276,5.82,5.228
433.054,9.366,8.771,-2.314
433.074,7.97,11.906,7.527
433.094,11.233,9.614,-2.516
433.114,6.891,-8.516,-0.057
433.134,5.784,6.187,10.568
433.154,6.394,0.655,7.815
433.174,3.411,2.237,7.502
433.194,14.023,-0.722,1.479
433.214,9.968,-4.04,-1.137
433.234,8.349,1.649,-4.151
433.254,1.097,-3.284,-8.079
433.274,7.3,-7.118,1.066
433.294,-0.355,-0.431,-1.221
433.314,8.803,-3.945,-4.365
433.334,5.664,-9.061,-6.636
433.354,-1.154,-1.784,-7.46
433.374,-1.747,-8.57,-8.585
433.394,-1.355,-9.911,-10.008
433.414,7.861,-6.667,5.968
433.434,-2.832,-12.61,-11.124
433.454,-0.241,-10.246,-15.469
433.474,-2.681,-16.51,-8.905
433.494,-5.969,-7.637,-8.96
433.514,-11.946,-17.548,-8.605
433.534,-2.475,-2.299,-5.988
433.554,-4.187,-6.247,-0.23
433.574,-4.553,-7.626,-4.211
433.594,1.051,-7.124,2.678
433.614,-11.173,-10.77,-8.812
433.634,-4.926,0.567,-3.322
433.654,-7.957,0.117,-13.079
433.674,-0.436,-7.453,-0.281
433.694,-6.87,-3.336,-1.07
433.714,-0.587,3.454,-10.908
433.734,-13.602,-1.327,-6.765
433.754,-11.448,-0.77,-13.328
433.774,-10.903,-1.242,-11.649
433.794,-8.863,4.331,-3.072
433.814,-10.744,7.756,-5.815
433.834,6.369,0.492,-9.332
433.854,-9.33,6.307,-5.505
433.874,-11.247,9.851,-8.173
433.894,-4.722,8.744,-5.845
433.914,-9.641,10.363,-0.638
433.934,-5.817,12.206,-1.132
433.954,0.684,9.299,-7.051
433.974,0.76,7.191,-1.076
433.994,-4.465,2.006,6.317
434.014,1.951,4.604,4.783
434.034,7.885,2.704,2.881
434.054,3.675,8.61,1.528
434.074,1.291,3.759,2.267
434.094,-1.341,1.598,3.282
434.114,4.878,1.535,8.764
434.134,1.702,4.54,4.48
434.154,2.325,6.04,2.981
434.174,-3.588,2.76,7.249
434.194,8.874,-3.692,13.011
434.214,2.193,-4.4,5.084
434.234,11.365,-2.789,2.063
434.254,9.617,2.768,5.278
434.274,7.201,-3.16,10.693
434.294,10.586,-7.489,1.457
434.314,16.436,3.0,9.059
434.334,3.806,-7.626,7.642
434.354,6.525,-2.802,2.226
434.374,-0.913,-4.394,3.452
434.394,4.227,-2.739,4.938
434.414,11.594,0.718,7.593
434.434,5.774,-8.803,12.445
434.454,7.214,-2.298,3.285
434.474,1.377,-12.85,3.249
434.494,5.603,-8.334,12.268
434.514,-1.695,-10.989,3.45
434.534,1.5,-10.621,7.228
434.554,7.136,-12.598,10.956
434.574,6.627,-9.58,10.904
434.594,-4.263,-5.13,-4.599
434.614,-8.412,-7.612,6.426
434.634,-2.873,-9.815,-2.663
434.654,7.787,0.844,5.448
434.674,-0.808,-3.26,0.415
434.694,0.371,-0.703,-3.049
434.714,-8.553,-3.411,-1.655
434.734,2.318,-2.093,1.436
434.754,-10.103,-0.69,-0.625
434.774,-1.443,6.398,-2.75
434.794,-5.832,-1.442,-1.891
434.814,-8.374,7.477,-3.533
434.834,-6.737,1.908,-0.08
434.854,-10.302,0.421,-8.145
434.874,-0.216,-3.235,-9.748
434.894,-4.725,5.878,-3.723
434.914,-9.534,6.202,-10.557
434.934,-4.289,5.111,-7.235
434.954,-4.129,10.626,-9.117
434.974,-6.659,0.56,-7.259
434.994,-2.893,6.679,-8.979
435.015,-5.268,3.564,-11.038
435.035,-3.619,4.847,-8.443
435.055,2.585,1.172,-14.403
435.075,-5.839,14.341,-6.028
435.095,0.642,13.209,-4.268
435.115,-2.16,7.34,-6.392
435.135,-4.685,6.171,-10.123
435.155,-1.28,6.006,-5.919
435.175,-5.286,3.695,-4.774
435.195,0.504,5.682,-8.432
435.215,4.127,7.689,-3.935
435.235,-0.878,4.964,-9.802
435.255,-4.9,5.38,-7.798
435.275,-2.591,-0.571,-11.887
435.295,-0.02,3.043,-2.628
435.315,6.059,-1.19,-13.644
435.335,6.58,0.068,-11.472
435.355,4.024,-11.607,-8.122
435.375,5.832,-4.534,1.89
435.395,4.29,-3.293,-3.906
435.415,10.428,-5.589,-10.807
435.435,6.781,-0.647,-1.674
435.455,-6.605,-2.213,-4.641
435.475,3.977,-5.529,-1.433
435.495,11.465,-6.03,-2.168
435.515,8.953,-5.287,3.405
435.535,6.69,-7.302,-0.026
435.555,-1.124,-5.794,-1.166
435.575,12.238,-5.221,-1.031
435.595,17.395,-8.985,-1.279
435.615,16.58,-8.912,2.424
435.635,6.123,-13.58,4.039
435.655,6.598,-13.303,5.537
435.675,11.004,-8.11,3.257
435.695,7.648,-11.095,0.232
435.715,6.893,-4.988,6.072
435.735,-2.853,-0.875,7.4
435.755,2.058,-8.25,7.476
435.775,4.151,-2.703,5.4
435.795,11.274,-1.382,2.073
435.815,10.551,-9.515,9.737
435.835,-1.621,-2.999,5.453
435.855,-3.227,8.163,11.549
435.875,7.469,0.097,12.624
435.895,4.413,3.208,6.92
435.915,-2.881,3.488,5.342
435.935,-2.816,4.844,7.127
435.955,-6.801,6.091,-0.859
435.975,-7.572,9.473,6.27
435.995,-10.002,1.149,9.583
436.015,-4.879,4.228,12.192
436.035,-6.527,9.877,3.848
436.055,-13.75,1.895,6.892
436.075,-7.119,7.561,5.447
436.095,-7.592,6.934,4.956
436.115,-3.164,5.508,9.224
436.135,-5.541,6.763,5.04
436.155,-12.114,9.988,5.484
436.175,-3.896,8.099,12.874
436.195,-12.522,6.15,4.527
436.215,-8.064,6.429,1.449
436.235,-10.737,11.079,-2.871
436.255,-1.953,9.507,8.562
436.275,-10.515,-1.479,-3.376
436.295,-15.326,0.5,0.799
436.315,-0.4,-2.113,2.453
436.335,-8.583,6.434,-5.69
436.355,-4.765,-1.028,-1.679
436.375,-4.595,-3.659,-0.002
436.395,-7.897,-8.339,1.824
436.415,-0.56,-2.489,-7.488
436.435,-2.63,2.787,-5.021
436.455,-2.733,0.303,-5.838
436.475,-1.93,-11.466,-13.283
436.495,-6.899,-4.255,0.066
436.515,1.735,-9.043,-6.75
436.535,4.369,-9.292,-5.413
436.555,-1.501,-0.774,-14.84
436.575,6.836,-12.07,-13.095
436.595,-6.035,-10.949,-5.833
436.615,7.127,-14.252,-12.929
436.635,5.305,-1.155,-7.214
436.655,11.743,-11.745,-5.954
436.675,2.11,-3.37,-6.488
436.695,6.469,-3.408,-8.757
436.715,9.718,-7.849,-10.845
436.735,13.09,-0.711,-7.151
436.755,2.778,-6.889,-7.869
436.775,15.808,-8.52,-4.529
436.795,0.287,-15.515,-12.083
436.815,8.777,-1.948,-1.83
436.835,9.16,0.423,-2.693
436.855,2.972,-9.169,-10.225
436.875,10.871,-1.245,-5.986
436.895,8.515,-1.366,-8.554
436.915,7.272,2.883,1.424
436.935,5.959,3.629,-6.712
436.955,8.345,11.453,-3.214
436.975,6.805,9.511,-6.724
436.995,8.739,-3.331,-5.961
437.015,1.335,11.97,-6.944
437.035,2.719,9.432,-2.617
437.055,10.437,2.165,-4.374
437.075,-5.525,0.808,-4.88
437.095,3.713,12.932,-6.014
437.115,-3.811,5.941,0.53
437.135,-0.38,6.281,-0.083
437.155,0.195,7.288,-0.077
437.175,3.575,15.743,-0.037
437.195,-6.94,6.501,4.931
437.215,-2.803,3.764,7.82
437.235,-1.641,8.721,1.846
437.255,-3.897,7.968,4.75
437.275,-3.183,10.537,1.838
437.295,-1.488,11.18,3.16
437.315,-10.693,7.968,4.285
437.335,-3.501,-2.485,1.219
437.355,0.85,2.975,3.756
437.375,-13.571,-4.397,5.028
437.395,-10.123,-6.363,9.898
437.415,-9.529,3.654,10.664
437.435,-4.499,-1.732,7.987
437.455,-8.6,-3.056,8.6
437.475,-5.465,-1.825,6.939
437.495,-4.806,1.279,6.647
437.515,-10.217,-0.291,7.815
437.535,-5.605,-4.207,0.431
437.555,-11.103,-7.233,5.729
437.575,-5.116,-5.43,11.305
437.595,-0.287,-5.248,4.0
437.615,-7.692,-4.561,0.93
437.635,-6.793,-7.95,12.343
437.655,-1.604,-4.817,14.726
437.675,1.732,-7.629,5.366
437.695,-4.568,-8.975,8.649
437.715,4.815,-5.51,7.158
437.735,5.64,1.437,2.261
437.755,1.051,-7.144,3.688
437.775,1.116,-0.383,3.496
437.795,2.568,-9.199,1.356
437.815,9.341,-2.274,-1.801
437.835,4.68,-0.877,-6.541
437.855,4.76,-5.418,2.32
437.875,6.834,-0.917,-0.107
437.895,5.397,-5.807,-1.191
437.915,1.191,-2.942,-4.495
437.935,7.207,2.402,-2.831
437.955,5.836,3.229,-3.427
437.975,11.147,1.06,-0.94
437.995,12.198,2.664,2.335
438.015,3.439,12.556,0.991
438.035,11.172,7.167,3.937
438.055,4.635,3.139,-4.873
438.075,4.185,1.409,-3.343
438.095,12.77,12.745,-0.102
438.115,5.163,5.903,-13.856
438.135,13.899,10.128,-9.984
438.155,8.965,6.637,-4.316
438.175,1.428,12.939,-9.435
438.195,8.38,12.882,-13.429
438.215,7.468,10.622,-10.179
438.235,8.202,7.352,-5.377
438.255,4.773,1.797,-3.041
438.275,6.806,4.393,-10.173
438.295,-0.623,8.011,-11.997
438.315,-3.566,3.911,-10.93
438.335,-3.309,10.713,-3.881
438.355,-0.309,6.071,-1.281
438.375,-2.423,6.777,-14.822
438.395,-3.79,3.277,0.849
438.415,-1.527,-2.631,-13.533
438.435,-1.978,-0.173,-5.682
438.455,-4.704,-4.895,0.606
438.475,-1.328,4.756,-9.561
438.495,-1.803,-0.267,-4.962
438.515,-9.876,-4.839,-10.751
438.535,-1.029,-4.276,1.08
438.555,-10.102,-10.508,-13.614
438.575,-14.675,-1.569,-13.732
438.595,-6.507,1.113,-4.315
438.615,-7.435,-6.766,-4.514
438.635,-3.722,-3.334,-0.408
438.655,-2.304,-9.514,-0.663
438.675,-8.506,-6.127,-2.711
438.695,-12.677,-14.73,-1.085
438.715,-11.761,-4.739,-11.612
438.735,-12.608,-2.699,-1.45
438.755,-11.525,-7.551,-1.969
438.775,-1.888,-8.344,0.588
438.795,-2.035,-12.174,0.12
438.815,-9.145,-4.634,7.811
438.835,-4.431,-1.26,4.307
438.855,-2.228,-11.487,4.723
438.875,-9.74,-6.84,8.513
438.895,-5.533,-8.118,1.848
438.915,-2.584,0.135,7.282
438.935,0.078,-3.073,5.735
438.955,-6.531,1.043,8.011
438.975,2.654,2.996,13.535
438.995,-5.417,1.486,3.652
439.015,-2.094,0.661,7.726
439.035,3.96,1.665,9.841
439.055,-3.393,0.04,2.36
439.075,-5.403,14.639,4.321
439.095,5.752,4.91,5.398
439.115,5.381,10.903,5.098
439.135,3.67,10.991,6.239
439.155,2.399,13.979,5.771
439.175,7.879,9.212,3.313
439.195,16.329,5.643,16.321
439.215,11.251,10.338,6.985
439.235,11.237,9.853,7.276
439.255,9.221,4.08,2.617
439.275,2.167,6.576,0.901
439.295,5.575,10.105,6.708
439.315,9.447,7.035,-0.385
439.335,7.797,7.243,3.914
439.355,12.232,14.8,1.46
439.375,11.163,7.354,5.062
439.395,14.051,4.119,-2.245
439.415,3.538,3.699,5.518
439.435,16.931,0.508,3.74
439.455,5.99,-2.907,6.8
439.475,13.021,-0.642,0.554
439.495,3.601,1.402,0.774
439.515,7.864,-1.372,-3.408
439.535,14.285,-12.455,-9.519
439.555,0.341,1.684,-10.489
439.575,7.357,5.584,0.679
439.595,5.443,-11.088,-1.701
439.615,1.365,-8.379,-3.664
439.635,4.581,-4.51,-7.522
439.655,-0.007,-6.629,-7.082
439.675,3.514,-10.112,-14.828
439.695,0.348,-7.709,-6.952
439.715,0.006,-6.982,1.052
439.735,-1.102,-9.076,-8.718
439.755,-8.073,-9.696,-7.992
439.775,-7.768,-0.444,-11.71
439.795,-8.652,-7.904,-5.375
439.815,-10.076,-7.223,-10.91
439.835,-7.258,-9.066,-4.231
439.855,-13.228,-6.891,-0.355
439.875,-5.837,-1.967,-10.195
439.895,-10.261,-7.922,-18.882
439.915,-5.661,-3.512,-2.809
439.935,-6.874,-10.801,-9.317
439.955,-11.194,-3.44,-7.289
439.975,-6.57,-1.542,-7.637
439.995,-10.228,-7.834,-3.116
440.015,1.502,0.152,-11.789
440.035,-11.503,1.523,-8.647
440.055,-3.549,-0.41,-9.947
440.075,-2.964,-2.09,-6.617
440.095,-2.433,8.66,1.998
440.115,4.318,4.801,-8.86
440.135,-4.228,6.267,-3.148
440.155,-3.655,7.423,-1.855
440.175,-0.471,6.38,-2.753
440.195,8.36,0.2,-2.405
440.215,3.445,4.943,-2.738
440.235,-2.334,3.739,-0.002
440.255,10.291,6.739,2.56
440.275,1.114,6.602,-4.71
440.295,2.146,7.475,6.674
440.315,9.995,6.942,-3.415
440.335,2.975,3.062,8.052
440.355,0.601,7.757,6.971
440.375,6.698,5.798,7.568
440.395,11.325,4.752,6.141
440.415,3.171,4.879,10.27
440.435,9.442,1.555,-0.2
440.455,5.023,4.481,0.068
440.475,4.939,4.074,17.337
440.495,4.753,3.667,10.241
440.515,11.908,4.529,2.169
440.535,10.486,4.472,9.478
440.555,11.597,4.149,8.319
440.575,12.148,-0.448,10.89
440.595,4.699,-0.82,6.431
440.615,5.482,-10.152,3.198
440.635,4.047,-6.888,6.03
440.655,13.691,-11.809,8.581
440.675,11.376,-11.256,7.522
440.695,3.745,-11.347,7.538
440.715,7.795,-5.424,5.197
440.735,6.963,-12.447,7.766
440.755,10.035,-14.501,4.829
440.775,0.216,-6.245,3.9
440.795,7.1,-10.806,11.616
440.815,5.078,-9.322,13.736
440.835,0.158,-11.824,3.988
440.855,7.549,-10.031,5.583
440.875,2.967,-8.055,5.521
440.895,1.013,-4.068,10.611
440.915,3.658,-7.298,5.854
440.935,2.485,-0.883,5.322
440.955,-4.367,-9.609,-9.498
440.975,0.639,-2.089,0.614
440.995,3.153,2.796,11.958
441.015,-0.152,-6.638,-1.344
441.035,-0.973,-8.032,-0.827
441.055,-6.967,-5.854,-4.946
441.075,-6.862,-9.795,-9.881
441.095,-8.72,2.771,-2.976
441.115,2.408,0.749,-2.416
441.135,-3.949,1.758,-2.506
441.155,-3.263,6.824,-6.531
441.175,-4.528,-0.302,-4.175
441.195,-5.41,12.036,-7.71
441.215,-9.307,10.952,-6.978
441.235,-2.488,4.769,-1.734
441.255,-8.904,12.185,1.003
441.275,-9.74,7.37,-4.476
441.295,-8.274,0.638,-7.007
441.315,-8.272,13.43,-6.802
441.335,-15.084,14.148,-10.709
441.355,-4.742,13.197,-8.785
441.375,-7.442,8.896,-4.16
441.395,-3.473,11.561,-3.754
441.415,3.77,6.985,-10.74
441.435,-16.81,4.138,-13.309
441.455,-6.912,0.534,-7.943
441.475,-0.32,4.311,-5.606
441.495,1.855,8.35,-4.592
441.515,-5.302,2.429,-6.148
441.535,-5.434,-1.347,-9.366
441.555,0.051,-0.457,-1.42
441.575,-0.851,-5.425,-8.671
441.595,-0.224,3.972,-2.791
441.615,-1.729,0.552,-14.241
441.635,8.709,-3.071,-7.987
441.655,8.167,-3.508,-4.723
441.675,2.506,-4.639,-9.653
441.695,6.951,-2.153,-11.951
441.715,9.132,-6.59,-2.794
441.735,5.753,-8.309,-7.344
441.755,7.827,-8.612,-2.279
441.775,9.797,-12.03,-9.016
441.795,5.797,-7.462,3.665
441.815,13.344,-8.853,6.208
441.835,13.105,-7.228,-8.605
441.855,13.873,-10.515,-7.43
441.875,6.467,-8.173,4.153
441.895,12.473,-9.224,-3.673
441.915,4.832,-8.513,5.609
441.935,5.44,-8.067,-1.602
441.955,5.251,-6.2,2.701
441.975,7.187,-9.953,0.752
441.995,5.976,-5.301,4.643
442.015,7.119,-8.028,1.107
442.035,5.394,-1.874,1.868
442.055,3.485,2.944,3.775
442.075,5.316,5.537,5.897
442.095,3.369,1.315,-0.488
442.115,8.184,0.691,1.972
442.135,-1.671,0.544,-2.084
442.155,-1.321,6.964,8.402
442.175,1.239,-1.069,10.855
442.195,0.609,-0.225,3.434
442.215,-7.289,4.717,4.444
442.235,-1.401,1.817,12.633
442.255,-2.401,7.569,5.873
442.275,-10.353,7.933,7.852
442.295,-11.411,11.303,9.669
442.315,-6.028,4.732,2.874
442.335,-5.826,0.831,0.642
442.355,-1.38,5.012,2.702
442.375,-3.579,8.596,3.025
442.395,-0.202,8.914,6.181
442.415,-9.94,10.865,9.739
442.435,-10.442,1.42,-1.925
442.455,-2.561,8.9,-0.797
442.475,-2.996,5.999,1.73
442.495,-5.231,9.929,4.017
442.515,-6.776,1.39,9.699
442.535,-7.328,4.922,1.83
442.555,-0.998,3.891,2.815
442.575,-4.258,-4.114,3.333
442.595,-4.279,6.868,-1.932
442.615,2.455,0.75,1.499
442.635,-1.814,-0.206,0.354
442.655,-7.052,-12.851,0.834
442.675,-5.172,1.272,-9.969
442.695,-1.95,-6.476,-3.1
442.715,-1.644,-5.881,-0.588
442.735,-1.414,-8.307,-6.304
442.755,1.761,-2.147,-1.44
442.775,-2.684,-5.528,-11.135
442.795,-4.841,-2.03,-0.716
442.815,-0.105,-12.237,-9.561
442.835,-1.361,-7.578,-9.247
442.855,6.213,-8.164,-7.582
442.875,6.518,-1.771,-6.337
442.895,1.358,-7.076,-6.995
442.915,11.91,-17.281,-2.502
442.935,4.568,-10.442,-6.436
442.955,9.881,-11.479,-9.664
442.975,4.194,0.786,-8.383
442.995,3.583,-6.798,-15.176
443.015,9.599,-4.183,-7.383
443.035,9.727,2.867,-5.145
443.055,16.02,0.119,-16.055
443.075,14.453,-2.676,-4.624
443.095,7.463,-2.051,-7.919
443.115,5.069,-0.821,-5.402
443.135,13.874,1.251,-11.586
443.155,11.539,-8.288,-4.878
443.175,10.123,1.021,-12.59
443.195,5.224,4.424,-4.481
443.215,7.026,-2.718,-5.657
443.235,14.573,-2.509,0.718
443.255,7.421,2.882,-7.155
443.275,2.263,9.906,-6.94
443.295,13.634,8.748,-15.786
443.315,-1.722,5.824,-7.706
443.335,1.011,3.973,2.895
443.355,4.161,12.112,6.799
443.375,-1.964,7.261,1.884
443.395,-3.133,1.977,0.955
443.415,4.382,5.714,-8.241
443.435,-3.159,4.658,1.769
443.455,-0.996,6.809,5.654
443.475,2.432,9.526,-3.117
443.495,-2.135,5.289,7.829
443.515,-4.108,6.355,0.528
443.535,-4.191,8.035,6.731
443.555,-7.216,13.019,4.105
443.575,-7.897,5.988,-0.9
443.595,-6.663,5.085,3.756
443.615,-9.686,3.902,2.328
443.635,-3.162,3.817,5.706
443.655,1.672,0.145,8.848
443.675,-14.938,4.202,5.887
443.695,-10.194,-2.411,9.026
443.715,-11.002,-2.794,4.531
443.735,-10.88,-9.785,7.291
443.755,-5.0,-7.642,11.641
443.775,-8.638,-6.788,6.212
443.795,-10.346,-3.317,10.678
443.815,-4.328,-2.789,9.127
443.835,2.288,-13.42,4.281
443.855,-5.087,-9.982,3.175
443.875,-8.856,-6.352,5.564
443.895,-6.649,-4.135,3.112
443.915,-2.623,-11.07,12.45
443.935,-2.894,-17.725,1.371
443.955,0.859,-2.284,7.849
443.975,-3.01,-12.715,3.673
443.995,-7.164,-18.054,1.245
444.015,4.818,-11.57,4.912
444.035,-5.682,-3.825,0.613
444.055,4.192,-9.753,5.231
444.075,3.476,-3.999,-0.927
444.095,6.13,-0.605,7.052
444.115,1.474,-9.57,2.184
444.135,9.096,-3.802,-0.662
444.155,8.053,-1.832,3.78
444.175,3.688,-2.425,1.473
444.195,7.31,-8.457,-3.413
444.215,11.515,-2.531,2.219
444.235,0.908,-0.159,-4.864
444.255,12.722,-3.86,-2.092
444.275,6.603,3.524,-9.211
444.295,7.287,7.929,-2.091
444.315,12.029,3.353,-5.043
444.335,10.283,8.528,-2.434
444.355,8.244,5.554,-0.39
444.375,4.88,4.855,-6.596
444.395,6.081,1.71,-10.324
444.415,9.694,5.358,-6.778
444.435,11.981,6.936,-8.205
444.455,6.098,2.888,-7.809
444.475,7.746,12.68,-8.455
444.495,3.486,6.874,-5.388
444.515,8.682,7.543,-5.007
444.535,5.927,7.589,-7.347
444.555,9.908,8.071,-5.389
444.575,4.884,14.371,-8.596
444.595,9.085,0.606,-13.04
444.615,4.09,7.656,-6.86
444.635,3.971,9.752,-11.221
444.655,6.652,5.232,-10.319
444.675,2.668,-0.28,-10.153
444.695,0.22,-3.095,-9.983
444.715,0.077,-4.758,-15.236
444.735,-2.858,-2.072,-10.889
444.755,0.365,3.286,-10.045
444.775,0.133,-2.793,-5.384
444.795,-7.166,-2.19,-9.188
444.815,-5.165,-7.921,-3.156
444.835,-8.36,-5.661,-4.368
444.855,-5.173,-1.932,-3.545
444.875,-14.595,-2.441,-0.922
444.895,-16.062,-9.621,-1.858
444.915,-5.743,-4.379,-8.566
444.935,-8.75,-7.116,-7.493
444.955,1.659,-2.146,-1.074
444.975,-3.046,-8.098,2.732
444.995,-3.869,-2.687,1.672
445.015,-7.853,-11.556,-4.068
445.035,-12.242,-11.857,-2.866
445.055,-12.03,-11.082,2.604
445.075,-5.3,-8.615,-0.481
445.095,-1.472,-12.365,-0.273
445.115,-3.25,-6.263,2.525
445.135,-6.559,-2.827,11.226
445.155,-0.274,-0.882,3.03
445.175,-7.48,0.17,3.684
445.195,-9.306,-3.633,5.017
445.215,4.755,1.612,10.891
445.235,2.387,3.594,7.145
445.255,-0.475,-0.375,7.012
445.275,2.94,3.809,7.434
445.295,1.154,1.186,14.609
445.315,3.888,9.053,3.623
445.335,4.825,-2.323,6.101
445.355,-2.958,6.256,8.616
445.375,6.556,5.382,9.888
445.395,12.822,7.715,8.689
445.415,0.993,14.434,-0.263
445.435,4.382,2.795,6.577
445.455,8.067,8.898,10.717
445.475,2.011,4.295,9.198
445.495,10.317,8.278,6.524
445.515,8.525,12.447,2.325
445.535,7.57,9.418,8.629
445.555,-1.278,5.963,1.039
445.575,6.955,10.261,5.319
445.595,7.282,8.108,5.292
445.615,9.256,9.647,7.314
445.635,3.912,5.41,7.968
445.655,10.67,3.307,4.127
445.675,7.304,8.099,6.504
445.695,10.31,0.416,0.059
445.715,8.071,4.237,6.679
445.735,15.376,3.504,-0.29
445.755,3.765,3.934,-7.104
445.775,12.52,-0.576,4.107
445.795,4.252,3.795,7.352
445.815,0.271,-2.079,-6.759
445.835,9.193,-8.067,2.924
445.855,5.787,-2.194,-5.331
445.875,-0.153,-7.635,-7.978
445.895,7.258,-5.689,-12.922
445.915,0.386,-12.746,0.868
445.935,3.432,-10.713,-7.848
445.955,1.783,-10.843,8.134
445.975,8.577,-0.864,-2.213
445.995,-2.128,-12.641,-2.53
446.015,0.749,-13.359,-11.461
446.035,-1.786,-5.947,-8.776
446.055,-3.782,-11.183,-12.327
446.075,-2.963,-5.311,-5.652
446.095,-4.875,-8.533,-9.744
446.115,-3.857,-0.204,-16.344
446.135,-5.857,-11.601,-8.597
446.155,-3.093,-4.232,-10.755
446.175,-2.235,-4.533,-4.875
446.195,-4.204,-6.223,-10.041
446.215,-6.762,-4.851,-8.794
446.235,-3.125,-5.786,-12.052
446.255,-6.29,-1.172,-4.138
446.275,-7.013,2.193,-9.239
446.295,-9.534,-0.131,-9.008
446.315,-12.407,0.342,-4.697
446.335,-6.567,-1.151,-8.561
446.355,-9.493,5.023,-5.545
446.375,-3.315,7.706,-7.093
446.395,-2.417,7.37,-1.602
446.415,-4.974,3.176,-7.681
446.435,-3.58,8.99,-10.404
446.455,0.259,5.167,0.214
446.475,-1.734,7.45,-1.677
446.495,-1.403,-4.17,-4.284
446.515,2.204,9.629,0.032
446.535,-0.93,8.754,-7.09
446.555,-2.638,12.629,1.069
446.575,2.066,4.551,1.852
446.595,1.808,13.437,-3.834
446.615,5.199,8.726,-0.994
446.635,8.934,8.927,2.261
446.655,2.837,13.066,1.278
446.675,4.709,5.762,7.429
446.695,1.311,10.17,3.439
446.715,11.115,-3.233,-2.091
446.735,9.509,-3.5,4.762
446.755,5.561,0.393,0.035
446.775,10.035,3.424,6.711
446.795,4.475,2.938,6.068
446.815,1.877,2.788,-5.226
446.835,5.79,-2.35,8.216
446.855,17.453,2.908,7.266
446.875,4.577,-10.719,10.373
446.895,5.246,-4.237,9.035
446.915,17.013,-10.829,2.627
446.935,9.767,-4.977,4.052
446.955,18.517,-5.264,11.792
446.975,7.193,-2.148,11.501
446.995,10.31,-10.603,10.345
447.015,10.615,-9.808,6.242
447.035,5.964,-10.302,6.073
447.055,9.739,-7.485,7.506
447.075,6.591,-6.782,7.404
447.095,-2.145,-8.23,1.512
447.115,8.133,-10.761,12.925
447.135,3.451,-5.159,2.417
447.155,5.594,-11.42,2.439
447.175,6.891,-13.563,13.884
447.195,2.095,-8.235,1.336
447.215,-0.702,0.819,9.492
447.235,-0.454,-7.463,-0.487
447.255,-7.743,-3.341,6.606
447.275,-3.212,-6.421,-4.624
447.295,-2.579,-1.774,-1.062
447.315,-3.981,-3.582,4.209
447.335,-12.176,-2.516,1.867
447.355,-9.685,5.875,-5.159
447.375,-3.397,5.88,-0.537
447.395,-10.341,3.849,-4.665
447.415,-4.796,5.769,-6.422
447.435,-17.996,12.216,5.211
447.455,-4.938,0.963,-5.388
447.475,-13.866,9.217,-2.61
447.495,-6.107,4.117,-8.59
447.515,-4.23,1.821,-0.762
447.535,-3.819,10.561,-4.692
447.555,-7.312,16.993,-5.344
447.575,-6.833,6.627,-4.338
447.595,-16.163,10.617,-1.719
447.615,-12.165,11.131,-3.73
447.635,-9.568,10.374,-4.255
447.655,-6.769,11.732,-19.061
447.675,-8.243,9.851,-4.281
447.695,-2.603,0.629,-8.53
447.715,-1.235,5.95,-11.362
447.735,-2.4,9.572,-18.313
447.755,5.378,0.689,-5.641
447.775,2.922,10.124,1.948
447.795,-2.672,7.447,-19.614
447.815,-5.537,-3.641,-11.072
447.835,0.57,5.944,-5.21
447.855,8.328,3.671,-8.873
447.875,3.794,-4.934,-13.299
447.895,0.41,-2.569,-6.217
447.915,11.489,-2.093,-1.332
447.935,7.123,-2.216,-3.897
447.955,9.387,-3.207,-3.335
447.975,-3.276,-3.964,-7.844
447.995,13.036,-3.468,-2.611
448.015,9.592,-8.596,-1.243
448.035,8.171,-3.1,-2.458
448.055,7.556,-9.465,2.285
448.075,8.457,-5.767,-0.073
448.095,4.644,-10.283,-9.772
448.115,9.81,-9.404,-3.183
448.135,1.445,-8.085,-3.267
448.155,17.812,-5.261,-7.551
448.175,3.506,-10.724,-0.157
448.195,11.455,-16.157,2.079
448.215,10.342,-5.91,-1.909
448.235,5.79,-10.044,5.717
448.255,7.151,-4.794,0.205
448.275,6.777,-2.603,7.189
448.295,7.183,-8.266,2.245
448.315,5.551,7.005,6.105
448.335,9.837,-5.741,6.442
448.355,-4.257,-6.912,5.582
448.375,9.17,-1.071,7.919
448.395,-2.707,-3.474,8.979
448.415,6.827,2.49,1.62
448.435,0.87,7.624,4.906
448.455,10.331,1.829,11.201
448.475,4.159,5.097,9.098
448.495,-2.309,10.934,11.787
448.515,2.77,1.787,0.771
448.535,-2.145,13.224,11.858
448.555,-5.987,3.079,7.449
448.575,0.032,-3.191,5.295
448.595,-5.456,9.188,8.678
448.615,0.023,2.491,13.046
448.635,-9.803,10.325,0.744
448.655,-6.057,9.295,7.983
448.675,-7.166,11.741,0.685
448.695,-7.035,3.621,2.506
448.715,-4.617,2.827,2.496
448.735,0.516,4.554,3.623
448.755,-4.464,8.71,4.468
448.775,0.067,3.701,2.647
448.795,-2.391,1.154,2.504
448.815,-8.625,5.787,3.392
448.835,-9.026,6.658,-1.3
448.855,-7.086,3.567,-2.198
448.875,-5.815,-2.269,-0.357
448.895,-1.684,-8.565,5.177
448.915,-3.06,-3.432,-0.968
448.935,-8.298,3.572,8.005
448.955,-1.903,3.048,1.595
448.975,-4.302,-7.773,-0.873
448.995,-6.593,-3.469,-3.943
449.015,-1.196,-6.088,-7.197
449.035,4.992,-6.073,-4.408
449.055,8.159,-5.103,-2.693
449.075,-3.15,-9.472,-10.246
449.095,0.806,-6.283,-5.312
449.115,5.889,-14.069,-5.642
449.135,2.007,-5.364,-7.714
449.155,2.089,-2.859,-8.893
449.175,4.546,-17.186,-3.067
449.195,8.536,-11.736,-8.738
449.215,3.464,-10.771,-5.737
449.235,2.279,-2.005,-7.809
449.255,8.334,-15.335,-6.581
449.275,6.951,-11.198,-14.757
449.295,2.805,-8.417,-11.499
449.315,6.898,-2.753,-15.454
449.335,6.673,1.893,-8.109
449.355,17.096,-2.693,-8.274
449.375,11.806,-9.128,-3.577
449.395,11.452,-4.11,0.716
449.415,11.591,5.573,-7.786
449.435,4.313,4.214,-10.382
449.455,13.612,-2.939,-11.122
449.475,7.797,-2.605,-15.337
449.495,5.959,3.23,-11.768
449.515,4.071,-0.646,-7.053
449.535,16.314,0.483,1.087
449.555,3.387,1.511,-5.384
449.575,0.058,14.137,-4.626
449.595,3.634,5.634,1.948
449.615,5.549,8.217,-1.69
449.635,3.72,4.88,2.112
449.655,1.819,5.807,2.713
449.675,1.47,0.383,-2.939
449.695,-3.642,7.738,-11.284
449.715,-3.63,13.401,14.616
449.735,3.941,11.588,-0.363
449.755,1.703,6.53,6.018
449.775,-7.99,10.841,1.042
449.795,-6.092,12.451,-2.61
449.815,-8.235,1.552,-1.693
449.835,-2.676,8.219,6.186
449.855,0.285,-1.581,11.785
449.875,-8.288,-0.454,-1.839
449.895,-4.746,7.731,0.347
449.915,-8.995,5.452,-2.778
449.935,-9.823,0.072,7.357
449.955,-8.691,1.528,9.58
449.975,-4.332,-4.346,4.998
449.995,-7.724,0.307,1.92
450.015,0.759,-0.301,-0.49
450.035,0.912,-0.285,-0.449
450.055,0.826,-0.512,-1.073
450.075,0.828,-0.126,-0.743
450.095,0.766,-0.2,-0.558
450.115,0.964,0.032,-0.594
450.135,0.645,-0.461,-0.751
450.155,0.628,-0.347,-0.671
450.175,0.313,-0.344,-0.465
450.195,0.905,-0.468,-0.579
450.215,0.699,-0.297,-0.541
450.235,1.306,-0.281,-0.775
450.255,0.628,-0.285,-0.938
450.275,0.713,-0.462,-0.632
450.295,0.805,-0.444,-0.52
450.315,0.479,-0.496,-0.812
450.335,0.767,-0.539,-0.628
450.355,0.7,-0.401,-0.675
450.375,0.625,-0.089,-1.012
450.395,0.922,0.028,-0.718
450.415,0.502,-0.119,-0.65
450.435,0.732,-0.463,-0.763
450.455,0.957,-0.298,-0.434
450.475,0.541,-0.787,-0.914
450.495,0.615,-0.429,-0.247
450.515,1.15,-0.475,-0.695
450.535,0.774,-0.019,-0.738
450.555,0.581,-0.343,-0.532
450.575,0.842,-0.374,-1.019
450.595,0.563,-0.402,-0.267
450.615,0.362,-0.441,-0.841
450.635,0.939,-0.27,-0.518
450.655,0.461,-0.52,-0.692
450.675,1.169,-0.263,-0.883
450.695,0.587,-0.082,-0.481
450.715,1.119,-0.346,-0.601
450.735,0.423,-0.425,-0.09
450.755,0.907,-0.389,-0.628
450.775,0.79,-0.141,-0.828
450.795,0.841,-0.348,-1.077
450.815,0.848,-0.509,-0.855
450.835,0.545,-0.226,-0.656
450.855,0.387,-0.505,-0.757
450.875,0.665,-0.399,-0.552
450.895,0.739,-0.307,-0.607
450.915,0.614,-0.527,-0.957
450.935,0.753,-0.716,-0.785
450.955,0.774,-0.267,-0.863
450.975,0.527,-0.788,-0.619
450.995,0.775,-0.534,-0.576
451.015,0.659,-0.189,-0.791
451.035,0.567,-0.262,-1.006
451.055,0.882,-0.361,-0.117
451.075,0.576,-0.507,-0.589
451.095,0.635,-0.411,-0.587
451.115,0.727,-0.212,-1.016
451.135,0.99,-0.368,-0.523
451.155,0.766,-0.573,-0.428
451.175,0.834,-0.506,-0.578
451.195,0.679,-0.411,-0.626
451.215,0.723,-0.238,-0.631
451.235,0.724,-0.292,-0.831
451.255,0.79,-0.547,-0.807
451.275,0.677,-0.035,-0.723
451.295,0.999,-0.472,-0.453
451.315,0.651,-0.243,-0.632
451.335,0.37,-0.518,-0.837
451.355,1.262,0.169,-0.819
451.375,0.643,-0.057,-1.112
451.395,0.958,-0.482,-0.592
451.415,0.972,-0.333,-0.731
451.435,0.88,-0.554,-0.648
451.455,0.655,-0.416,-0.086
451.475,0.759,-0.257,-0.775
451.495,0.448,-0.176,-0.653
451.515,1.092,-0.591,-0.823
451.535,0.528,-0.492,-0.727
451.555,0.64,-0.154,-0.886
451.575,0.704,-0.07,-0.914
451.595,0.656,-0.505,-1.051
451.615,0.541,-0.162,-0.884
451.635,0.96,-0.595,-0.62
451.655,0.876,-0.415,-0.735
451.675,0.757,-0.586,-0.725
451.695,0.625,-0.452,-0.771
451.715,0.906,-0.006,-0.652
451.735,0.601,-0.418,-0.652
451.755,1.006,-0.462,-0.687
451.775,0.718,-0.525,-0.749
451.795,0.944,-0.47,-0.53
451.815,0.66,-0.558,-1.093
451.835,0.71,-0.372,-0.833
451.855,0.935,-0.402,-0.862
451.875,1.131,-0.5,-0.593
451.895,1.008,-0.529,-0.835
451.915,0.872,-0.407,-0.932
451.935,0.803,-0.604,-0.711
451.955,0.585,-0.515,-0.582
451.975,0.745,-0.561,-0.586
451.995,0.503,-0.919,-0.544
452.015,0.758,-0.309,-0.692
452.035,0.778,-0.844,-0.641
452.055,0.314,-0.839,-0.758
452.075,0.732,-0.308,-0.756
452.095,0.814,-0.707,-0.884
452.115,0.721,-0.907,-0.545
452.135,0.794,-0.229,-1.042
452.155,0.456,-0.62,-0.941
452.175,0.574,-0.233,-0.31
452.195,0.915,-0.653,-0.708
452.215,0.727,-0.81,-0.66
452.235,0.794,-0.554,-0.941
452.255,0.608,-0.742,-0.605
452.275,0.711,-0.416,-0.421
452.295,0.249,-0.353,-0.392
452.315,0.883,-0.32,-0.975
452.335,1.089,-0.569,-0.439
452.355,0.505,-0.237,-0.684
452.375,0.53,-0.704,-1.185
452.395,0.804,-0.494,-0.994
452.415,1.007,-0.552,-1.067
452.435,0.704,-0.138,-0.579
452.455,0.478,-0.287,-0.739
452.475,0.691,-0.53,-0.823
452.495,0.528,-0.5,-0.72
452.515,0.604,-0.237,-0.365
452.535,0.687,-0.682,-0.792
452.555,0.555,-0.942,-0.672
452.575,0.576,-0.709,-0.626
452.595,0.744,-0.593,-0.996
452.615,0.781,-0.254,-0.64
452.635,0.476,-0.33,-0.566
452.655,0.838,-0.553,-0.554
452.675,0.671,-0.437,-0.775
452.695,0.894,-0.661,-0.563
452.715,0.905,-0.083,-0.643
452.735,0.652,-0.258,-0.726
452.755,0.885,-0.493,-0.57
452.775,0.6,-0.529,-0.404
452.795,1.028,-0.364,-0.561
452.815,0.605,-0.527,-0.76
452.835,0.823,-0.877,-0.827
452.855,0.712,-0.21,-0.627
452.875,0.539,-0.274,-0.696
452.895,0.925,-0.435,-0.504
452.915,0.619,-0.587,-0.916
452.935,0.389,-0.502,-0.524
452.955,0.158,-1.034,-0.992
452.975,0.563,-0.721,-0.744
452.995,1.023,-0.133,-0.591
453.015,0.997,-0.376,-0.736
453.035,0.596,-0.859,-0.614
453.055,0.657,-0.649,-0.432
453.075,0.643,-0.861,-0.828
453.095,0.473,-0.626,-1.005
453.115,0.545,-0.502,-0.936
453.135,0.929,-0.155,-0.741
453.155,0.837,-0.313,-0.474
453.175,0.791,-0.518,-0.773
453.195,0.47,-0.509,-0.274
453.215,0.771,-0.622,-0.965
453.235,0.277,-0.249,-1.072
453.255,0.903,-0.201,-0.678
453.275,0.801,-0.709,-0.838
453.295,0.483,-0.795,-0.881
453.315,1.067,-0.519,-0.726
453.335,0.388,-0.502,-0.965
453.355,0.856,-0.415,-0.616
453.375,0.871,-0.795,-0.682
453.395,0.52,-0.583,-0.793
453.415,0.754,-0.457,-0.673
453.435,0.435,-0.608,-0.319
453.455,0.199,-0.297,-0.754
453.475,0.547,-0.09,-0.805
453.495,0.638,-0.568,-0.582
453.515,0.873,-0.285,-0.833
453.535,0.759,-0.542,-0.605
453.555,0.767,-0.674,-0.532
453.575,0.541,-0.63,-0.399
453.595,0.646,-0.333,-0.74
453.615,0.576,-0.63,-0.922
453.635,0.508,-0.602,-0.707
453.655,0.645,-0.736,-0.612
453.675,0.779,-0.392,-0.757
453.695,0.642,-0.435,-0.609
453.715,0.705,-0.23,-0.29
453.735,0.909,-0.385,-0.746
453.755,0.66,-0.417,-0.784
453.775,0.487,-0.376,-0.438
453.795,0.867,-0.543,-0.881
453.815,0.812,-0.48,-0.631
453.835,0.835,-0.314,-0.744
453.855,0.898,-0.662,-0.973
453.875,0.853,-0.143,-0.673
453.895,0.761,-0.36,-0.782
453.915,1.256,-0.08,-0.555
453.935,0.54,-0.711,-0.629
453.955,0.683,-0.714,-0.623
453.975,1.001,-0.414,-0.827
453.995,0.84,-0.461,-0.75
454.015,0.977,-0.577,-0.59
454.035,0.866,-0.745,-0.816
454.055,1.109,-0.55,-0.627
454.075,0.646,-0.434,-0.53
454.095,1.12,-0.747,-0.452
454.115,1.082,-0.568,-0.701
454.135,0.614,-0.397,-0.695
454.155,0.989,-0.327,-0.582
454.175,0.85,-0.556,-0.754
454.195,0.75,-0.664,-0.891
454.215,0.5,-0.492,-0.535
454.235,0.675,-0.557,-0.651
454.255,1.023,-0.792,-0.479
454.275,1.056,-0.606,-0.709
454.295,0.853,-0.632,-0.604
454.315,1.055,-0.511,-0.988
454.335,1.073,-0.668,-0.522
454.355,0.892,-0.632,-0.757
454.375,0.711,-0.557,-0.68
454.395,0.938,-0.396,-0.685
454.415,0.966,-0.497,-0.714
454.435,0.987,0.01,-0.629
454.455,1.023,-0.769,-0.647
454.475,0.563,-0.34,-0.591
454.495,0.728,-0.541,-0.909
454.515,0.476,-0.786,-0.495
454.535,0.987,-0.585,-0.685
454.555,0.793,-0.817,-0.573
454.575,0.905,-0.497,-0.675
454.595,0.527,-0.562,-0.851
454.615,1.112,-0.617,-0.129
454.635,0.576,-0.688,-0.604
454.655,0.979,-0.262,-0.942
454.675,0.861,-0.482,-0.648
454.695,0.81,-0.414,-0.723
454.715,0.797,-0.412,-0.683
454.735,0.709,-0.414,-0.984
454.755,1.113,-0.498,-0.669
454.775,0.854,-0.126,-0.843
454.795,0.592,0.026,-0.352
454.815,0.778,-0.129,-0.678
454.835,0.878,-0.425,-0.511
454.855,1.024,-0.445,-0.475
454.875,0.72,-0.218,-0.572
454.895,0.732,-0.575,-0.617
454.915,0.858,-0.08,-0.421
454.935,1.03,-0.28,-0.749
454.955,0.593,-0.494,-0.479
454.975,0.963,-0.398,-0.709
454.995,0.76,-0.335,-0.6
455.015,0.798,-0.561,-0.864
455.035,1.261,-0.268,-0.868
455.055,0.82,-0.211,-0.622
455.075,1.021,-0.526,-0.386
455.095,1.005,-0.575,-0.65
455.115,0.629,-0.491,-0.274
455.135,0.494,-0.702,-0.532
455.155,1.031,-0.81,-0.631
455.175,0.658,-0.557,-0.299
455.195,0.562,-0.66,-0.337
455.215,1.082,-0.121,-0.873
455.235,0.667,-0.561,-0.611
455.255,0.718,-0.399,-0.524
455.275,1.266,-0.616,-0.471
455.295,0.533,-0.138,-0.478
455.315,0.596,-0.542,-0.646
455.335,0.749,-0.765,-0.683
455.355,0.796,-0.379,-0.645
455.375,0.674,-0.449,-0.772
455.395,0.62,-0.264,-0.89
455.415,1.157,-0.546,-0.53
455.435,0.908,-0.499,-0.496
455.455,0.976,-0.81,-0.255
455.475,0.819,-0.349,-0.715
455.495,0.91,-0.495,-0.517
455.515,1.033,-0.548,-0.663
455.535,0.642,-0.573,-0.641
455.555,0.893,-0.58,-0.729
455.575,0.978,-0.356,-0.601
455.595,1.141,-0.699,-0.339
455.615,1.233,-0.359,-0.702
455.635,0.86,-0.826,-0.52
455.655,1.068,-0.89,-0.721
455.675,0.302,-0.219,-0.893
455.695,1.146,-0.705,-0.652
455.715,0.687,-0.477,-0.244
455.735,0.775,-0.556,-0.792
455.755,0.912,-0.419,-0.818
455.775,0.793,-0.466,-0.8
455.795,0.862,-0.279,-0.26
455.815,1.154,-0.787,-0.384
455.835,0.759,-0.373,-0.502
455.855,0.609,-0.511,-0.365
455.875,1.194,-0.828,-0.468
455.895,0.924,-0.627,-0.674
455.915,1.217,-0.848,-0.754
455.935,1.003,-0.878,-0.451
455.955,0.558,-0.634,-0.647
455.975,0.949,-0.308,-0.862
455.995,0.627,-0.488,-0.576
456.015,0.803,-0.278,-0.726
456.035,0.785,-0.524,-0.436
456.055,0.481,-0.229,-0.851
456.075,0.655,-0.241,-0.534
456.095,1.244,-0.729,-0.604
456.115,0.831,-0.531,-0.605
456.135,0.746,-0.691,-0.585
456.155,1.147,-0.582,-0.675
456.175,0.699,-0.236,-0.55
456.195,0.76,-0.696,-0.583
456.215,0.979,-0.804,-0.598
456.235,0.708,-0.793,-0.386
456.255,0.647,-0.638,-0.896
456.275,0.335,0.192,-0.511
456.295,0.592,-0.255,-0.567
456.315,0.575,-1.122,-0.505
456.335,0.809,-0.546,-0.484
456.355,0.647,-0.646,-0.459
456.375,1.198,-0.321,-0.65
456.395,0.549,-0.746,-0.697
456.415,1.051,-0.713,-0.458
456.435,0.805,-0.61,-0.254
456.455,0.938,-0.628,-0.606
456.475,0.911,-0.366,-0.754
456.495,0.301,-0.561,-0.393
456.515,0.735,-0.298,-0.73
456.535,0.705,-0.658,-0.514
456.555,0.512,-0.313,-0.781
456.575,0.835,-0.719,-0.64
456.595,1.085,-0.361,-0.581
456.615,0.208,-0.564,-0.636
456.635,0.653,-0.285,-0.519
456.655,0.505,-0.955,-0.491
456.675,0.773,-0.637,-0.643
456.695,0.694,-0.236,-0.651
456.715,0.632,-0.508,-0.3
456.735,0.885,-0.795,-0.607
456.755,1.077,-0.593,-0.516
456.775,1.279,-0.361,-0.866
456.795,0.595,-0.595,-0.235
456.815,0.369,-0.206,-0.514
456.835,0.839,-0.219,-0.997
456.855,1.054,-0.298,-0.783
456.875,0.889,-0.214,-0.723
456.895,1.053,-0.523,-0.244
456.915,0.694,-0.138,-0.09
456.935,0.623,-0.224,-0.471
456.955,0.78,-0.461,-0.355
456.975,0.701,-0.757,-0.318
456.995,0.908,-0.904,-0.772
457.015,0.967,-0.23,-0.565
457.035,0.961,-0.75,-0.565
457.055,0.841,-0.615,-0.257
457.075,0.786,-0.326,-0.142
457.095,0.9,-0.678,-0.132
457.115,0.359,0.064,-0.45
457.135,0.787,-0.368,-0.481
457.155,0.762,-0.114,-0.645
457.175,0.795,-0.198,-0.556
457.195,0.736,-0.931,-0.359
457.215,0.846,-0.278,-0.387
457.235,0.654,-0.436,-0.462
457.255,0.988,-0.46,-0.741
457.275,0.853,-0.47,-0.19
457.295,0.807,-0.257,-0.485
457.315,0.62,-0.135,-0.556
457.335,0.936,-0.703,-0.408
457.355,0.809,-0.441,-0.717
457.375,0.62,-0.162,-0.747
457.395,0.77,-0.496,-0.686
457.415,0.926,-0.402,-0.8
457.435,0.909,-0.402,-0.576
457.455,0.915,-0.028,-1.011
457.475,0.824,-0.294,-0.697
457.495,0.998,-0.017,-0.982
457.515,1.041,-0.095,-0.607
457.535,0.926,-0.485,-0.62
457.555,0.654,-0.374,-0.347
457.575,0.554,-0.02,-0.521
457.595,0.662,-0.659,-0.739
457.615,1.163,-0.274,-0.66
457.635,0.826,-0.28,-0.291
457.655,1.202,-0.492,-0.799
457.675,0.751,-0.513,-0.15
457.695,0.74,-0.48,-0.505
457.715,0.778,-0.291,-0.857
457.735,0.789,-0.141,-0.797
457.755,0.655,-0.286,-0.417
457.775,0.586,-0.665,-0.421
457.795,0.884,-0.114,-0.475
457.815,0.989,-0.193,-0.526
457.835,1.27,-0.485,-0.571
457.855,0.688,-0.574,-0.72
457.875,0.709,-0.621,-0.497
457.895,0.609,-0.234,-0.241
457.915,0.982,-0.82,-0.562
457.935,0.905,-0.233,-0.49
457.955,0.566,-0.544,-0.328
457.975,0.569,-0.391,-0.634
457.995,0.955,-1.126,-0.433
458.015,0.855,-0.805,-0.353
458.035,0.939,-0.592,-0.666
458.055,0.614,-0.646,-0.779
458.075,0.401,-0.305,-0.55
458.095,0.621,-0.407,-0.335
458.115,0.941,-0.087,-0.806
458.135,1.228,-0.374,-0.453
458.155,0.721,-0.625,-0.548
458.175,1.275,-0.244,-0.547
458.195,0.974,-0.575,-0.428
458.215,0.526,-0.586,-0.844
458.235,0.825,-0.494,-0.269
458.255,0.943,-0.168,-0.681
458.275,0.304,-0.258,-0.425
458.295,0.919,-0.26,-0.35
458.315,1.016,-0.087,-0.195
458.335,0.862,-0.279,-0.497
458.355,0.78,-0.72,-0.789
458.375,0.759,-0.361,-0.807
458.395,0.756,-0.163,-0.235
458.415,0.555,-0.786,-0.602
458.435,0.664,-0.481,-0.57
458.455,0.736,-0.678,-0.714
458.475,0.828,-0.448,-0.545
458.495,0.701,-0.249,-0.117
458.515,0.648,-0.202,-0.461
458.535,0.977,-0.521,-0.618
458.555,0.901,-0.352,-0.23
458.575,0.706,-0.791,-0.937
458.595,0.913,-0.847,-0.438
458.615,0.722,-0.293,-0.509
458.635,0.851,-1.127,-0.498
458.655,1.021,-0.646,-0.737
458.675,0.718,-0.358,-0.467
458.695,0.609,-0.443,-0.526
458.715,0.796,-1.043,-0.638
458.735,0.56,-0.365,-0.504
458.755,0.774,-0.65,-0.819
458.775,0.786,-0.451,0.003
458.795,0.349,-0.601,-1.12
458.815,0.958,-0.634,-0.468
458.835,0.805,-0.862,-0.477
458.855,1.08,-0.564,-0.55
458.875,0.89,-0.243,-0.489
458.895,0.987,-0.571,-0.335
458.915,1.076,-0.568,-0.715
458.935,0.808,-0.623,-0.817
458.955,0.844,-0.732,-0.58
458.975,0.528,-0.69,-1.042
458.995,1.091,-0.445,-0.685
459.015,0.825,0.004,-0.608
459.035,0.658,-0.299,-0.489
459.055,1.009,-0.36,-0.241
459.075,0.416,-0.095,-0.438
459.095,0.765,-0.394,-0.424
459.115,1.038,-0.288,-0.658
459.135,0.786,-0.473,-0.633
459.155,0.707,-0.43,-0.63
459.175,0.764,-0.79,-0.529
459.195,0.439,-0.582,-0.594
459.215,0.977,-0.633,-0.426
459.235,0.792,-0.646,-0.353
459.255,0.771,-0.654,-0.223
459.275,0.779,-0.246,-0.417
459.295,0.842,-0.605,-0.41
459.315,0.968,-0.546,-0.256
459.335,0.821,-0.048,-0.359
459.355,0.55,-0.362,-0.577
459.375,0.941,-0.507,-0.717
459.395,0.917,-0.292,-0.602
459.415,0.865,-0.634,-0.663
459.435,1.029,-0.583,-0.452
459.455,0.835,-0.549,-0.398
459.475,1.05,-0.434,-0.588
459.495,1.105,-0.412,-0.594
459.515,0.935,-0.689,-1.054
459.535,0.681,-0.427,-0.63
459.555,0.808,-0.407,0.11
459.575,1.103,-0.62,-0.286
459.595,0.566,-0.564,-0.249
459.615,0.779,-0.767,-0.417
459.635,0.788,-0.85,-0.341
459.655,0.685,-0.773,-0.602
459.675,1.035,-0.388,-0.689
459.695,0.949,-0.449,-0.212
459.715,0.728,-0.159,-0.727
459.735,0.983,-0.524,-0.406
459.755,0.836,-0.522,-0.158
459.775,0.695,-0.48,-0.338
459.795,0.725,-0.77,-0.581
459.815,0.937,-0.391,-0.258
459.835,1.057,-0.506,-0.472
459.855,0.786,-0.771,-0.537
459.875,0.984,-0.511,-0.343
459.895,1.19,-0.427,-0.666
459.915,0.622,-0.846,-0.771
459.935,0.951,-0.373,-0.533
459.955,1.043,-0.677,-0.62
459.975,0.854,-1.213,-0.768
459.995,1.119,-0.406,-0.476
460.015,1.302,-0.329,-0.578
460.035,0.94,-0.825,-0.678
460.055,0.831,-0.925,-0.49
460.075,1.063,-0.325,-0.684
460.095,1.04,-0.7,-0.255
460.115,0.361,-0.316,-0.119
460.135,0.866,-0.947,-0.326
460.155,0.767,-0.325,-0.534
460.175,0.923,-0.382,-0.397
460.195,0.818,-0.497,-0.622
460.215,0.829,-0.991,-0.362
460.235,0.67,-0.682,-0.365
460.255,1.002,-0.414,-0.33
460.275,1.203,-0.939,-0.557
460.295,0.711,-0.697,-0.351
460.315,0.616,-0.539,-0.413
460.335,0.911,-0.846,-0.453
460.355,0.885,-0.363,-0.487
460.375,1.13,-0.395,-0.73
460.395,0.653,-0.572,-0.409
460.415,0.78,-0.526,-0.551
460.435,0.441,-0.734,-0.758
460.455,1.154,-0.51,-0.627
460.475,0.928,-0.745,-0.394
460.495,0.787,-0.674,-0.578
460.515,0.621,-0.736,-0.584
460.535,0.657,-0.335,-0.886
460.555,0.979,-0.376,-0.245
460.575,0.671,-0.837,-0.691
460.595,0.91,-0.371,-0.47
460.615,1.292,-0.789,-0.589
460.635,0.832,-0.264,-0.428
460.655,0.719,-0.315,-0.447
460.675,0.994,-0.181,-0.54
460.695,0.679,-0.575,-0.436
460.715,1.267,-0.685,-0.503
460.735,1.18,-0.686,-0.774
460.755,0.888,-0.54,-0.243
460.775,0.739,-0.821,-0.172
460.795,0.842,-1.096,-0.65
460.815,0.878,-0.68,-0.793
460.835,1.013,-0.581,-0.235
460.855,1.166,-0.483,-0.692
460.875,0.762,-0.514,-0.227
460.895,1.164,-0.548,-0.261
460.915,1.095,-0.365,-0.529
460.935,0.882,-0.789,-0.53
460.955,0.766,-0.738,-0.701
460.975,1.014,-0.179,-0.468
460.995,0.777,-1.226,-0.39
461.015,1.189,-0.365,-0.436
461.035,0.762,-0.469,-0.365
461.055,1.098,-0.571,-0.278
461.075,0.97,-0.387,-0.496
461.095,0.853,-0.423,0.078
461.115,0.961,-0.845,-0.399
461.135,1.211,-0.744,-0.4
461.155,0.748,-0.644,-0.398
461.175,0.902,-0.952,-0.39
461.195,0.824,-0.541,-0.389
461.215,0.951,-0.427,-0.255
461.235,0.812,-0.301,-0.979
461.255,0.597,-0.536,-0.525
461.275,0.743,-0.683,-0.794
461.295,1.273,-0.487,-0.186
461.315,0.992,-0.561,-0.746
461.335,0.988,-0.384,-0.606
461.355,0.883,-0.56,-0.565
461.375,0.934,-0.379,-0.68
461.395,0.85,-0.605,-0.493
461.415,1.061,-0.303,-0.83
461.435,0.97,-0.534,-0.098
461.455,0.713,-0.681,-0.313
461.475,0.987,-0.635,-0.548
461.495,0.425,-0.433,-0.293
461.515,1.003,-0.852,-0.328
461.535,0.626,-0.633,-0.582
461.555,0.891,-0.402,-0.249
461.575,0.666,-0.522,-0.421
461.595,0.918,-0.841,-0.155
461.615,1.033,-0.535,-0.492
461.635,1.202,-0.864,-0.672
461.655,0.595,-0.564,-0.212
461.675,1.123,-0.332,-0.447
461.695,0.953,-0.593,-0.41
461.715,0.831,-0.833,-0.372
461.735,1.08,-0.656,-0.637
461.755,0.874,-0.569,-0.507
461.775,1.066,-0.395,-0.559
461.795,0.726,-0.396,-0.537
461.815,0.788,-0.839,-0.214
461.835,1.111,-0.7,-0.619
461.855,1.231,-0.576,-0.625
461.875,0.919,-0.773,-0.195
461.895,0.376,-0.554,-0.662
461.915,0.902,-0.933,-0.451
461.935,0.949,-0.612,-0.339
461.955,0.911,-0.461,-0.35
461.975,1.041,-0.648,-0.752
461.995,0.873,-0.638,-0.623
462.015,1.14,-0.499,-0.83
462.035,0.745,-0.765,-0.317
462.055,1.234,-0.552,-0.268
462.075,1.302,-0.709,-0.292
462.095,0.819,-0.894,-0.509
462.115,0.823,-0.536,-0.556
462.135,1.111,-0.437,-0.611
462.155,0.792,-0.487,-0.822
462.175,0.922,-0.552,-0.407
462.195,1.25,-0.622,-0.704
462.215,1.174,-0.664,-0.922
462.235,1.418,-0.75,-0.234
462.255,1.056,-0.873,-0.625
462.275,0.904,-1.145,-0.439
462.295,1.03,-1.043,-0.523
462.315,0.998,-0.717,-0.287
462.335,0.996,-0.972,-0.799
462.355,1.027,-0.635,-0.363
462.375,0.846,-0.367,-0.526
462.395,1.093,-1.368,-0.405
462.415,0.744,-0.911,-0.561
462.435,0.866,-0.272,-0.56
462.455,0.991,-0.554,-0.308
462.475,0.583,-0.754,-0.63
462.495,1.182,-0.826,-0.586
462.515,0.636,-0.588,-0.521
462.535,1.186,-0.521,-0.75
462.555,0.789,-0.98,-0.508
462.575,0.964,-0.439,-0.503
462.595,1.154,-0.668,-0.312
462.615,1.505,-0.55,-0.547
462.635,1.094,-0.52,-0.822
462.655,0.675,-0.659,-0.439
462.675,1.266,-0.617,-0.541
462.695,1.019,-0.594,-0.658
462.715,1.073,-0.773,-0.355
462.735,1.175,-0.542,-0.344
462.755,0.62,-0.724,-0.298
462.775,1.067,-0.672,-0.349
462.795,0.986,-0.343,-0.287
462.815,1.31,-0.665,-0.357
462.835,1.201,-0.578,-0.007
462.855,0.721,-0.69,-0.106
462.875,1.305,-0.723,-0.346
462.895,1.16,-0.264,-0.739
462.915,0.765,-0.946,-0.018
462.935,1.077,-0.652,-0.433
462.955,1.283,-0.904,-0.236
462.975,0.834,-0.406,-0.256
462.995,1.36,-0.669,-0.362
463.015,0.783,-0.727,-0.427
463.035,0.938,-1.006,-0.391
463.055,0.916,-0.339,-0.85
463.075,1.368,-0.924,-0.553
463.095,1.003,-0.564,-0.428
463.115,0.87,-0.464,-0.324
463.135,1.191,-0.216,-0.204
463.155,1.24,-0.757,-0.449
463.175,1.247,-0.808,-0.186
463.195,1.053,-0.702,-0.378
463.215,1.163,-0.749,-0.403
463.235,0.968,-1.0,-0.318
463.255,1.442,-0.297,-0.182
463.275,1.34,-0.708,-0.366
463.295,1.333,-0.66,-0.245
463.315,1.271,-0.517,-0.165
463.335,1.247,-0.374,-0.213
463.355,0.905,-0.889,-0.479
463.375,1.279,-0.574,-0.427
463.395,1.181,-0.869,-0.207
463.415,1.417,-0.559,-0.351
463.435,1.33,-0.557,-0.482
463.455,1.245,-0.726,-0.309
463.475,0.802,-0.582,-0.162
463.495,1.131,-0.586,-0.142
463.515,1.033,-0.653,-0.125
463.535,1.18,-0.667,-0.314
463.555,1.041,-0.894,-0.246
463.575,1.07,-0.844,-0.095
463.595,1.235,-0.742,-0.436
463.615,1.059,-0.803,-0.105
463.635,1.165,-0.711,-0.157
463.655,0.847,-0.618,-0.159
463.675,0.982,-0.598,-0.643
463.695,1.266,-0.494,-0.406
463.715,0.882,-0.583,-0.413
463.735,1.383,-0.59,-0.02
463.755,1.321,-0.495,-0.478
463.775,1.083,-0.79,-0.51
463.795,1.755,-0.761,-0.554
463.815,1.418,-0.674,-0.379
463.835,0.975,-0.748,-0.207
463.855,1.302,-0.963,0.07
463.875,1.144,-0.493,-0.362
463.895,0.972,-0.818,-0.46
463.915,0.893,-0.256,-0.003
463.935,1.309,-0.564,0.054
463.955,1.007,-0.886,-0.632
463.975,1.109,-0.459,-0.386
463.995,0.941,-0.568,-0.238
464.015,0.988,-0.508,-0.24
464.035,1.107,-0.656,0.169
464.055,1.207,-0.738,-0.383
464.075,0.61,-0.845,-0.494
464.095,1.123,-0.794,-0.411
464.115,0.97,-0.804,-0.018
464.135,1.41,-0.592,-0.248
464.155,1.719,-0.535,0.073
464.175,1.045,-0.834,-0.122
464.195,0.774,-0.351,-0.392
464.215,1.146,-0.5,-0.076
464.235,1.078,-0.039,-0.016
464.255,1.513,-0.601,0.025
464.275,1.464,-0.074,-0.55
464.295,1.3,-0.371,-0.226
464.315,1.013,-0.902,-0.495
464.335,1.269,-0.741,-0.338
464.355,1.171,-0.423,-0.323
464.375,1.154,-0.834,-0.218
464.395,0.793,-0.678,-0.176
464.415,1.324,-0.804,-0.398
464.435,1.15,-0.065,-0.042
464.455,1.093,-0.27,-0.014
464.475,0.979,-0.547,-0.253
464.495,0.939,-0.158,0.056
464.515,1.167,-0.213,-0.314
464.535,0.745,-0.201,-0.668
464.555,1.256,-0.595,-0.477
464.575,0.896,-0.542,-0.401
464.595,0.703,-0.705,-0.137
464.615,1.502,-0.504,-0.518
464.635,0.96,-0.655,-0.323
464.655,0.963,-0.703,0.181
464.675,1.328,-0.256,-0.284
464.695,1.482,-0.333,-0.02
464.715,0.816,-0.663,-0.599
464.735,0.915,-0.285,-0.762
464.755,0.944,-0.427,-0.69
464.775,1.292,-0.564,-0.137
464.795,1.429,-0.196,-0.398
464.815,0.891,-0.437,-0.424
464.835,1.386,-0.148,-0.001
464.855,0.966,-0.387,-0.125
464.875,1.171,-0.378,-0.254
464.895,0.851,-0.716,-0.108
464.915,1.068,-0.601,-0.367
464.935,1.086,-0.186,-0.277
464.955,1.044,-0.24,-0.593
464.975,1.181,-0.541,-0.499
464.995,0.907,-0.745,-0.409
465.016,0.919,-0.13,-0.355
465.036,1.181,-0.245,-0.154
465.056,1.35,-0.672,-0.101
465.076,1.069,-0.684,0.22
465.096,1.174,-0.101,0.104
465.116,1.23,-0.565,-0.115
465.136,1.239,-0.555,-0.657
465.156,0.879,-0.6,-0.072
465.176,0.922,-0.382,0.028
465.196,0.936,-0.744,-0.312
465.216,1.453,-0.416,-0.678
465.236,1.173,-0.737,-0.3
465.256,1.164,-0.722,-0.169
465.276,1.144,-0.716,-0.293
465.296,0.818,-0.724,-0.431
465.316,1.465,-0.312,-0.362
465.336,1.18,-0.308,-0.096
465.356,1.207,-0.478,-0.253
465.376,0.706,-0.566,-0.043
465.396,1.216,-0.161,-0.098
465.416,0.987,-0.282,-0.352
465.436,0.786,-0.642,-0.154
465.456,0.845,-0.35,-0.032
465.476,0.777,-0.359,-0.301
465.496,0.768,-0.289,-0.187
465.516,1.039,0.095,-0.631
465.536,0.959,-0.626,-0.41
465.556,1.092,-0.352,-0.351
465.576,1.364,-0.173,-0.532
465.596,0.997,-0.147,-0.297
465.616,0.581,-0.464,0.03
465.636,0.991,-0.747,-0.25
465.656,1.285,-0.838,-0.05
465.676,1.034,-0.314,-0.201
465.696,1.335,-0.411,-0.007
465.716,1.115,-0.453,-0.358
465.736,0.666,-0.422,-0.478
465.756,1.073,-0.277,-0.172
465.776,1.119,-0.338,-0.649
465.796,1.282,-0.392,-0.219
465.816,1.431,-0.602,-0.777
465.836,1.244,-0.271,-0.51
465.856,1.166,-0.596,-0.253
465.876,1.218,-0.285,-0.597
465.896,1.047,-0.578,-0.403
465.916,0.791,-0.395,-0.574
465.936,1.095,-0.159,-0.161
465.956,1.164,-0.385,-0.061
465.976,0.857,-0.239,-0.293
465.996,1.351,-0.607,0.14
466.016,1.275,-0.516,-0.323
466.036,0.812,-0.619,-0.538
466.056,1.352,-0.892,-0.558
466.076,1.015,-0.341,-0.3
466.096,0.925,-0.44,-0.202
466.116,1.297,-0.447,0.224
466.136,1.072,-0.305,-0.495
466.156,1.456,-0.772,-0.41
466.176,0.923,-0.797,-0.192
466.196,0.754,-0.282,-0.248
466.216,1.044,-0.553,-0.403
466.236,1.283,-0.49,-0.289
466.256,0.933,-0.825,-0.525
466.276,0.858,-0.236,-0.396
466.296,1.172,-0.372,-0.511
466.316,0.837,-0.616,-0.084
466.336,1.194,-0.086,-0.146
466.356,1.092,-0.782,-0.32
466.376,1.263,-0.584,-0.311
466.396,0.892,-0.328,-0.28
466.416,1.42,-0.294,-0.416
466.436,1.119,-0.833,-0.67
466.456,1.314,-0.579,-0.407
466.476,1.35,-0.383,-0.244
466.496,0.933,-0.24,-0.145
466.516,1.339,-0.243,-0.314
466.536,0.871,-0.387,-0.444
466.556,0.866,-0.506,-0.2
466.576,1.546,-0.559,-0.284
466.596,1.372,-0.438,-0.526
466.616,1.562,-0.248,-0.671
466.636,1.082,-0.578,-0.422
466.656,1.171,-0.579,-0.009
466.676,1.272,-0.287,-0.202
466.696,1.169,-0.291,-0.012
466.716,1.034,-0.604,-0.302
466.736,1.013,-0.772,-0.302
466.756,1.243,-0.863,-0.826
466.776,0.982,-0.494,-0.672
466.796,0.966,-0.718,-0.179
466.816,1.273,-0.33,-0.226
466.836,1.16,-0.846,-0.727
466.856,1.354,-0.164,-0.252
466.876,1.079,-0.547,-0.08
466.896,1.045,-0.625,-0.22
466.916,1.234,-0.561,-0.377
466.936,0.985,-0.628,-0.762
466.956,1.014,-0.151,-0.198
466.976,1.018,-0.307,-0.459
466.996,1.102,-0.421,-0.174
467.016,1.475,-0.686,-0.14
467.036,0.854,-0.451,-0.088
467.056,1.406,-0.588,-0.198
467.076,1.293,-0.962,-0.345
467.096,1.46,-0.57,-0.163
467.116,1.77,-0.324,-0.478
467.136,1.434,-0.543,-0.002
467.156,1.342,-0.489,-0.41
467.176,0.883,-0.258,0.097
467.196,0.903,-0.296,-0.312
467.216,1.204,-0.06,-0.153
467.236,0.806,-0.899,-0.229
467.256,1.268,-0.641,-0.612
467.276,0.715,-0.297,-0.136
467.296,1.379,-0.374,-0.405
467.316,1.081,-0.439,-0.276
467.336,1.164,-0.58,-0.26
467.356,0.973,-0.411,-0.489
467.376,0.756,-0.43,-0.414
467.396,1.386,-0.85,-0.046
467.416,1.402,-0.438,-0.564
467.436,1.087,-0.58,-0.17
467.456,1.296,-0.299,-0.351
467.476,1.078,-0.393,-0.083
467.496,1.233,-0.081,-0.143
467.516,1.326,-0.483,-0.417
467.536,1.281,-0.705,-0.147
467.556,1.438,-0.991,-0.395
467.576,1.278,-0.682,0.063
467.596,1.176,-0.437,-0.264
467.616,1.036,-0.393,-0.334
467.636,1.09,-0.629,-0.354
467.656,1.344,-0.595,-0.336
467.676,0.871,-0.493,-0.331
467.696,1.393,-0.419,-0.116
467.716,1.096,-0.292,-0.374
467.736,0.978,-0.607,-0.433
467.756,0.926,-0.632,-0.049
467.776,1.282,-0.065,0.015
467.796,1.147,-0.127,-0.414
467.816,1.467,-0.579,-0.317
467.836,0.889,-0.258,-0.012
467.856,0.995,-0.052,-0.174
467.876,1.093,-0.233,0.054
467.896,0.942,-0.643,-0.137
467.916,1.082,-0.463,-0.172
467.936,1.148,-0.819,-0.337
467.956,1.185,-0.652,-0.46
467.976,1.395,-0.465,-0.51
467.996,0.827,-0.406,-0.281
468.016,1.152,-0.598,0.006
468.036,0.957,-1.009,-0.506
468.056,1.173,-0.42,-0.32
468.076,1.173,-0.311,-0.625
468.096,0.879,-0.293,-0.024
468.116,0.891,-0.464,-0.465
468.136,1.177,-0.436,0.151
468.156,1.086,-0.362,-0.222
468.176,1.04,-0.332,-0.009
468.196,1.217,-0.438,-0.649
468.216,1.253,-0.896,-0.783
468.236,1.014,-0.128,-0.353
468.256,0.945,-0.493,-0.262
468.276,0.883,-0.651,-0.119
468.296,1.15,-0.471,0.059
468.316,0.876,-0.364,-0.315
468.336,1.187,-0.494,-0.34
468.356,1.404,-0.479,-0.292
468.376,1.096,-0.433,-0.18
468.396,1.055,-0.308,-0.492
468.416,1.57,-0.545,-0.614
468.436,1.458,-0.338,-0.187
468.456,1.007,-0.687,-0.545
468.476,1.191,-0.007,-0.048
468.496,1.24,-0.178,-0.726
468.516,1.225,-0.443,-0.445
468.536,1.543,-0.339,-0.551
468.556,1.192,-0.631,-0.408
468.576,1.216,-0.295,-0.44
468.596,1.304,-0.245,-0.052
468.616,1.402,-0.373,0.287
468.636,1.361,-0.242,-0.526
468.656,1.262,-0.415,-0.415
468.676,0.828,-0.423,-0.321
468.696,1.028,-0.523,-0.495
468.716,1.288,-0.284,-0.193
468.736,1.18,-0.568,-0.573
468.756,1.299,-0.302,-0.168
468.776,1.501,-0.316,-0.28
468.796,0.898,-0.103,-0.146
468.816,1.372,-0.265,-0.308
468.836,1.086,-0.741,-0.164
468.856,1.335,-0.515,-0.214
468.876,1.139,-0.515,-0.362
468.896,1.583,-0.527,-0.216
468.916,1.183,-0.191,-0.045
468.936,1.03,-0.824,-0.687
468.956,1.246,-0.112,-0.753
468.976,1.225,-0.213,-0.097
468.996,1.383,-0.363,-0.191
469.016,1.25,-0.338,-0.062
469.036,1.662,-0.394,-0.371
469.056,1.132,-0.381,0.004
469.076,1.134,-0.198,0.246
469.096,1.024,-0.467,-0.094
469.116,1.162,-0.298,-0.191
469.136,1.204,-0.59,-0.162
469.156,1.219,-0.292,-0.257
469.176,1.175,-0.466,-0.224
469.196,1.06,-0.327,-0.206
469.216,0.989,-0.6,0.151
469.236,1.085,-0.341,-0.469
469.256,1.39,-0.449,-0.387
469.276,1.423,-0.112,-0.332
469.296,1.122,-0.379,-0.209
469.316,0.959,-0.34,-0.265
469.336,1.147,-0.526,-0.571
469.356,1.576,-0.379,-0.306
469.376,1.38,-0.342,-0.344
469.396,1.266,-0.509,-0.314
469.416,1.35,-0.524,-0.15
469.436,1.454,-0.592,-0.077
469.456,0.915,-0.454,-0.474
469.476,1.068,-0.564,0.081
469.496,1.04,-0.369,-0.593
469.516,1.25,-0.587,-0.445
469.536,1.166,-0.444,-0.35
469.556,1.285,-0.604,-0.171
469.576,1.035,-0.193,-0.682
469.596,1.396,-0.441,0.106
469.616,1.121,-0.442,-0.686
469.636,1.267,-0.32,-0.014
469.656,1.371,-0.085,-0.412
469.676,1.36,-0.418,-0.313
469.696,1.214,-0.729,-0.784
469.716,1.295,-0.204,-0.187
469.736,1.46,-0.727,-0.368
469.756,1.231,-0.563,-0.112
469.776,0.994,-0.223,-0.627
469.796,1.273,-0.519,-0.048
469.816,1.15,-0.571,-0.68
469.836,0.696,-0.413,-0.277
469.856,1.248,-0.487,-0.629
469.876,1.183,-0.614,0.051
469.896,1.391,-0.306,-0.157
469.916,1.012,-0.221,-0.026
469.936,0.861,-0.17,-0.383
469.956,1.206,-0.33,-0.384
469.976,1.239,-0.589,-0.317
469.996,1.178,-0.71,-0.336
470.016,1.163,-0.932,-0.395
470.036,0.953,-0.255,-0.349
470.056,1.145,-0.426,-0.076
470.076,1.116,-0.531,-0.117
470.096,1.417,-0.835,-0.54
470.116,1.285,-0.675,-0.166
470.136,1.156,-0.793,-0.572
470.156,1.545,-0.136,0.021
470.176,1.131,-0.306,-0.458
470.196,1.282,-0.692,-0.105
470.216,1.127,-0.103,-0.141
470.236,1.493,-0.557,-0.32
470.256,1.17,-0.349,-0.339
470.276,1.19,-0.341,-0.308
470.296,1.139,-0.419,-0.17
470.316,1.194,-0.471,-0.095
470.336,1.41,-0.4,0.17
470.356,1.353,-0.481,0.082
470.376,1.199,-0.368,-0.169
470.396,1.534,-0.362,-0.217
470.416,1.375,-0.514,-0.386
470.436,1.095,-0.18,-0.147
470.456,0.9,-0.578,0.006
470.476,1.087,-0.315,-0.032
470.496,1.235,-0.465,-0.213
470.516,1.27,-0.583,-0.396
470.536,1.425,-0.475,-0.268
470.556,0.926,-0.546,-0.157
470.576,1.055,-0.262,-0.077
470.596,0.902,-0.417,-0.263
470.616,0.857,-0.118,-0.111
470.636,1.005,-0.574,-0.082
470.656,1.213,-0.815,-0.36
470.676,1.302,-0.305,-0.411
470.696,0.958,-0.023,0.043
470.716,0.976,-0.262,-0.171
470.736,0.778,-0.55,-0.219
470.756,1.185,-0.577,-0.435
470.776,1.0,0.016,-0.733
470.796,1.467,-0.467,-0.246
470.816,1.218,-0.583,-0.26
470.836,1.101,-0.155,-0.232
470.856,1.004,-0.425,-0.358
470.876,0.833,-0.808,-0.475
470.896,0.85,-0.001,-0.283
470.916,1.009,-0.3,-0.081
470.936,0.996,-0.708,-0.232
470.956,0.946,-0.125,-0.63
470.976,1.208,-0.624,-0.397
470.996,1.236,-0.624,-0.484
471.016,1.059,-0.593,-0.047
471.036,1.531,-0.022,-0.398
471.056,0.806,-0.009,-0.076
471.076,1.168,-0.526,-0.32
471.096,1.123,-0.057,-0.443
471.116,1.052,-0.87,-0.569
471.136,1.036,-0.239,-0.445
471.156,1.18,-0.153,-0.357
471.176,1.126,-0.128,-0.585
471.196,1.102,-0.421,-0.218
471.216,0.932,-0.32,-0.54
471.236,0.881,-0.57,-0.673
471.256,1.134,-0.416,-0.654
471.276,1.113,-0.445,-0.486
471.296,1.177,-0.457,-0.279
471.316,1.198,-0.172,-0.046
471.336,1.095,-0.355,-0.412
471.356,1.163,-0.076,-0.298
471.376,1.045,-0.369,-0.376
471.396,1.534,0.016,-0.787
471.416,1.063,-0.19,-0.269
471.436,1.136,-0.445,-0.364
471.456,1.077,-0.394,-0.665
471.476,1.073,-0.619,-0.006
471.496,1.223,-0.441,-0.241
471.516,1.189,-0.688,-0.711
471.536,1.121,-0.225,-0.268
471.556,1.149,-0.554,0.232
471.576,1.046,-0.411,-0.359
471.596,1.263,-0.937,-0.233
471.616,1.587,-0.545,-0.489
471.636,0.984,-0.582,-0.46
471.656,1.236,-0.305,-0.063
471.676,1.155,-0.384,-0.264
471.696,1.277,-0.284,-0.184
471.716,1.287,-0.391,-0.455
471.736,1.195,-0.23,-0.32
471.756,1.13,-0.391,-0.421
471.776,1.061,-0.744,-0.285
471.796,1.012,-0.479,-0.428
471.816,1.15,-0.463,-0.032
471.836,0.929,-1.121,-0.438
471.856,1.071,-0.666,-0.318
471.876,1.411,-0.05,-0.754
471.896,1.204,-0.508,-0.16
471.916,1.37,-0.482,-0.639
471.936,1.472,-0.905,-0.526
471.956,1.149,-0.752,-0.653
471.976,1.242,-0.384,-0.69
471.996,1.146,-0.579,-0.217
472.016,1.025,-0.706,-0.577
472.036,0.993,-0.222,-0.694
472.056,1.361,-0.618,-0.723
472.076,1.231,-0.737,-0.2
472.096,1.565,-0.471,-0.481
472.116,1.376,-0.647,-0.431
472.136,1.015,-0.643,-0.247
472.156,1.33,-0.494,-0.321
472.176,1.079,-0.622,-0.394
472.196,1.396,-0.806,-0.188
472.216,1.047,-0.361,-0.704
472.236,0.938,-0.312,-0.526
472.256,1.002,-0.548,-0.281
472.276,1.012,-0.386,-0.091
472.296,0.985,-0.595,-0.06
472.316,1.031,-0.894,-0.691
472.336,1.32,-0.321,-0.422
472.356,1.499,-0.522,-0.357
472.376,0.872,-0.466,-0.493
472.396,1.392,-0.513,-0.317
472.416,1.039,-0.532,-0.011
472.436,1.184,-0.453,-0.652
472.456,0.787,-0.461,-0.733
472.476,1.228,-0.236,-0.353
472.496,0.713,-0.395,-0.568
472.516,1.18,-0.255,-0.335
472.536,1.163,-0.176,-0.434
472.556,1.132,-0.81,-0.508
472.576,0.942,-0.231,-0.589
472.596,1.181,-0.357,-0.441
472.616,1.151,-0.402,-0.544
472.636,1.038,-0.293,-0.239
472.656,1.243,-0.542,-0.448
472.676,1.103,-0.359,-0.727
472.696,1.24,-0.707,-0.191
472.716,1.091,-0.781,-0.489
472.736,1.163,-0.396,-0.043
472.756,1.239,-0.512,-0.502
472.776,1.04,-0.503,-0.622
472.796,0.858,-0.677,-0.518
472.816,1.164,-0.443,-0.494
472.836,1.328,-0.598,-0.546
472.856,1.147,-0.518,-0.624
472.876,1.156,-0.598,-0.585
472.896,1.087,-0.676,-0.162
472.916,1.246,-0.565,-0.547
472.936,1.059,-0.297,-0.069
472.956,0.998,-0.635,-0.292
472.976,1.305,-0.551,-0.522
472.996,0.951,-0.585,-0.396
473.016,1.223,-0.669,-0.637
473.036,1.275,-0.302,-0.319
473.056,1.166,-0.831,-0.262
473.076,0.815,-0.592,-0.409
473.096,1.066,-0.742,-0.601
473.116,1.041,-0.454,-0.386
473.136,0.98,-0.545,-0.648
473.156,1.121,-0.325,-0.795
473.176,1.255,-0.429,-0.464
473.196,1.015,-0.568,-0.839
473.216,1.086,-0.44,-0.58
473.236,1.085,-0.411,-0.409
473.256,1.364,-0.762,-0.174
473.276,1.078,-0.414,-0.605
473.296,0.887,-0.518,-0.683
473.316,0.836,-0.5,-0.321
473.336,1.228,-0.689,-0.446
473.356,1.02,-0.775,-0.463
473.376,1.309,-0.817,-0.787
473.396,0.903,-1.297,-0.28
473.416,1.047,-0.769,-0.927
473.436,0.895,-0.142,-0.459
473.456,1.243,-0.443,-0.26
473.476,1.293,-0.561,-0.498
473.496,1.233,-0.435,-0.556
473.516,0.944,-0.68,-0.715
473.536,1.002,-0.714,-0.608
473.556,1.193,-0.713,-0.055
473.576,0.798,-0.795,-0.614
473.596,1.078,-0.785,-0.433
473.616,1.404,-0.663,-0.675
473.636,1.042,-0.641,-0.566
473.656,0.782,-0.397,-0.814
473.676,0.978,-0.459,-0.503
473.696,0.976,-0.958,-0.577
473.716,1.532,-0.706,-0.243
473.736,1.449,-0.868,-0.679
473.756,1.264,-1.163,-0.596
473.776,1.05,-0.647,-0.329
473.796,1.345,-0.537,-0.519
473.816,0.878,-0.644,-0.541
473.836,1.314,-0.559,-0.544
473.856,1.283,-0.714,-0.699
473.876,1.062,-0.853,-0.59
473.896,1.315,-0.726,-0.483
473.916,0.996,-0.381,-0.722
473.936,0.834,-0.574,-0.698
473.956,1.273,-0.955,-0.246
473.976,1.057,-0.626,-0.389
473.996,1.194,-0.396,-0.425
474.016,1.439,-0.509,-0.601
474.036,0.942,-0.405,-0.452
474.056,1.068,-0.956,-0.975
474.076,1.422,-0.645,-0.739
474.096,1.249,-0.749,-0.341
474.116,1.004,-0.559,-0.609
474.136,0.954,-0.838,-0.525
474.156,1.029,-0.862,-0.416
474.176,1.005,-0.674,-0.625
474.196,1.202,-0.836,-0.592
474.216,1.187,-0.588,-0.538
474.236,1.226,-1.055,-0.435
474.256,1.018,-0.4,-0.792
474.276,1.196,-1.193,-0.416
474.296,0.785,-0.457,-0.482
474.316,1.216,-0.757,-0.45
474.336,1.43,-0.933,-0.624
474.356,0.92,-0.611,-0.492
474.376,1.303,-0.472,-0.292
474.396,1.086,-0.405,-0.36
474.416,1.361,-0.406,-0.281
474.436,1.245,-0.799,-0.71
474.456,1.306,-0.591,-0.389
474.476,1.245,-0.984,-0.681
474.496,1.484,-0.623,-1.014
474.516,1.291,-0.558,-0.354
474.536,1.079,-0.691,-0.398
474.556,1.239,-0.977,-0.268
474.576,1.13,-0.745,-0.839
474.596,1.23,-0.248,-0.527
474.616,1.116,-0.554,-0.608
474.636,1.066,-0.73,-0.334
474.656,1.24,-0.661,-0.841
474.676,1.206,-0.567,-0.612
474.696,1.409,-0.944,-0.538
474.716,1.104,-0.926,-0.413
474.736,0.796,-0.759,-0.475
474.756,1.124,-0.72,-0.558
474.776,0.864,-0.255,-0.619
474.796,1.281,-0.588,-0.561
474.816,0.856,-0.711,-0.386
474.836,0.995,-0.601,-0.72
474.856,1.129,-1.034,-0.597
474.876,1.51,-0.818,-0.608
474.896,0.981,-0.815,-0.984
474.916,1.198,-0.876,-0.973
474.936,1.319,-0.424,-0.865
474.956,1.504,-0.552,-0.607
474.976,1.358,-0.918,-0.453
474.996,1.417,-0.933,-0.689
475.016,1.371,-0.932,-0.892
475.036,0.965,-0.706,-0.373
475.056,1.282,-0.625,-0.508
475.076,1.378,-0.586,-0.607
475.096,1.014,-0.876,-0.526
475.116,1.076,-0.719,-0.789
475.136,1.054,-0.691,-0.372
475.156,1.366,-0.46,-0.517
475.176,1.191,-0.552,-0.617
475.196,1.154,-1.004,-0.654
475.216,0.957,-1.1,-0.55
475.236,1.203,-0.751,-0.478
475.256,1.102,-0.86,-0.936
475.276,1.261,-0.939,-0.729
475.296,0.989,-0.891,-0.642
475.316,1.257,-0.637,-0.641
475.336,1.124,-1.046,-0.71
475.356,0.96,-0.39,-0.432
475.376,0.951,-0.926,-0.719
475.396,0.986,-0.631,-0.805
475.416,1.178,-0.883,-0.679
475.436,1.234,-1.058,-0.292
475.456,1.277,-0.765,-0.597
475.476,1.292,-0.99,-0.702
475.496,1.104,-0.698,-0.662
475.516,1.468,-0.732,-0.934
475.536,1.174,-0.885,-0.604
475.556,1.356,-0.714,-0.526
475.576,1.219,-0.547,-0.483
475.596,1.329,-0.777,-0.609
475.616,1.193,-0.892,-0.738
475.636,1.307,-0.674,-0.402
475.656,1.229,-0.657,-0.654
475.676,1.393,-0.796,-0.783
475.696,1.038,-0.466,-0.743
475.716,0.85,-0.82,-0.655
475.736,0.998,-0.477,-0.646
475.756,1.413,-0.894,-0.687
475.776,1.168,-0.604,-0.522
475.796,1.229,-0.824,-0.604
475.816,0.984,-0.718,-0.39
475.836,1.19,-1.177,-0.554
475.856,0.983,-0.34,-0.654
475.876,1.025,-0.702,-0.691
475.896,1.145,-0.561,-0.675
475.916,1.318,-1.035,-0.813
475.936,1.342,-0.736,-0.659
475.956,1.351,-0.795,-0.501
475.976,0.925,-0.973,-0.43
475.996,1.242,-0.501,-0.54
476.016,1.185,-0.737,0.109
476.036,0.914,-0.773,-0.504
476.056,1.219,-0.635,-0.899
476.076,1.16,-0.932,-0.477
476.096,1.32,-0.719,-0.327
476.116,1.252,-0.728,-0.603
476.136,1.125,-0.705,-0.854
476.156,1.409,-0.531,-0.93
476.176,0.777,-0.812,-0.585
476.196,1.197,-0.824,-0.758
476.216,0.857,-0.853,-0.58
476.236,1.01,-0.87,-0.612
476.256,1.294,-0.52,-0.256
476.276,0.941,-0.745,-0.368
476.296,0.911,-0.521,-0.657
476.316,1.677,-0.661,-0.629
476.336,0.934,-0.895,-0.354
476.356,1.526,-1.026,-0.511
476.376,1.161,-1.009,-0.477
476.396,1.102,-0.9,-0.303
476.416,1.322,-0.521,-0.695
476.436,1.48,-0.471,-0.331
476.456,0.981,-0.706,-0.586
476.476,1.099,-0.533,-0.966
476.496,1.369,-0.812,-0.765
476.516,1.26,-0.833,-0.712
476.536,1.422,-0.55,-0.248
476.556,1.303,-0.664,-0.546
476.576,1.561,-0.557,-0.578
476.596,1.241,-0.691,-0.214
476.616,1.248,-0.782,-0.687
476.636,1.259,-0.739,-0.596
476.656,1.161,-0.636,-0.506
476.676,1.369,-0.641,-0.516
476.696,1.249,-0.881,-0.439
476.716,1.348,-0.728,-0.422
476.736,1.383,-0.988,-0.69
476.756,1.272,-0.746,-0.895
476.776,1.287,-0.861,-0.452
476.796,0.995,-1.295,-0.899
476.816,1.079,-0.241,-0.464
476.836,1.347,-0.816,-0.392
476.856,1.468,-0.851,-0.316
476.876,0.794,-0.345,-0.561
476.896,1.07,-0.912,-0.135
476.916,1.199,-0.982,-0.812
476.936,1.012,-0.743,-0.244
476.956,1.027,-0.811,-0.675
476.976,1.288,-0.847,-0.529
476.996,1.496,-0.894,-0.517
477.016,0.78,-0.753,-0.261
477.036,1.157,-0.388,-0.753
477.056,1.282,-1.057,-0.12
477.076,1.355,-0.576,-0.971
477.096,1.244,-0.432,-0.568
477.116,1.528,-0.873,-0.435
477.136,1.188,-0.679,-0.354
477.156,1.438,-0.79,-0.819
477.176,1.037,-1.095,-0.925
477.196,1.182,-0.486,-0.266
477.216,0.918,-0.708,-0.484
477.236,1.347,-0.824,-0.924
477.256,1.152,-1.016,-0.635
477.276,1.246,-0.611,-0.677
477.296,1.11,-0.695,-0.29
477.316,1.284,-0.606,-0.572
477.336,1.245,-0.624,-0.536
477.356,0.963,-0.905,-0.539
477.376,0.987,-1.426,-0.172
477.396,1.182,-0.756,-0.339
477.416,1.318,-0.763,-0.379
477.436,1.568,-0.691,-0.486
477.456,1.261,-0.426,-0.477
477.476,1.393,-0.738,-0.686
477.496,0.857,-0.602,-0.327
477.516,1.578,-0.671,-0.571
477.536,1.288,-1.025,-0.756
477.556,1.16,-1.013,-0.537
477.576,1.142,-0.522,-0.508
477.596,0.946,-0.923,-0.255
477.616,1.012,-0.659,-0.355
477.636,1.575,-0.934,-0.739
477.656,0.99,-0.575,-0.344
477.676,0.99,-0.677,-1.089
477.696,1.056,-0.757,-0.471
477.716,0.957,-0.544,-0.685
477.736,1.216,-0.617,-0.817
477.756,1.438,-0.833,-0.763
477.776,1.105,-0.666,-0.221
477.796,0.949,-0.547,-0.438
477.816,1.291,-0.448,-0.453
477.836,1.219,-0.704,-0.344
477.856,1.437,-0.317,-0.59
477.876,1.13,-0.831,-0.262
477.896,1.175,-0.995,-0.574
477.916,1.204,-0.966,-1.159
477.936,1.254,-0.694,-0.205
477.956,1.135,-0.69,-1.132
477.976,1.112,-0.671,-0.601
477.996,0.864,-0.829,-0.398
478.016,1.11,-0.271,-1.034
478.036,1.375,-0.414,-0.606
478.056,1.391,-0.951,-0.6
478.076,1.121,-0.751,-0.385
478.096,1.473,-0.717,-0.47
478.116,1.217,-0.593,-0.813
478.136,0.961,-1.046,-0.673
478.156,0.898,-1.07,-0.756
478.176,1.47,-0.966,-0.916
478.196,1.156,-0.422,-0.657
478.216,0.989,-0.839,-0.239
478.236,0.789,-0.552,-0.445
478.256,1.153,-0.593,-0.457
478.276,1.332,-0.736,-0.781
478.296,1.121,-0.533,-0.945
478.316,1.031,-0.919,-0.451
478.336,1.133,-0.765,-0.357
478.356,1.48,-1.11,-0.508
478.376,0.951,-0.635,-0.382
478.396,1.078,-0.808,-0.587
478.416,1.435,-0.209,-0.521
478.436,1.291,-0.634,-0.679
478.456,1.223,-0.485,-0.456
478.476,1.068,-0.537,-0.579
478.496,1.2,-0.677,-0.417
478.516,1.09,-0.464,-0.389
478.536,1.039,-0.667,-0.624
478.556,0.981,-0.586,-0.441
478.576,1.342,-0.217,-0.677
478.596,1.167,-0.637,-0.176
478.616,1.241,-0.772,-0.251
478.636,1.216,-0.793,-0.468
478.656,1.259,-0.665,-0.68
478.676,1.107,-0.616,-0.473
478.696,1.063,-0.623,-0.771
478.716,0.981,-0.964,-0.435
478.736,0.855,-1.102,-0.936
478.756,0.905,-0.843,-0.718
478.776,1.053,-0.625,-0.435
478.796,0.821,-0.631,-0.223
478.816,0.858,-0.56,-0.415
478.836,1.333,-0.583,-0.566
478.856,1.163,-0.744,-0.7
478.876,1.021,-0.849,-0.613
478.896,1.572,-0.534,-0.864
478.916,0.792,-0.581,-0.593
478.936,1.31,-0.845,-0.061
478.956,1.091,-0.502,-0.48
478.976,1.264,-0.436,-0.407
478.996,1.13,-0.474,-0.867
479.016,0.745,-0.433,-0.21
479.036,1.149,-0.775,-0.178
479.056,1.201,-0.448,-0.423
479.076,0.69,-0.647,-0.352
479.096,1.51,-0.208,-0.61
479.116,1.169,-0.448,-0.535
479.136,1.24,-0.548,0.063
479.156,0.866,-0.289,-0.582
479.176,1.247,-0.736,-0.125
479.196,1.313,-0.532,-0.077
479.216,1.153,-0.194,-0.399
479.236,1.086,-0.464,-0.504
479.256,0.899,-0.584,-0.748
479.276,1.027,-0.672,-0.362
479.296,0.959,-0.811,-0.475
479.316,1.187,-0.684,-0.485
479.336,0.902,-0.776,-0.537
479.356,1.196,-0.639,-0.384
479.376,0.916,-0.609,-0.363
479.396,1.024,-0.391,-0.474
479.416,1.185,-0.676,-0.244
479.436,0.917,-0.721,-0.486
479.456,1.182,-0.425,-0.495
479.476,1.168,-0.471,-0.691
479.496,1.013,-0.682,-0.514
479.516,1.313,-0.521,-0.48
479.536,1.101,-0.683,-0.955
479.556,1.296,-0.668,-0.366
479.576,1.441,-0.299,-0.287
479.596,1.041,-0.628,-0.028
479.616,1.21,-0.698,-0.649
479.636,0.956,-0.607,-0.49
479.656,0.871,-1.005,-0.364
479.676,1.03,-0.635,-0.453
479.696,0.806,-0.56,-0.587
479.716,0.893,-0.215,-0.74
479.736,1.209,-0.583,-0.453
479.756,0.986,-0.51,-0.244
479.776,1.225,-0.531,-0.483
479.796,1.123,-0.155,-0.49
479.816,1.451,-0.399,-0.387
479.836,1.196,-0.874,-0.327
479.856,1.306,-0.327,-0.418
479.876,1.141,-0.762,-0.738
479.896,1.133,-0.705,-0.397
479.916,1.307,-0.849,-0.608
479.936,1.216,-0.229,-0.62
479.956,1.105,-0.366,-0.69
479.976,1.091,-0.377,-0.52
479.996,1.159,-0.429,-0.605
480.016,0.91,-0.517,-0.555
480.036,0.896,-0.708,-0.688
480.056,1.304,-0.589,-0.301
480.076,1.388,-0.73,-0.584
480.096,0.831,-0.795,-0.649
480.116,0.89,-0.75,-0.863
480.136,1.256,-0.146,-0.163
480.156,1.13,-0.698,-0.822
480.176,1.167,-0.427,-0.445
480.196,1.206,-0.203,-0.369
480.216,0.998,-0.465,-0.572
480.236,1.116,-0.788,-0.422
480.256,1.1,-0.786,-0.406
480.276,0.878,-0.594,-0.325
480.296,1.104,-0.15,-0.377
480.316,1.296,-0.298,-0.567
480.336,0.974,-0.45,-0.585
480.356,1.082,-0.603,-0.082
480.376,1.095,-0.473,-0.266
480.396,0.988,-0.514,-0.616
480.416,1.185,-0.521,-0.406
480.436,0.907,-0.72,-0.397
480.456,1.302,-0.724,-0.487
480.476,1.162,-0.494,-0.136
480.496,0.853,-0.797,-0.517
480.516,1.375,-0.713,-0.511
480.536,1.065,-0.58,-0.337
480.556,0.882,-0.513,-0.695
480.576,1.254,-0.34,-0.604
480.596,1.138,-0.802,-0.213
480.616,0.691,-0.781,-0.491
480.636,0.933,-0.272,-0.643
480.656,1.116,-0.216,-0.448
480.676,0.605,-0.742,-0.469
480.696,1.045,-0.714,-0.224
480.716,1.065,-0.422,-0.25
480.736,0.812,-0.538,-0.434
480.756,1.106,-0.533,-0.131
480.776,1.05,-0.711,-0.2
480.796,0.822,-0.405,-0.396
480.816,1.239,-0.601,-0.629
480.836,1.215,-0.604,-0.082
480.856,0.997,-0.788,-0.16
480.876,1.03,-0.412,-0.652
480.896,1.199,-0.661,-0.532
480.916,1.03,-0.582,-0.681
480.936,0.693,-0.349,-0.625
480.956,1.185,-0.792,-0.147
480.976,0.934,-0.604,-0.382
480.996,1.025,-0.916,-0.55
481.016,1.399,-0.722,-0.266
481.036,1.078,-0.364,-0.248
481.056,1.093,-0.93,-0.153
481.076,1.185,-0.577,-0.297
481.096,1.187,-0.293,-0.297
481.116,0.903,-0.505,-0.6
481.136,1.067,-0.728,-0.421
481.156,1.081,-0.839,-0.433
481.176,1.127,-1.007,-0.888
481.196,1.124,-0.312,-0.333
481.216,1.576,-0.704,-0.753
481.236,0.832,-0.982,-0.269
481.256,1.253,-0.81,-0.498
481.276,1.293,-0.834,-0.491
481.296,1.16,-0.709,-0.538
481.316,0.932,-0.139,-0.561
481.336,1.392,-0.422,-0.494
481.356,0.636,-0.513,-0.261
481.376,0.947,-0.376,-0.656
481.396,1.336,-0.245,-0.449
481.416,1.023,-0.515,-0.041
481.436,1.418,-0.342,-0.587
481.456,0.806,-0.748,-0.455
481.476,0.906,-0.8,-0.281
481.496,1.032,-0.827,-0.007
481.516,1.218,-0.582,-0.132
481.536,1.091,-1.164,-0.481
481.556,1.037,-0.37,-0.374
481.576,1.42,-0.728,-0.499
481.596,1.436,-0.469,-0.238
481.616,1.052,-0.911,-0.482
481.636,0.763,-0.407,-0.112
481.656,0.664,-0.38,-0.832
481.676,1.151,-0.638,-0.315
481.696,1.254,-0.557,-0.281
481.716,1.138,-0.859,-0.926
481.736,1.108,-0.647,-0.743
481.756,0.949,-0.465,-0.147
481.776,1.233,-0.724,-0.304
481.796,1.438,-0.374,-0.262
481.816,0.662,-1.04,-0.093
481.836,1.082,-0.751,-0.495
481.856,0.903,-1.072,-0.096
481.876,0.805,-0.628,0.158
481.896,0.887,-0.736,-0.166
481.916,1.191,-0.723,-0.342
481.936,1.191,-0.526,-0.431
481.956,1.388,-0.733,-0.38
481.976,1.095,-0.127,-0.389
481.996,0.75,-0.526,-0.399
482.016,1.056,-0.675,-0.648
482.036,0.831,-0.806,-0.334
482.056,0.875,-0.849,-0.357
482.076,1.245,-0.59,-0.123
482.096,1.174,-0.779,-0.287
482.116,1.256,-0.48,-0.556
482.136,1.042,-0.689,-0.633
482.156,1.277,-0.689,-0.415
482.176,1.055,-0.645,-0.606
482.196,1.347,-0.705,-0.391
482.216,1.203,-0.626,-0.564
482.236,1.104,-0.28,-0.185
482.256,1.191,-0.603,-0.324
482.276,1.13,-0.63,-0.233
482.296,1.439,-0.565,-0.463
482.316,1.17,-0.731,-0.373
482.336,1.136,-0.889,-0.217
482.356,1.072,-1.321,-0.321
482.376,1.286,-1.111,-0.256
482.396,1.266,-0.537,-0.543
482.416,1.066,-0.606,-0.236
482.436,0.887,-0.689,-0.521
482.456,0.953,-0.167,0.018
482.476,1.102,-0.63,-0.363
482.496,1.414,-1.095,-0.182
482.516,1.082,-0.473,-0.497
482.536,1.007,-0.381,-0.446
482.556,0.775,-0.476,-0.451
482.576,1.429,-0.387,-0.749
482.596,1.244,-0.99,-0.914
482.616,1.304,-0.624,-0.413
482.636,1.337,-0.807,-0.737
482.656,1.117,-0.538,-0.292
482.676,1.134,-0.334,-0.404
482.696,1.41,-0.688,-0.946
482.716,1.154,-0.481,-0.497
482.736,1.23,-0.794,-0.398
482.756,1.277,-0.632,-0.106
482.776,1.253,-0.718,-0.479
482.796,1.106,-0.263,-0.734
482.816,1.119,-0.834,-0.751
482.836,1.293,-0.592,-0.498
482.856,1.288,-0.328,-0.6
482.876,1.353,-1.001,-0.443
482.896,1.224,-0.521,-0.367
482.916,1.225,-0.584,-0.308
482.936,1.011,-0.753,-0.306
482.956,0.973,-0.384,-0.536
482.976,1.245,-0.278,-0.301
482.996,0.981,-0.469,-0.73
483.016,1.089,-0.655,-0.398
483.036,1.367,-0.89,-0.379
483.056,1.34,-0.585,-0.397
483.076,1.153,-0.643,-0.642
483.096,1.04,-0.624,-0.636
483.116,1.072,-0.697,-0.308
483.136,1.28,-0.711,-0.511
483.156,1.098,-0.582,-0.318
483.176,0.985,-0.84,-0.547
483.196,1.349,-0.366,0.148
483.216,1.157,-0.72,-0.464
483.236,0.997,-0.524,-0.154
483.256,1.216,-0.61,0.086
483.276,1.304,-0.43,-0.179
483.296,0.889,-0.444,-0.449
483.316,1.058,-0.459,-0.409
483.336,1.054,-0.783,-1.056
483.356,1.196,-0.584,-0.855
483.376,1.233,-0.235,-0.395
483.396,1.005,-0.637,-0.498
483.416,0.81,-0.368,-0.607
483.436,1.329,-0.569,-0.383
483.456,0.906,-0.634,-0.491
483.476,1.172,-0.539,-0.572
483.496,1.082,-0.755,-0.19
483.516,1.131,-0.4,-0.645
483.536,1.435,-0.738,-0.253
483.556,1.716,-0.457,-0.342
483.576,0.775,-0.338,-0.114
483.596,1.299,-0.461,-0.468
483.616,1.081,-0.656,-0.646
483.636,1.33,-0.499,-0.512
483.656,1.312,-0.695,-0.399
483.676,1.41,-0.583,-0.207
483.696,1.202,-0.631,-0.233
483.716,0.973,-0.678,-0.448
483.736,1.322,-0.407,-0.427
483.756,1.16,-0.341,-0.281
483.776,1.094,-0.316,-0.215
483.796,1.057,-0.478,-0.355
483.816,1.349,-0.237,-0.357
483.836,1.479,-0.663,-0.348
483.856,0.916,-0.269,-0.348
483.876,1.272,-0.345,-0.369
483.896,1.061,-0.513,-0.625
483.916,0.833,-0.49,-0.766
483.936,1.158,-0.308,-0.611
483.956,0.961,-0.388,-0.532
483.976,0.808,-0.474,-0.315
483.996,0.967,-0.606,-0.492
484.016,0.926,-0.696,-0.388
484.036,1.023,-0.481,-0.404
484.056,0.886,-0.726,-0.312
484.076,1.089,-0.373,-0.51
484.096,1.026,-0.884,-0.583
484.116,1.237,-0.467,-0.759
484.136,1.295,-0.594,-0.365
484.156,1.222,-0.627,-1.017
484.176,1.122,-0.592,-0.387
484.196,1.112,-1.114,-0.235
484.216,1.027,-0.632,-0.45
484.236,1.025,-0.726,-0.345
484.256,1.32,-0.72,-0.507
484.276,0.841,0.061,-0.429
484.296,1.173,-0.837,-0.458
484.316,1.11,-0.475,-0.267
484.336,1.305,-0.717,-0.452
484.356,0.89,-0.737,-0.612
484.376,1.174,-0.829,-0.325
484.396,1.248,-0.33,-0.405
484.416,0.801,-0.324,-0.526
484.436,0.96,-0.692,-0.26
484.456,1.155,-0.383,0.004
484.476,1.267,-0.774,-0.291
484.496,1.213,-0.648,-0.222
484.516,1.291,-0.42,-0.355
484.536,0.943,-0.765,-0.113
484.556,0.817,-0.724,-0.263
484.576,1.158,-0.567,-0.497
484.596,0.896,-0.578,-0.27
484.616,0.977,-0.803,-0.295
484.636,1.323,-0.14,-0.447
484.656,1.174,-0.752,-0.112
484.676,1.028,-0.4,-0.617
484.696,0.99,-0.475,-0.283
484.716,1.244,-0.75,-0.438
484.736,1.158,-0.497,-0.68
484.756,0.894,-0.757,-0.323
484.776,0.742,-0.568,-0.437
484.796,1.515,-0.41,-0.474
484.816,0.904,-0.692,-0.572
484.836,1.25,-0.498,0.03
484.856,1.449,-0.712,-0.859
484.876,1.156,-0.555,-0.783
484.896,1.026,-0.568,-0.271
484.916,0.862,-0.642,-0.276
484.936,0.857,-0.941,-0.629
484.956,1.207,-0.436,-0.484
484.976,1.415,-0.21,-0.236
484.996,1.07,-0.581,-0.42
485.016,1.036,-0.726,-0.21
485.036,1.281,-0.562,-0.388
485.056,0.999,-0.367,-0.47
485.076,1.162,-0.335,-0.648
485.096,1.114,-0.408,-0.378
485.116,1.028,-0.504,-0.503
485.136,1.098,-0.447,-0.196
485.156,1.456,-0.568,-0.197
485.176,1.227,-0.769,-0.432
485.196,1.29,-0.65,-0.384
485.216,0.89,-0.652,-0.465
485.236,1.298,-0.529,-0.488
485.256,1.197,-0.931,-0.6
485.276,0.777,-0.471,-0.387
485.296,1.173,-0.977,-0.469
485.316,0.964,-0.48,-0.11
485.336,0.759,-0.32,-0.468
485.356,1.104,-0.368,0.073
485.376,1.191,-0.73,-0.065
485.396,1.111,-0.429,-0.576
485.416,1.086,-0.411,-0.445
485.436,1.056,-0.21,-0.749
485.456,1.606,-0.456,-0.55
485.476,0.873,-0.338,-0.374
485.496,1.283,-0.632,-0.397
485.516,1.096,-0.722,-0.585
485.536,0.913,-0.372,-0.433
485.556,1.081,-0.365,-0.31
485.576,0.813,-0.664,-0.439
485.596,0.96,-0.799,-0.143
485.616,1.068,-0.528,-0.423
485.636,0.757,-0.553,-0.71
485.656,1.163,-0.531,-0.717
485.676,0.897,-0.39,-0.472
485.696,0.802,-0.345,-0.658
485.716,0.884,-0.546,-0.74
485.736,1.545,-0.742,-0.513
485.756,0.717,-0.698,-0.252
485.776,1.201,-0.679,-0.5
485.796,0.97,-0.59,-0.35
485.816,1.051,-0.669,-0.123
485.836,1.245,-0.628,-0.353
485.856,1.234,-0.557,-0.62
485.876,0.982,-0.695,-0.423
485.896,0.83,-0.502,-0.513
485.916,1.216,-0.199,-0.321
485.936,1.199,-0.585,-0.384
485.956,1.03,-0.679,-0.479
485.976,1.187,-0.47,-0.41
485.996,1.012,-0.681,-0.471
486.016,0.939,-0.55,-0.729
486.036,1.091,-0.648,-0.799
486.056,1.192,-0.716,-0.231
486.076,1.14,-0.673,-0.212
486.096,1.197,-0.651,-0.383
486.116,0.934,-0.74,-0.231
486.136,1.407,-0.266,-0.076
486.156,1.049,-0.455,-0.494
486.176,1.098,-0.362,-0.55
486.196,0.826,-0.836,-0.259
486.216,1.062,-0.645,-0.133
486.236,1.206,-0.499,-0.543
486.256,1.237,-0.249,-0.124
486.276,1.398,-0.736,-0.498
486.296,1.196,-0.83,-0.387
486.316,1.135,-0.554,-0.5
486.336,0.995,-0.732,-0.379
486.356,0.955,-0.262,-0.63
486.376,1.295,-0.478,-0.223
486.396,1.292,-0.643,-0.751
486.416,0.89,-0.638,-0.621
486.436,1.235,-0.608,-0.172
486.456,1.224,-0.955,0.022
486.476,0.875,-0.575,-0.531
486.496,1.202,-0.673,-0.122
486.516,0.89,-0.431,-0.172
486.536,0.624,-0.753,-0.334
486.556,1.072,-0.449,-0.517
486.576,1.152,-0.484,-0.153
486.596,1.1,-0.546,-0.477
486.616,1.679,-0.335,-0.361
486.636,1.193,-0.95,-0.876
486.656,1.171,-0.499,-0.529
486.676,1.213,-0.593,-0.567
486.696,1.054,-0.599,-0.418
486.716,1.336,-0.792,-0.5
486.736,1.233,-0.876,-0.552
486.756,1.226,-0.418,-0.454
486.776,1.032,-0.432,-0.602
486.796,0.835,-0.223,-0.77
486.816,1.045,-0.193,-0.522
486.836,1.213,-0.894,-0.459
486.856,1.083,-0.601,-0.258
486.876,1.248,-0.528,-0.445
486.896,1.14,-0.39,-0.312
486.916,1.263,-0.293,-0.529
486.936,0.981,-0.78,-0.376
486.956,1.234,-0.701,-0.721
486.976,1.067,-0.324,-0.517
486.996,0.883,-0.938,-0.93
487.016,1.173,-0.806,-0.625
487.036,1.501,-0.502,-0.635
487.056,0.896,-0.195,-0.267
487.076,1.2,-0.93,-0.315
487.096,1.35,-0.574,-0.173
487.116,1.656,-0.485,-0.646
487.136,1.107,-0.296,-0.228
487.156,1.07,-0.502,-0.507
487.176,0.976,-0.953,-0.018
487.196,1.408,-0.824,-0.421
487.216,0.994,-0.291,-0.063
487.236,1.095,-0.494,0.181
487.256,0.808,-0.816,-0.309
487.276,1.348,-0.496,-0.037
487.296,1.383,-0.534,-0.465
487.316,1.312,-1.103,-0.147
487.336,0.81,-1.024,-0.432
487.356,1.281,-0.555,-0.294
487.376,0.832,-0.216,-0.328
487.396,1.168,-0.573,-0.469
487.416,1.181,-1.109,-0.745
487.436,1.194,-0.96,-0.72
487.456,1.241,-0.524,-0.216
487.476,1.127,-0.505,-0.41
487.496,0.758,-0.7,-0.261
487.516,1.25,-0.757,-0.559
487.536,1.169,-0.486,-0.508
487.556,0.962,-0.436,-0.502
487.576,0.837,-0.532,-0.766
487.596,1.454,-0.863,-0.505
487.616,1.403,-0.499,-0.505
487.636,1.302,-0.75,-0.44
487.656,1.044,-0.79,-0.495
487.676,0.678,-0.791,-0.161
487.696,1.34,-0.668,-0.553
487.716,1.247,-0.562,-0.27
487.736,1.084,-1.094,-0.378
487.756,1.391,-0.854,-0.427
487.776,1.334,-0.819,-0.278
487.796,1.207,-0.539,-0.482
487.816,1.174,-0.926,-0.539
487.836,1.18,-0.817,-0.513
487.856,1.298,-0.586,-0.396
487.876,0.995,-0.742,-0.805
487.896,1.243,-0.438,-0.465
487.916,0.975,-0.793,-0.288
487.936,1.42,-0.382,-0.43
487.956,1.272,-0.342,-0.399
487.976,1.021,-0.653,-0.327
487.996,1.169,-0.662,-0.396
488.016,0.979,-0.633,-0.733
488.036,1.46,-0.575,-0.123
488.056,1.483,-0.734,0.113
488.076,1.296,-0.523,-0.112
488.096,1.465,-0.664,-0.457
488.116,1.186,-0.491,-0.598
488.136,1.302,-1.064,-0.107
488.156,1.387,-0.729,-0.378
488.176,1.139,-0.559,-0.21
488.196,1.148,-0.984,-0.603
488.216,1.316,-0.659,-0.303
488.236,1.238,-0.627,-0.343
488.256,0.97,-0.382,-0.154
488.276,0.684,-0.78,-0.265
488.296,1.086,-0.669,-0.392
488.316,0.694,-0.827,-0.042
488.336,0.91,-0.749,-0.475
488.356,0.922,-0.413,-0.12
488.376,0.975,-0.746,-0.331
488.396,1.25,-0.884,-0.296
488.416,1.295,-0.771,0.148
488.436,1.194,-0.857,-0.883
488.456,1.227,-0.832,-0.72
488.476,1.243,-0.832,-0.2
488.496,0.619,-0.823,-0.256
488.516,1.12,-0.969,-0.418
488.536,0.763,-0.703,-0.217
488.556,1.222,-0.914,-0.655
488.576,0.692,-0.504,-0.054
488.596,1.096,-0.796,-0.177
488.616,1.251,-0.659,-0.111
488.636,0.923,-0.649,-0.773
488.656,1.34,-1.103,-0.237
488.676,1.256,-0.796,-0.459
488.696,1.234,-0.411,0.023
488.716,1.299,-0.917,-0.403
488.736,1.098,-0.31,-0.626
488.756,1.2,-0.649,-0.332
488.776,1.184,-0.67,-0.798
488.796,1.181,-0.747,-0.255
488.816,1.035,-0.58,-0.556
488.836,0.926,-0.576,-0.501
488.856,1.101,-0.786,-0.42
488.876,1.08,-0.876,-0.544
488.896,1.004,-1.073,-0.151
488.916,1.307,-0.631,-0.553
488.936,0.91,-0.785,-0.378
488.956,1.114,-0.98,-0.382
488.976,1.384,-0.914,-0.489
488.996,1.321,-0.81,-0.648
489.016,1.387,-0.99,-0.942
489.036,1.046,-0.77,-0.262
489.056,1.323,-1.094,-0.676
489.076,0.948,-0.875,-0.057
489.096,1.094,-1.011,-0.573
489.116,1.105,-0.757,-0.194
489.136,1.044,-0.982,-0.442
489.156,1.082,-0.893,-0.156
489.176,1.039,-0.332,-0.394
489.196,0.945,-0.593,-0.379
489.216,1.308,-0.665,-0.706
489.236,1.09,-0.522,-0.312
489.256,1.173,-0.69,-0.279
489.276,1.162,-1.068,-0.424
489.296,1.142,-1.046,-0.246
489.316,1.151,-1.316,-0.385
489.336,1.086,-0.751,-0.244
489.356,1.435,-0.994,-0.467
489.376,1.309,-0.899,-0.275
489.396,1.15,-0.852,-0.446
489.416,1.041,-0.899,-0.078
489.436,1.133,-0.77,-0.557
489.456,1.247,-0.82,-0.498
489.476,1.453,-0.848,-0.623
489.496,0.89,-1.092,-0.57
489.516,1.297,-0.743,-0.596
489.536,1.387,-0.356,-0.061
489.556,0.858,-0.743,-0.055
489.576,1.122,-0.334,-0.502
489.596,0.958,-0.897,-0.208
489.616,1.268,-0.831,-0.524
489.636,1.132,-0.785,-0.394
489.656,1.175,-0.82,-0.17
489.676,1.119,-0.56,-0.533
489.696,1.355,-1.243,-0.697
489.716,1.264,-0.91,-0.406
489.736,1.287,-0.489,-0.674
489.756,1.295,-0.927,-0.511
489.776,1.374,-0.64,-0.45
489.796,1.187,-0.711,-0.379
489.816,1.552,-0.847,-0.384
489.836,0.97,-0.772,-0.468
489.856,0.867,-0.859,-0.362
489.876,0.858,-1.248,-0.231
489.896,0.798,-0.723,-0.377
489.916,1.365,-0.944,-0.356
489.936,1.328,-1.105,-0.735
489.956,1.454,-0.759,-0.513
489.976,0.996,-0.764,-0.467
489.996,1.362,-0.626,-0.07
490.016,1.22,-0.881,-0.972
490.036,1.238,-0.661,-0.347
490.056,1.342,-0.852,-0.394
490.076,1.076,-0.776,-0.357
490.096,1.748,-0.762,-0.77
490.116,1.487,-1.108,-0.451
490.136,1.118,-0.781,-0.127
490.156,1.014,-0.832,-0.722
490.176,1.214,-0.893,-0.373
490.196,1.26,-0.816,-0.611
490.216,1.432,-0.322,-0.17
490.236,0.987,-1.195,-0.327
490.256,1.292,-0.842,-0.402
490.276,0.92,-0.648,-0.652
490.296,1.317,-1.074,-0.542
490.316,1.219,-0.744,-0.579
490.336,1.632,-0.744,-0.669
490.356,0.946,-1.116,-0.529
490.376,1.524,-0.92,-0.886
490.396,0.907,-0.434,-0.343
490.416,0.968,-1.096,-0.569
490.436,0.892,-0.858,-0.63
490.456,1.269,-0.811,-0.777
490.476,0.974,-0.782,-0.429
490.496,0.946,-0.863,-0.131
490.516,1.24,-0.747,-0.569
490.536,1.277,-0.771,-0.225
490.556,1.202,-0.62,-0.383
490.576,1.159,-0.603,-0.521
490.596,1.547,-0.686,-0.09
490.616,1.215,-0.735,-0.821
490.636,1.344,-1.087,-0.445
490.656,1.214,-0.752,-0.564
490.676,0.968,-0.547,-0.424
490.696,1.295,-1.093,-0.744
490.716,1.046,-1.039,-0.351
490.736,1.156,-0.515,-0.835
490.756,1.238,-1.105,-0.371
490.776,0.793,-0.827,-0.602
490.796,0.863,-0.914,-0.43
490.816,1.363,-0.499,-0.67
490.836,1.052,-0.729,-0.687
490.856,1.047,-0.619,-0.212
490.876,1.207,-0.779,-0.197
490.896,1.105,-0.375,-0.756
490.916,1.235,-0.922,-0.476
490.936,1.151,-0.699,-0.354
490.956,1.217,-0.514,-0.511
490.976,1.042,-0.467,-0.504
490.996,1.199,-0.81,-0.385
491.016,1.383,-1.169,-0.42
491.036,1.04,-0.844,-0.617
491.056,1.337,-0.405,-0.43
491.076,1.148,-0.916,-0.596
491.096,1.312,-0.708,-0.615
491.116,1.193,-0.828,-0.679
491.136,1.158,-0.797,-0.68
491.156,1.249,-0.503,-0.491
491.176,1.413,-0.722,-0.843
491.196,1.205,-0.377,-0.824
491.216,1.25,-0.598,-0.545
491.236,1.078,-0.768,-0.505
491.256,1.457,-0.803,-0.703
491.276,1.276,-0.722,-0.147
491.296,1.159,-1.031,-0.647
491.316,1.126,-0.989,-0.615
491.336,1.329,-0.623,-0.637
491.356,1.005,-0.595,-0.303
491.376,0.78,-1.028,-0.165
491.396,1.145,-0.596,-0.71
491.416,1.361,-0.799,-0.34
491.436,1.456,-0.932,-0.443
491.456,1.13,-0.84,-0.658
491.476,1.149,-0.605,-0.455
491.496,1.242,-0.655,-0.764
491.516,1.086,-0.692,-0.561
491.536,1.246,-0.673,-0.694
491.556,1.112,-0.973,-0.552
491.576,1.319,-0.646,-0.478
491.596,1.265,-0.823,-0.195
491.616,1.292,-0.333,-0.49
491.636,1.084,-0.803,-0.702
491.656,1.506,-0.288,-0.506
491.676,1.219,-0.766,-0.93
491.696,1.173,-0.758,-0.343
491.716,0.973,-0.807,-0.665
491.736,1.13,-0.991,-0.13
491.756,1.163,-0.461,-0.322
491.776,0.974,-0.725,-0.47
491.796,1.068,-0.607,-0.556
491.816,1.094,-0.391,-0.567
491.836,1.132,-0.758,-0.57
491.856,0.763,-0.772,-0.505
491.876,1.078,-0.722,-0.57
491.896,1.02,-1.016,-0.379
491.916,1.077,-1.115,-0.193
491.936,1.293,-1.044,-0.463
491.956,1.491,-0.486,-0.238
491.976,1.224,-0.796,-0.728
491.996,0.847,-0.577,-0.409
492.016,1.044,-0.785,-0.487
492.036,1.231,-1.059,-0.783
492.056,1.211,-0.558,-0.545
492.076,1.301,-0.904,-0.331
492.096,1.082,-0.607,-1.036
492.116,1.033,-0.545,-0.545
492.136,1.443,-0.732,-0.609
492.156,1.11,-0.623,-0.47
492.176,0.896,-0.999,-0.344
492.196,1.394,-0.138,-0.374
492.216,0.801,-0.625,-0.313
492.236,0.399,-0.565,-0.274
492.256,1.255,-0.533,-0.583
492.276,1.293,-0.762,-0.997
492.296,1.207,-0.706,-0.398
492.316,0.859,-0.499,-0.752
492.336,1.111,-0.807,-0.498
492.356,1.057,-0.67,-0.845
492.376,1.03,-0.658,-0.696
492.396,1.428,-0.894,-0.44
492.416,0.927,-0.67,-0.657
492.436,1.214,-1.098,-0.892
492.456,1.374,-0.569,-0.85
492.476,1.203,-0.425,-0.34
492.496,1.368,-0.548,-0.647
492.516,1.231,-0.434,-0.647
492.536,1.21,-0.889,-0.704
492.556,1.188,-0.795,-0.89
492.576,1.233,-0.719,-0.637
492.596,1.032,-0.723,-0.341
492.616,0.855,-0.84,-0.734
492.636,1.303,-0.923,-0.955
492.656,1.347,-0.393,-0.414
492.676,1.169,-0.91,-0.558
492.696,1.014,-0.428,-0.539
492.716,0.786,-0.658,-0.496
492.736,1.117,-0.73,-0.921
492.756,0.813,-0.674,-0.611
492.776,0.785,-0.479,-0.523
492.796,1.076,-1.303,-0.576
492.816,0.934,-0.709,-0.56
492.836,1.137,-0.749,-0.325
492.856,1.025,-0.728,-0.485
492.876,0.931,-0.578,-0.439
492.896,0.707,-0.89,-0.578
492.916,0.88,-0.994,-1.069
492.936,0.876,-1.023,-0.63
492.956,0.796,-0.916,-0.563
492.976,0.974,-0.589,-0.595
492.996,0.825,-0.638,-0.574
493.016,1.011,-0.552,-0.514
493.036,1.1,-0.822,-0.368
493.056,0.885,-0.808,-0.717
493.076,1.128,-0.377,-0.592
493.096,0.786,-0.502,-0.237
493.116,0.832,-0.558,-0.883
493.136,1.036,-1.075,-0.617
493.156,1.193,-0.313,-1.013
493.176,1.227,-0.734,-0.619
493.196,1.382,-0.678,-0.541
493.216,0.992,-0.613,-0.912
493.236,1.034,-0.693,-0.489
493.256,0.846,-0.765,-0.672
493.276,0.768,-0.697,-0.326
493.296,1.061,-0.598,-0.468
493.316,0.874,-0.561,-0.672
493.336,1.291,-0.488,-0.597
493.356,0.752,-0.948,-0.254
493.376,1.157,-0.842,-0.596
493.396,0.87,-0.554,-0.851
493.416,0.914,-1.034,-0.812
493.436,1.173,-0.673,-0.608
493.456,0.927,-0.864,-0.337
493.476,0.95,-0.595,-0.645
493.496,0.88,-0.865,-0.778
493.516,1.402,-0.768,-0.565
493.536,0.928,-0.755,-0.497
493.556,1.04,-0.64,-0.468
493.576,0.984,-0.48,-0.91
493.596,1.058,-0.453,-0.502
493.616,0.891,-0.601,-0.507
493.636,0.967,-0.857,-0.648
493.656,1.089,-0.119,-0.343
493.676,0.849,-0.655,-0.49
493.696,1.24,-0.567,-0.759
493.716,1.267,-0.566,-0.48
493.736,1.164,-0.555,-0.936
493.756,1.059,-0.79,-0.639
493.776,0.433,-0.545,-0.629
493.796,1.104,-0.287,-0.437
493.816,0.94,-1.041,0.037
493.836,0.987,-0.62,-0.635
493.856,0.639,-0.843,-0.273
493.876,1.121,-0.406,-0.281
493.896,0.735,-0.39,-0.834
493.916,1.054,-0.651,-0.303
493.936,1.21,-0.618,-0.696
493.956,0.936,-0.817,-0.559
493.976,1.272,-1.098,-0.101
493.996,0.869,-0.693,-0.447
494.016,1.117,-0.689,-0.671
494.036,0.756,-0.643,-0.448
494.056,1.221,-1.308,-0.847
494.076,1.179,-0.991,-0.322
494.096,1.108,-0.929,-0.675
494.116,0.931,-0.613,-1.02
494.136,0.732,-0.499,-0.595
494.156,0.939,-0.834,-0.628
494.176,1.232,-0.657,-0.426
494.196,1.042,-0.73,-0.77
494.216,0.703,-0.211,-0.467
494.236,0.798,-0.682,-0.675
494.256,1.284,-0.684,-0.54
494.276,1.139,-0.764,-0.311
494.296,0.767,-0.986,-0.305
494.316,0.665,-0.478,-0.258
494.336,0.903,-0.651,-0.664
494.356,0.656,-0.675,-0.451
494.376,0.979,-0.57,-0.444
494.396,1.498,-0.918,-0.267
494.416,0.677,-0.25,-0.587
494.436,0.96,-0.981,-0.817
494.456,1.255,-0.285,-0.327
494.476,1.146,-0.677,-0.233
494.496,0.939,-0.751,-0.442
494.516,0.952,-0.533,-0.726
494.536,0.757,-0.728,-0.068
494.556,0.923,-0.468,-0.482
494.576,1.027,-0.587,-0.633
494.596,1.208,-0.497,-0.283
494.616,0.857,-0.432,-0.174
494.636,0.942,-0.673,-0.828
494.656,0.77,-0.448,-0.405
494.676,0.984,-0.531,-0.252
494.696,1.083,-0.38,-0.535
494.716,1.046,-0.718,-0.481
494.736,0.702,-0.364,-0.54
494.756,0.965,-0.778,-0.185
494.776,0.78,-1.027,-0.735
494.796,1.119,-0.891,-0.556
494.816,0.888,-0.692,-0.081
494.836,0.608,-0.574,-0.634
494.856,0.868,-0.618,-0.817
494.876,1.015,-0.456,-0.506
494.896,0.969,-0.857,-0.278
494.916,0.813,-0.264,-0.506
494.936,0.791,-0.349,-0.599
494.956,0.714,-0.43,-0.41
494.976,0.828,-0.378,0.003
494.996,0.736,-0.948,-0.557
495.017,1.092,-0.501,-0.083
495.037,0.712,-0.475,-0.425
495.057,0.936,-0.413,-0.679
495.077,0.915,-0.447,-0.185
495.097,1.108,-0.536,-0.599
495.117,1.125,-0.553,-0.821
495.137,1.063,-0.396,-0.444
495.157,0.993,-0.767,-0.6
495.177,0.716,-0.586,-0.134
495.197,0.702,-0.787,-0.402
495.217,0.75,-0.726,-0.579
495.237,1.073,-1.234,-0.3
495.257,0.937,-0.874,-0.479
495.277,1.082,-0.787,-0.41
495.297,1.1,-0.795,-0.959
495.317,0.742,-0.784,-0.721
495.337,0.893,-0.942,-0.431
495.357,0.874,-0.758,-0.75
495.377,0.799,-0.458,-0.595
495.397,0.746,-0.739,-0.293
495.417,1.081,-0.43,-0.363
495.437,0.879,-0.447,-0.23
495.457,0.876,-0.798,-0.457
495.477,0.713,-0.565,-0.59
495.497,1.012,-0.958,-0.174
495.517,0.655,-0.895,-0.445
495.537,0.955,-0.651,-0.676
495.557,0.968,-0.571,-0.123
495.577,0.793,-0.346,-0.449
495.597,0.945,-0.69,-0.253
495.617,0.92,-0.627,-0.396
495.637,0.873,-0.621,-0.24
495.657,0.884,-0.273,-0.297
495.677,0.871,-0.362,-0.489
495.697,0.904,-0.553,-0.507
495.717,0.873,-0.475,-0.302
495.737,0.651,-0.564,-0.416
495.757,0.85,-0.408,-0.423
495.777,0.936,-0.442,-0.516
495.797,0.878,-0.682,-0.496
495.817,1.052,-0.593,-0.734
495.837,1.002,-0.572,-0.325
495.857,0.705,-0.589,-0.548
495.877,0.842,-0.711,-0.4
495.897,0.812,-0.535,-0.421
495.917,0.876,-0.69,-0.387
495.937,0.848,-0.716,-0.415
495.957,0.977,-0.63,-0.326
495.977,0.88,-0.555,-0.591
495.997,1.095,-0.364,-0.448
496.017,0.915,-0.5,-0.421
496.037,0.695,-0.412,-0.585
496.057,0.757,-0.293,-0.613
496.077,0.972,-0.772,-0.526
496.097,0.545,-0.52,-0.376
496.117,0.602,-0.522,-0.618
496.137,0.884,-0.615,-0.215
496.157,1.079,-0.511,-0.525
496.177,1.161,-0.675,-0.416
496.197,0.85,-0.557,-0.296
496.217,1.121,-0.965,-0.73
496.237,0.929,-0.672,-0.172
496.257,0.595,-0.519,-0.617
496.277,0.898,-0.458,-0.189
496.297,0.777,-0.846,-0.339
496.317,1.086,-0.693,-0.796
496.337,0.896,-0.897,-0.447
496.357,0.648,-0.769,-0.577
496.377,0.606,-0.621,-0.087
496.397,0.897,-0.469,-0.361
496.417,0.421,-0.472,-0.78
496.437,0.809,-0.605,-0.138
496.457,0.977,-0.793,-0.276
496.477,0.741,-0.693,-0.281
496.497,1.147,-0.169,-0.377
496.517,1.182,-0.959,-0.655
496.537,0.738,-0.915,-0.076
496.557,0.87,-0.636,-0.426
496.577,1.13,-0.537,-0.072
496.597,0.964,-0.522,-0.359
496.617,0.677,-0.647,-0.386
496.637,0.921,-1.015,-0.685
496.657,0.762,-0.748,-0.462
496.677,1.164,-1.063,-0.05
496.697,1.066,-0.622,-0.153
496.717,0.873,-0.617,-0.187
496.737,0.954,-0.725,-0.172
496.757,0.658,-0.934,-0.281
496.777,0.776,-0.858,-0.382
496.797,1.241,-1.011,-0.436
496.817,0.932,-0.703,-0.377
496.837,1.102,-0.053,-0.251
496.857,0.972,-0.689,-0.446
496.877,1.169,-0.763,-0.303
496.897,0.495,-0.635,-0.283
496.917,0.859,-0.92,-0.352
496.937,1.226,-0.923,-0.642
496.957,1.095,-0.823,-0.558
496.977,1.178,-0.515,-0.369
496.997,0.918,-0.612,-0.773
497.017,0.793,-0.702,-0.136
497.037,0.703,-0.518,-0.078
497.057,0.693,-0.322,-0.159
497.077,1.074,-0.516,-0.271
497.097,1.025,-0.865,-0.571
497.117,0.922,-1.056,-0.273
497.137,1.03,-1.032,-0.071
497.157,0.939,-0.492,-0.559
497.177,1.098,-0.819,0.171
497.197,1.085,-0.498,-0.175
497.217,0.679,-0.763,-0.554
497.237,0.953,-0.594,-0.526
497.257,0.558,-0.544,-0.42
497.277,0.91,-0.841,-0.323
497.297,0.97,-0.511,-0.395
497.317,0.591,-0.8,-0.87
497.337,0.778,-0.821,-0.559
497.357,0.854,-0.524,-0.294
497.377,0.889,-0.564,-0.266
497.397,0.785,-0.608,-0.122
497.417,0.589,-0.93,-0.429
497.437,0.823,-0.797,-0.26
497.457,0.495,-0.583,-0.289
497.477,0.788,-0.261,-0.469
497.497,0.745,-0.366,-0.175
497.517,0.789,-0.825,-0.215
497.537,0.694,-0.88,0.147
497.557,0.483,-0.396,-0.115
497.577,0.713,-0.622,-0.639
497.597,0.964,-0.843,-0.147
497.617,1.027,-0.722,-0.623
497.637,1.276,-0.993,-0.056
497.657,1.136,-0.546,-0.395
497.677,0.554,-0.482,-0.277
497.697,0.711,-0.461,-0.081
497.717,0.78,-0.543,-0.263
497.737,0.773,-0.839,-0.206
497.757,0.825,-0.589,-0.494
497.777,1.284,-0.464,-0.535
497.797,0.59,-0.565,-0.339
497.817,0.655,-0.57,-0.212
497.837,1.135,-0.707,-0.356
497.857,0.69,-0.918,-0.01
497.877,0.897,-0.36,-0.227
497.897,1.009,-0.728,-0.394
497.917,0.877,-0.465,-0.366
497.937,0.822,-0.227,-0.428
497.957,0.958,-0.541,-0.228
497.977,0.589,-0.5,-0.406
497.997,0.664,-0.93,-0.3
498.017,0.881,-0.889,-0.033
498.037,0.368,-0.473,-0.228
498.057,1.061,-0.823,-0.313
498.077,0.842,-0.989,-0.342
498.097,0.815,-1.047,-0.032
498.117,0.467,-0.736,-0.233
498.137,0.516,-0.75,-0.153
498.157,0.685,-0.491,-0.427
498.177,0.935,-0.895,-0.57
498.197,0.344,-0.419,-0.038
498.217,0.905,-0.932,-0.049
498.237,0.673,-0.918,-0.477
498.257,0.695,-0.648,-0.092
498.277,0.795,-0.675,0.021
498.297,0.81,-0.57,-0.333
498.317,0.594,-0.929,-0.257
498.337,0.862,-0.622,0.136
498.357,0.272,-1.024,0.012
498.377,0.633,-1.116,-0.395
498.397,0.729,-0.325,-0.391
498.417,0.62,-0.482,-0.312
498.437,0.307,-0.675,-0.215
498.457,0.826,-1.092,-0.164
498.477,0.417,-0.78,-0.529
498.497,0.645,-0.607,-0.392
498.517,0.696,-0.778,-0.645
498.537,0.689,-0.37,-0.101
498.557,0.916,-0.569,-0.247
498.577,0.677,-0.884,-0.291
498.597,0.782,-1.033,-0.318
498.617,0.672,-0.524,-0.271
498.637,0.79,-0.517,-0.152
498.657,0.943,-0.53,-0.467
498.677,0.697,-0.361,-0.391
498.697,0.818,-0.597,-0.439
498.717,0.935,-0.682,-0.746
498.737,0.929,-0.558,0.118
498.757,0.587,-0.465,-0.107
498.777,0.869,-0.568,-0.405
498.797,0.701,-0.704,-0.188
498.817,0.86,-0.526,-0.47
498.837,0.741,-0.701,-0.15
498.857,0.7,-0.814,0.234
498.877,0.728,-0.711,-0.059
498.897,0.694,-0.806,-0.645
498.917,0.731,-0.744,-0.553
498.937,0.659,-0.892,-0.528
498.957,0.642,-0.506,-0.329
498.977,1.063,-0.657,-0.246
498.997,0.81,-0.549,0.06
499.017,0.62,-0.574,-0.502
499.037,0.679,-0.855,-0.215
499.057,0.953,-0.415,-0.756
499.077,0.6,-0.717,-0.43
499.097,0.443,-0.748,-0.5
499.117,0.465,-0.648,-0.661
499.137,0.391,-0.637,-0.075
499.157,0.471,-0.169,-0.355
499.177,0.503,-0.564,-0.191
499.197,1.02,-0.768,-0.502
499.217,0.734,-0.3,0.005
499.237,0.674,-0.996,-0.421
499.257,0.458,-0.758,-0.004
499.277,0.728,-0.754,-0.005
499.297,0.432,-0.643,-0.19
499.317,0.72,-0.578,-0.164
499.337,1.204,-0.558,-0.452
499.357,0.928,-0.549,-0.575
499.377,0.746,-0.493,-0.215
499.397,0.939,-0.641,-0.23
499.417,0.696,-0.375,-0.33
499.437,0.648,-0.954,-0.426
499.457,1.152,-1.148,-0.442
499.477,0.558,-0.494,-0.54
499.497,0.715,-0.711,-0.071
499.517,0.85,-0.286,-0.402
499.537,0.606,-0.427,-0.449
499.557,0.914,-0.503,-0.134
499.577,0.709,-0.719,-0.38
499.597,0.906,-0.489,-0.402
499.617,0.891,-0.701,-0.053
499.637,0.721,-0.619,-0.5
499.657,1.106,-0.701,-0.473
499.677,0.644,-0.579,-0.634
499.697,1.039,-0.697,-0.251
499.717,0.998,-0.456,-0.354
499.737,1.095,-0.554,0.148
499.757,0.784,-0.755,-0.344
499.777,0.593,-0.742,-0.092
499.797,1.181,-0.917,-0.392
499.817,0.69,-1.034,-0.05
499.837,0.579,-0.442,0.088
499.857,0.696,-0.705,-0.308
499.877,0.546,-0.868,-0.233
499.897,0.859,-0.541,-0.239
499.917,0.634,-0.762,-0.154
499.937,0.698,-0.63,-0.012
499.957,0.965,-0.883,-0.326
499.977,0.902,-0.486,0.012
499.997,0.78,-0.592,-0.172
500.017,0.804,-0.514,0.109
500.037,0.779,-0.71,-0.133
500.057,0.678,-0.577,-0.478
500.077,0.752,-0.917,-0.041
500.097,0.849,-0.179,-0.171
500.117,0.741,-0.562,-0.235
500.137,0.838,-0.305,-0.068
500.157,0.597,-0.72,-0.314
500.177,0.651,-0.875,-0.198
500.197,0.613,-0.766,-0.253
500.217,0.65,-0.692,-0.01
500.237,1.013,-0.715,-0.222
500.257,0.894,-0.32,-0.143
500.277,0.545,-0.87,-0.144
500.297,0.847,-0.822,-0.088
500.317,0.679,-0.551,-0.259
500.337,0.621,-1.015,0.082
500.357,0.473,-0.694,0.039
500.377,0.962,-0.66,0.214
500.397,0.503,-0.597,-0.354
500.417,0.773,-0.605,-0.148
500.437,0.578,-0.284,-0.488
500.457,0.933,-0.842,-0.411
500.477,0.724,-0.793,-0.033
500.497,0.77,-0.555,-0.213
500.517,0.772,-0.641,-0.383
500.537,0.845,-0.624,-0.042
500.557,0.786,-0.979,-0.143
500.577,0.757,-0.265,-0.707
500.597,0.666,-0.627,0.005
500.617,0.442,-1.034,-0.18
500.637,0.537,-0.582,-0.288
500.657,0.901,-0.919,-0.436
500.677,0.7,-0.504,-0.08
500.697,0.623,-0.963,-0.264
500.717,0.474,-0.507,-0.212
500.737,0.404,-0.962,-0.149
500.757,0.61,-0.908,-0.073
500.777,0.938,-0.703,-0.114
500.797,0.661,-0.839,0.14
500.817,0.848,-0.844,-0.515
500.837,0.621,-1.06,-0.272
500.857,0.865,-0.834,0.05
500.877,0.673,-0.596,0.227
500.897,0.508,-0.415,0.056
500.917,0.719,-0.644,-0.067
500.937,1.133,-0.665,0.012
500.957,1.14,-1.146,-0.011
500.977,0.876,-0.829,-0.299
500.997,0.756,-0.957,-0.066
501.017,0.848,-1.139,-0.407
501.037,0.863,-1.087,-0.188
501.057,0.776,-0.695,-0.314
501.077,0.859,-0.933,-0.102
501.097,0.813,-1.108,-0.299
501.117,0.698,-0.952,-0.193
501.137,0.523,-0.778,-0.414
501.157,0.679,-0.975,-0.283
501.177,0.945,-1.091,0.028
501.197,0.77,-1.041,-0.559
501.217,0.825,-0.688,-0.184
501.237,0.713,-1.288,0.097
501.257,0.566,-0.926,-0.011
501.277,0.724,-0.887,-0.188
501.297,0.559,-1.005,-0.065
501.317,0.554,-1.055,-0.361
501.337,1.023,-0.656,-0.074
501.357,0.698,-0.642,0.039
501.377,0.639,-0.832,-0.145
501.397,1.103,-0.954,0.018
501.417,0.937,-0.824,-0.401
501.437,0.698,-0.781,-0.429
501.457,0.852,-0.881,-0.043
501.477,0.703,-0.762,0.294
501.497,0.606,-0.917,-0.183
501.517,0.843,-1.48,-0.022
501.537,0.679,-0.889,-0.775
501.557,0.767,-0.696,-0.059
501.577,0.953,-0.828,-0.277
501.597,0.92,-0.764,0.221
501.617,0.629,-0.894,-0.047
501.637,0.844,-0.864,-0.178
501.657,0.512,-0.807,-0.308
501.677,0.809,-0.444,0.047
501.697,0.752,-0.679,0.065
501.717,0.806,-0.702,-0.361
501.737,0.653,-0.808,0.046
501.757,1.139,-1.128,0.021
501.777,0.537,-0.601,-0.141
501.797,0.909,-0.666,-0.035
501.817,0.504,-0.791,-0.103
501.837,0.808,-0.875,-0.431
501.857,0.819,-0.778,-0.128
501.877,0.717,-0.941,-0.223
501.897,0.604,-0.74,-0.429
501.917,0.746,-1.058,-0.37
501.937,0.772,-1.285,-0.544
501.957,1.082,-1.149,-0.578
501.977,0.569,-0.875,-0.348
501.997,0.641,-0.955,-0.017
502.017,0.837,-0.926,-0.501
502.037,0.726,-1.162,-0.479
502.057,0.765,-0.84,0.141
502.077,1.004,-1.119,-0.426
502.097,0.229,-0.808,-0.228
502.117,0.678,-1.201,-0.113
502.137,0.45,-1.096,-0.253
502.157,0.568,-1.121,-0.219
502.177,1.281,-0.803,-0.378
502.197,0.907,-1.016,-0.357
502.217,0.982,-0.824,-0.155
502.237,0.785,-0.672,-0.451
502.257,0.958,-0.547,0.087
502.277,0.437,-0.862,-0.553
502.297,1.007,-1.127,-0.154
502.317,0.636,-0.666,-0.409
502.337,0.705,-0.595,-0.1
502.357,0.899,-0.905,-0.403
502.377,0.873,-0.615,-0.082
502.397,0.826,-0.821,-0.048
502.417,0.558,-1.204,-0.024
502.437,0.854,-0.998,-0.323
502.457,1.033,-0.962,0.087
502.477,0.729,-0.923,-0.21
502.497,1.095,-1.023,-0.23
502.517,0.656,-1.022,-0.118
502.537,0.833,-0.561,-0.543
502.557,1.136,-1.172,-0.266
502.577,0.699,-0.973,-0.151
502.597,1.058,-0.707,-0.333
502.617,1.248,-0.94,-0.236
502.637,0.889,-0.765,0.102
502.657,0.746,-0.915,-0.381
502.677,0.668,-0.753,-0.047
502.697,1.09,-1.062,-0.329
502.717,1.078,-1.23,-0.189
502.737,1.107,-0.929,-0.092
502.757,0.805,-1.207,-0.03
502.777,1.022,-0.879,-0.126
502.797,0.815,-1.075,-0.054
502.817,0.642,-1.076,-0.252
502.837,1.027,-0.572,-0.295
502.857,1.133,-0.822,0.011
502.877,0.59,-1.202,-0.566
502.897,0.582,-0.896,-0.274
502.917,0.789,-0.927,-0.227
502.937,0.972,-1.322,-0.145
502.957,0.559,-0.813,0.007
502.977,0.837,-0.696,-0.128
502.997,0.672,-0.977,-0.226
503.017,0.944,-0.947,0.0
503.037,0.636,-1.02,-0.113
503.057,0.938,-0.819,-0.159
503.077,0.741,-0.949,0.139
503.097,0.611,-0.935,-0.016
503.117,0.799,-1.056,0.301
503.137,0.411,-0.478,-0.62
503.157,0.685,-0.944,0.034
503.177,0.872,-0.749,0.072
503.197,0.428,-0.816,-0.366
503.217,0.264,-1.399,-0.248
503.237,0.317,-0.934,-0.197
503.257,1.055,-1.08,-0.304
503.277,0.79,-0.658,-0.279
503.297,0.683,-1.121,0.437
503.317,0.985,-0.787,-0.237
503.337,0.717,-0.699,-0.109
503.357,0.85,-0.837,-0.146
503.377,0.802,-0.897,-0.193
503.397,0.697,-0.973,-0.442
503.417,0.841,-0.912,-0.026
503.437,0.942,-1.152,-0.211
503.457,0.76,-0.864,-0.511
503.477,0.706,-0.687,-0.158
503.497,0.731,-1.071,-0.13
503.517,0.342,-0.908,0.054
503.537,0.876,-0.956,-0.432
503.557,0.565,-0.871,-0.167
503.577,0.936,-1.04,-0.269
503.597,0.789,-1.237,-0.312
503.617,0.823,-1.167,-0.11
503.637,0.953,-1.429,-0.236
503.657,0.632,-0.81,-0.072
503.677,0.89,-0.883,-0.351
503.697,0.878,-0.966,-0.205
503.717,0.78,-1.092,-0.114
503.737,0.646,-0.994,-0.095
503.757,0.954,-0.967,-0.13
503.777,0.983,-1.061,-0.161
503.797,0.858,-1.045,-0.282
503.817,0.616,-0.694,0.134
503.837,0.728,-1.208,-0.153
503.857,0.807,-0.753,-0.433
503.877,0.972,-1.278,-0.622
503.897,0.514,-0.619,0.022
503.917,0.726,-1.432,-0.466
503.937,0.765,-0.859,-0.175
503.957,0.845,-1.082,-0.453
503.977,0.592,-0.997,-0.199
503.997,0.812,-0.99,-0.167
504.017,0.8,-0.845,-0.088
504.037,0.642,-1.362,-0.277
504.057,0.822,-0.988,-0.277
504.077,0.74,-0.951,-0.473
504.097,0.943,-1.111,-0.314
504.117,0.645,-0.998,-0.246
504.137,0.822,-1.136,-0.234
504.157,0.664,-0.892,-0.27
504.177,0.718,-0.924,-0.454
504.197,0.904,-0.965,-0.495
504.217,0.89,-0.889,0.067
504.237,0.753,-0.771,-0.146
504.257,0.787,-1.216,0.201
504.277,0.541,-0.588,-0.194
504.297,1.122,-0.948,-0.145
504.317,0.984,-1.127,-0.449
504.337,0.978,-0.577,0.037
504.357,0.526,-1.122,-0.637
504.377,0.723,-1.275,-0.138
504.397,0.779,-1.148,-0.256
504.417,0.447,-1.168,0.014
504.437,1.035,-0.815,-0.293
504.457,1.144,-1.049,-0.26
504.477,1.254,-1.006,-0.649
504.497,0.64,-1.034,-0.637
504.517,0.868,-0.823,-0.175
504.537,1.105,-1.115,-0.019
504.557,0.79,-1.115,-0.193
504.577,0.722,-1.201,-0.272
504.597,0.457,-1.163,-0.185
504.617,1.055,-0.965,-0.201
504.637,0.839,-0.908,-0.111
504.657,0.695,-0.705,-0.435
504.677,0.896,-1.071,-0.185
504.697,0.88,-1.099,-0.458
504.717,0.864,-0.959,-0.05
504.737,0.793,-1.135,-0.498
504.757,1.167,-1.175,-0.331
504.777,0.817,-0.972,-0.164
504.797,1.164,-1.115,-0.559
504.817,0.954,-1.104,-0.444
504.837,0.908,-0.936,0.159
504.857,0.818,-0.992,-0.096
504.877,1.033,-0.66,-0.225
504.897,0.872,-0.869,-0.157
504.917,0.659,-1.205,-0.649
504.937,0.651,-1.141,-0.177
504.957,0.936,-1.343,0.084
504.977,0.677,-1.276,-0.397
504.997,0.847,-0.824,0.065
505.017,1.068,-1.13,-0.385
505.037,0.915,-1.346,-0.279
505.057,0.738,-1.437,-0.586
505.077,1.175,-1.344,-0.232
505.097,1.007,-1.21,-0.276
505.117,1.1,-1.045,-0.357
505.137,0.458,-1.138,-0.486
505.157,0.957,-0.931,-0.292
505.177,1.067,-1.261,-0.455
505.197,1.241,-0.845,-0.105
505.217,0.61,-1.114,-0.256
505.237,1.157,-0.994,-0.414
505.257,1.261,-1.2,-0.124
505.277,0.528,-0.906,-0.398
505.297,1.027,-1.39,-0.117
505.317,1.046,-1.362,-0.28
505.337,0.856,-1.323,-0.698
505.357,0.839,-0.899,-0.217
505.377,1.067,-1.189,-0.363
505.397,0.792,-1.329,-0.248
505.417,0.861,-1.17,-0.309
505.437,1.062,-1.102,-0.306
505.457,1.243,-1.334,-0.318
505.477,1.006,-1.086,0.243
505.497,0.93,-1.147,-0.216
505.517,0.81,-1.229,-0.675
505.537,0.709,-1.381,-0.623
505.557,1.135,-0.941,-0.251
505.577,0.873,-1.194,-0.43
505.597,1.131,-1.685,-0.086
505.617,0.835,-1.037,-0.224
505.637,0.772,-1.034,-0.207
505.657,0.995,-0.951,-0.488
505.677,0.9,-1.046,-0.181
505.697,0.673,-1.098,-0.261
505.717,1.299,-1.22,-0.476
505.737,0.8,-1.23,-0.463
505.757,1.12,-1.016,0.065
505.777,1.103,-1.189,-0.147
505.797,0.688,-1.454,-0.333
505.817,0.728,-1.24,-0.368
505.837,0.857,-1.173,-0.265
505.857,0.741,-1.556,-0.211
505.877,1.259,-0.986,-0.557
505.897,0.863,-1.146,-0.324
505.917,1.076,-1.416,-0.71
505.937,1.004,-1.202,-0.33
505.957,0.948,-1.153,-0.052
505.977,0.919,-0.927,-0.617
505.997,1.152,-0.955,-0.387
506.017,0.739,-0.918,-0.397
506.037,1.247,-1.042,-0.58
506.057,0.632,-1.254,-0.458
506.077,1.045,-1.302,-0.626
506.097,0.599,-1.258,-0.534
506.117,0.829,-1.151,-0.321
506.137,0.912,-1.135,-0.289
506.157,0.794,-0.909,-0.432
506.177,0.852,-1.153,-0.074
506.197,0.622,-1.506,-0.198
506.217,0.702,-1.333,0.057
506.237,0.989,-1.271,-0.373
506.257,0.903,-1.273,-0.55
506.277,0.766,-1.65,-0.367
506.297,1.16,-0.773,0.068
506.317,0.648,-1.53,-0.552
506.337,0.841,-1.203,-0.164
506.357,0.815,-0.935,-0.545
506.377,1.077,-0.939,-0.413
506.397,0.977,-1.346,-0.441
506.417,0.971,-0.803,-0.526
506.437,0.616,-0.841,-0.189
506.457,1.183,-1.087,-0.056
506.477,0.954,-1.055,-0.17
506.497,1.019,-1.252,-0.349
506.517,0.839,-1.018,-0.646
506.537,0.808,-1.04,-0.323
506.557,1.295,-1.203,-0.219
506.577,0.64,-0.954,-0.358
506.597,0.786,-1.016,-0.065
506.617,1.29,-0.435,-0.367
506.637,1.128,-1.249,-0.461
506.657,0.939,-0.799,-0.15
506.677,1.251,-1.229,-0.167
506.697,1.089,-0.95,-0.024
506.717,1.034,-1.565,-0.214
506.737,1.034,-1.14,-0.477
506.757,1.087,-0.936,-0.846
506.777,1.104,-0.976,-0.681
506.797,1.431,-1.437,-0.45
506.817,0.944,-1.122,-0.087
506.837,0.956,-0.749,-0.085
506.857,0.747,-0.829,-0.394
506.877,0.993,-0.833,-0.144
506.897,1.4,-0.548,-0.576
506.917,1.213,-1.379,-0.032
506.937,0.9,-1.111,-0.321
506.957,1.017,-1.035,-0.134
506.977,0.753,-1.18,-0.153
506.997,0.822,-0.996,-0.157
507.017,1.062,-0.767,-0.482
507.037,0.956,-1.002,-0.358
507.057,0.838,-1.458,-0.009
507.077,1.152,-0.883,-0.133
507.097,1.053,-1.018,-0.449
507.117,0.75,-1.442,-0.148
507.137,0.651,-1.134,-0.451
507.157,0.949,-1.357,-0.499
507.177,0.729,-1.069,-0.372
507.197,0.666,-1.095,-0.275
507.217,1.264,-1.312,-0.474
507.237,1.033,-0.966,-0.057
507.257,1.003,-1.227,-0.372
507.277,1.022,-0.757,-0.219
507.297,0.831,-0.99,-0.127
507.317,1.143,-1.081,0.154
507.337,1.038,-0.76,-0.111
507.357,0.896,-0.953,-0.307
507.377,0.932,-0.945,-0.463
507.397,0.808,-1.017,-0.511
507.417,0.984,-1.057,-0.454
507.437,1.008,-0.92,-0.289
507.457,0.987,-0.698,-0.022
507.477,1.076,-1.673,-0.305
507.497,1.061,-0.614,-0.4
507.517,1.118,-1.226,-0.281
507.537,1.267,-1.005,0.036
507.557,1.21,-1.414,-0.453
507.577,1.288,-0.775,-0.198
507.597,0.925,-1.349,-0.357
507.617,0.988,-0.842,-0.237
507.637,1.217,-1.11,-0.15
507.657,1.209,-1.103,0.003
507.677,0.941,-1.322,-0.291
507.697,1.212,-0.826,-0.064
507.717,0.912,-1.104,-0.21
507.737,1.21,-0.912,-0.548
507.757,1.116,-1.48,-0.327
507.777,0.826,-1.243,0.169
507.797,1.013,-1.024,-0.319
507.817,1.541,-1.405,-0.347
507.837,1.141,-1.03,-0.353
507.857,1.557,-1.232,-0.39
507.877,0.811,-1.27,-0.56
507.897,1.25,-1.025,-0.737
507.917,0.6,-1.085,-0.449
507.937,1.099,-1.341,-0.369
507.957,1.2,-0.881,-0.181
507.977,1.231,-1.008,-0.35
507.997,0.917,-1.51,-0.262
508.017,1.285,-1.168,-0.531
508.037,0.968,-1.035,-0.644
508.057,1.055,-1.126,-0.243
508.077,0.987,-1.78,-0.167
508.097,0.857,-1.108,-0.109
508.117,1.403,-0.954,-0.075
508.137,1.107,-1.128,-0.04
508.157,1.32,-1.083,-0.168
508.177,1.32,-0.892,-0.428
508.197,0.923,-1.402,-0.254
508.217,1.364,-0.941,-0.373
508.237,1.226,-1.036,-0.373
508.257,0.906,-1.421,-0.254
508.277,1.196,-0.96,-0.076
508.297,0.928,-0.722,-0.178
508.317,1.447,-1.01,-0.331
508.337,1.278,-0.97,-0.305
508.357,1.097,-1.285,-0.251
508.377,1.357,-1.213,-0.094
508.397,0.778,-1.291,0.047
508.417,0.951,-0.998,-0.285
508.437,1.048,-1.186,-0.344
508.457,1.533,-1.203,-0.262
508.477,0.865,-0.965,-0.096
508.497,0.726,-0.757,-0.201
508.517,0.775,-1.109,-0.408
508.537,1.253,-1.403,-0.308
508.557,0.953,-1.074,-0.289
508.577,1.044,-1.039,-0.429
508.597,1.232,-0.904,-0.437
508.617,1.047,-1.124,-0.551
508.637,1.122,-0.878,-0.328
508.657,1.193,-0.919,-0.072
508.677,0.989,-1.132,-0.103
508.697,1.054,-0.913,-0.314
508.717,1.149,-0.899,0.047
508.737,1.267,-1.296,-0.336
508.757,0.942,-0.89,-0.392
508.777,0.496,-1.098,-0.717
508.797,1.233,-1.132,-0.297
508.817,1.302,-1.087,-0.515
508.837,1.152,-0.824,-0.035
508.857,1.161,-0.828,-0.581
508.877,0.995,-0.969,-0.072
508.897,1.204,-1.008,-0.273
508.917,1.262,-1.086,-0.527
508.937,1.097,-0.527,-0.623
508.957,1.592,-1.202,-0.201
508.977,0.783,-1.159,-0.45
508.997,1.131,-1.017,-0.675
509.017,0.874,-1.257,0.115
509.037,1.288,-0.883,-0.105
509.057,0.785,-1.408,-0.501
509.077,0.84,-1.266,-0.649
509.097,0.981,-1.199,-0.047
509.117,1.159,-1.321,-0.569
509.137,0.992,-0.892,-0.272
509.157,0.981,-1.346,-0.217
509.177,1.058,-1.285,-0.423
509.197,1.042,-1.242,-0.524
509.217,1.404,-0.95,-0.718
509.237,1.238,-0.815,-0.258
509.257,1.042,-0.985,0.131
509.277,1.522,-1.341,-0.571
509.297,1.198,-1.202,-0.544
509.317,0.911,-0.765,-0.192
509.337,1.148,-1.074,-0.851
509.357,1.191,-1.369,-0.52
509.377,0.939,-0.647,-0.317
509.397,0.87,-1.195,-0.523
509.417,1.099,-1.106,-0.257
509.437,1.024,-1.226,-0.266
509.457,1.404,-1.28,-0.331
509.477,1.26,-0.818,-0.506
509.497,0.986,-1.028,-0.434
509.517,1.203,-1.012,-0.344
509.537,1.366,-1.336,-0.314
509.557,0.837,-1.129,-0.08
509.577,0.895,-1.19,-0.214
509.597,1.098,-1.224,-0.438
509.617,1.114,-0.967,-0.278
509.637,1.102,-1.145,-0.255
509.657,1.066,-0.93,-0.517
509.677,1.054,-0.926,-0.259
509.697,1.215,-1.147,-0.422
509.717,1.394,-0.966,-0.289
509.737,1.08,-1.134,-0.157
509.757,1.682,-1.183,-0.144
509.777,1.59,-1.247,-0.518
509.797,1.453,-1.025,-0.576
509.817,1.296,-1.187,-0.009
509.837,1.552,-0.758,0.004
509.857,1.098,-0.721,-0.221
509.877,0.998,-0.944,-0.42
509.897,1.067,-0.983,-0.409
509.917,0.976,-1.035,-0.538
509.937,1.201,-0.548,-0.314
509.957,1.223,-0.638,-0.389
509.977,1.186,-1.06,-0.395
509.997,1.14,-1.066,-0.596
510.017,1.153,-0.946,-0.168
510.037,1.449,-1.275,-0.276
510.057,1.226,-1.387,-0.284
510.077,1.288,-1.277,-0.72
510.097,1.139,-1.063,-0.663
510.117,0.779,-1.203,-0.565
510.137,0.724,-0.72,-0.196
510.157,1.511,-1.317,-0.453
510.177,0.996,-1.29,-0.564
510.197,0.975,-1.389,-0.218
510.217,1.125,-1.146,-0.404
510.237,1.178,-1.099,-0.259
510.257,1.208,-1.051,-0.536
510.277,1.418,-1.038,-0.333
510.297,1.386,-1.161,-0.059
510.317,0.931,-1.263,-0.081
510.337,1.291,-0.969,-0.467
510.357,1.026,-1.225,-0.35
510.377,1.064,-0.883,-0.126
510.397,0.874,-1.339,-0.272
510.417,0.734,-1.191,-0.231
510.437,1.045,-0.623,-0.025
510.457,0.857,-0.611,-0.269
510.477,1.232,-1.315,-0.426
510.497,1.0,-0.81,-0.052
510.517,1.106,-0.727,-0.461
510.537,1.318,-0.816,-0.295
510.557,0.742,-1.024,-0.418
510.577,0.878,-1.398,-0.536
510.597,1.055,-0.985,-0.309
510.617,1.071,-0.931,-0.273
510.637,1.222,-0.962,-0.336
510.657,1.171,-0.918,-0.096
510.677,1.038,-1.169,-0.461
510.697,1.087,-1.113,-0.25
510.717,1.102,-1.493,-0.551
510.737,0.747,-0.827,0.163
510.757,1.01,-1.204,-0.439
510.777,1.101,-1.058,-0.628
510.797,1.14,-0.962,-0.361
510.817,0.848,-1.143,-0.275
510.837,0.778,-1.24,-0.155
510.857,0.984,-0.986,-0.115
510.877,1.447,-1.408,-0.208
510.897,0.899,-0.912,-0.165
510.917,1.293,-0.931,-0.125
510.937,1.374,-1.172,-0.272
510.957,1.061,-1.16,-0.487
510.977,0.908,-1.261,-0.315
510.997,1.152,-1.146,-0.484
511.017,1.066,-1.103,-0.122
511.037,0.854,-1.124,-0.084
511.057,0.886,-0.789,-0.064
511.077,1.091,-1.433,-0.555
511.097,1.168,-1.28,-0.114
511.117,0.92,-0.948,-0.444
511.137,0.988,-0.677,-0.257
511.157,1.122,-1.277,-0.167
511.177,0.962,-0.907,-0.636
511.197,0.933,-1.345,-0.176
511.217,0.838,-1.192,-0.661
511.237,0.838,-1.098,-0.393
511.257,1.523,-1.244,-0.169
511.277,0.954,-1.175,-0.119
511.297,1.277,-1.365,-0.229
511.317,1.342,-0.967,-0.519
511.337,0.969,-1.283,-0.536
511.357,1.089,-1.229,-0.44
511.377,1.032,-1.266,-0.394
511.397,0.7,-1.25,-0.237
511.417,0.728,-1.085,-0.426
511.437,1.059,-1.092,-0.526
511.457,0.968,-0.595,-0.506
511.477,1.441,-1.154,-0.202
511.497,1.011,-1.119,-0.431
511.517,1.457,-0.823,-0.156
511.537,0.969,-1.049,-0.253
511.557,1.443,-1.119,-0.542
511.577,1.158,-1.124,-0.515
511.597,1.182,-1.067,-0.434
511.617,0.979,-0.904,-0.445
511.637,1.21,-0.821,-0.206
511.657,1.437,-0.883,-0.56
511.677,1.049,-1.002,-0.415
511.697,0.982,-1.052,-0.375
511.717,1.003,-0.699,-0.295
511.737,1.374,-1.201,-0.346
511.757,1.205,-0.951,-0.347
511.777,1.326,-0.852,-0.522
511.797,1.095,-0.89,-0.522
511.817,1.054,-1.245,-0.418
511.837,1.131,-0.539,-0.509
511.857,1.255,-0.774,-0.668
511.877,0.978,-0.904,-0.584
511.897,1.302,-1.323,-0.459
511.917,1.11,-0.93,-0.265
511.937,0.553,-1.595,-0.702
511.957,1.219,-1.184,-0.723
511.977,0.788,-1.111,-0.347
511.997,1.222,-1.22,-0.586
512.017,1.231,-0.816,-0.673
512.037,1.102,-1.112,-0.505
512.057,1.157,-1.305,-0.685
512.077,1.279,-0.972,-0.07
512.097,0.971,-1.041,-0.647
512.117,1.264,-1.476,-0.456
512.137,1.337,-0.862,-0.378
512.157,1.456,-1.121,-0.295
512.177,0.881,-0.95,-0.699
512.197,1.178,-1.063,-0.399
512.217,0.91,-1.221,-0.82
512.237,0.898,-1.086,-0.427
512.257,1.186,-1.185,-0.479
512.277,1.13,-1.118,-0.308
512.297,1.349,-1.037,-0.397
512.317,1.055,-1.117,-0.486
512.337,1.104,-1.044,-0.475
512.357,1.164,-1.21,-0.773
512.377,0.962,-1.253,-0.631
512.397,0.994,-0.973,-0.17
512.417,1.367,-0.833,-0.435
512.437,1.039,-1.229,-0.343
512.457,1.362,-1.077,-0.621
512.477,1.248,-1.427,-0.32
512.497,0.818,-0.768,-0.544
512.517,1.236,-0.883,-0.789
512.537,1.244,-1.228,-0.508
512.557,1.234,-1.186,-0.224
512.577,1.13,-0.875,-0.901
512.597,0.961,-1.079,-0.348
512.617,1.42,-0.991,-0.464
512.637,1.114,-1.326,0.02
512.657,0.959,-1.012,-0.031
512.677,1.216,-1.159,-0.857
512.697,0.973,-1.063,-0.239
512.717,0.94,-1.215,-0.582
512.737,1.076,-1.175,-0.532
512.757,1.009,-1.1,-0.609
512.777,0.962,-1.243,-0.644
512.797,1.305,-0.68,-0.254
512.817,1.116,-1.345,-0.99
512.837,1.392,-1.035,-0.662
512.857,0.974,-1.075,-0.396
512.877,0.8,-0.987,-0.94
512.897,1.162,-1.643,-0.571
512.917,1.504,-1.467,-0.771
512.937,1.245,-1.25,-0.469
512.957,1.766,-0.949,-0.507
512.977,1.182,-1.176,-0.318
512.997,1.153,-1.192,-0.956
513.017,0.673,-1.136,-0.409
513.037,1.198,-1.308,-0.645
513.057,1.144,-1.045,-0.208
513.077,1.043,-1.107,-0.581
513.097,1.1,-1.05,-0.653
513.117,1.115,-0.854,-0.599
513.137,1.093,-1.2,-0.377
513.157,1.529,-1.126,-0.35
513.177,1.035,-1.345,-0.483
513.197,1.148,-1.406,-0.665
513.217,1.052,-1.153,-0.694
513.237,1.28,-1.115,-0.325
513.257,1.171,-1.003,-0.363
513.277,1.086,-1.028,-0.396
513.297,0.751,-1.097,-0.164
513.317,1.179,-0.8,-0.638
513.337,1.081,-1.2,-0.082
513.357,1.136,-1.196,-0.413
513.377,0.922,-1.107,-0.584
513.397,1.441,-1.406,-0.498
513.417,1.316,-1.029,-0.709
513.437,1.403,-1.152,-0.672
513.457,1.334,-1.156,-0.502
513.477,1.216,-1.067,-0.341
513.497,0.877,-1.102,-0.645
513.517,1.464,-1.088,-0.071
513.537,0.894,-1.247,-0.515
513.557,1.02,-0.864,-0.634
513.577,1.209,-1.483,-0.773
513.597,1.219,-1.329,-0.613
513.617,1.208,-1.318,-0.211
513.637,1.017,-1.346,-0.155
513.657,0.977,-1.546,-0.366
513.677,1.609,-0.852,-0.484
513.697,1.117,-1.048,-0.78
513.717,1.075,-1.302,-1.011
513.737,0.977,-1.044,-0.46
513.757,1.177,-1.221,-0.584
513.777,1.153,-1.247,-0.612
513.797,1.103,-1.389,-0.413
513.817,1.173,-1.214,-0.768
513.837,1.435,-1.336,-0.207
513.857,0.958,-1.408,-0.135
513.877,1.072,-1.023,-0.374
513.897,0.94,-1.379,-0.556
513.917,1.143,-0.92,-0.617
513.937,0.962,-1.366,-0.551
513.957,0.959,-1.529,-0.431
513.977,0.784,-1.117,-0.296
513.997,1.083,-1.305,-0.426
514.017,1.134,-1.541,-0.266
514.037,1.413,-1.169,-0.397
514.057,1.143,-1.498,-0.3
514.077,0.961,-1.627,-0.518
514.097,0.79,-1.099,-0.733
514.117,0.807,-0.922,-0.257
514.137,0.802,-1.289,-0.068
514.157,1.434,-0.959,-0.456
514.177,1.098,-1.033,-0.634
514.197,0.937,-1.071,-0.429
514.217,0.863,-1.24,-0.587
514.237,0.898,-1.321,-0.516
514.257,0.96,-1.139,-0.495
514.277,1.355,-1.08,-0.637
514.297,1.111,-1.482,-0.627
514.317,0.817,-1.296,-0.505
514.337,1.589,-1.277,-0.518
514.357,0.897,-1.298,-0.359
514.377,1.016,-1.365,-0.406
514.397,1.397,-1.481,-0.342
514.417,1.228,-1.297,-0.471
514.437,1.05,-1.303,-0.604
514.457,0.913,-1.333,-0.655
514.477,0.974,-1.115,-0.25
514.497,0.975,-1.519,-0.556
514.517,1.162,-1.192,-0.583
514.537,1.206,-1.601,-0.2
514.557,1.145,-1.271,-0.54
514.577,1.158,-1.696,-0.902
514.597,0.953,-1.429,-0.402
514.617,1.224,-1.262,-0.555
514.637,1.42,-1.553,-0.607
514.657,1.152,-1.54,-0.506
514.677,1.147,-1.075,-0.879
514.697,1.19,-1.582,-0.833
514.717,1.396,-1.285,-0.554
514.737,0.978,-0.967,-0.353
514.757,1.449,-1.237,-0.51
514.777,1.233,-1.261,-0.525
514.797,1.147,-1.411,-0.471
514.817,1.39,-1.4,-0.302
514.837,0.893,-1.288,-0.462
514.857,1.231,-1.65,-0.47
514.877,1.225,-1.045,-0.561
514.897,0.941,-1.209,-0.51
514.917,1.22,-1.6,-0.382
514.937,1.203,-1.038,-0.155
514.957,1.123,-1.106,-0.368
514.977,1.327,-1.139,-0.594
514.997,1.032,-0.773,-0.495
515.017,1.207,-1.215,-0.214
515.037,1.123,-0.913,-0.423
515.057,1.044,-1.202,-0.706
515.077,1.273,-1.13,-0.344
515.097,1.113,-1.317,-0.57
515.117,0.846,-1.58,-0.673
515.137,0.77,-1.583,-0.43
515.157,1.279,-1.228,-0.614
515.177,0.877,-1.261,-0.287
515.197,1.182,-1.456,-0.429
515.217,1.124,-1.285,-0.173
515.237,1.026,-1.138,-0.365
515.257,1.48,-0.96,-0.535
515.277,1.12,-1.348,-0.543
515.297,1.241,-1.131,-0.5
515.317,1.136,-0.861,-0.339
515.337,1.038,-1.054,-0.718
515.357,1.075,-1.347,-0.395
515.377,1.361,-1.177,-0.647
515.397,1.283,-1.172,-0.023
515.417,1.454,-1.087,-0.363
515.437,1.123,-1.227,-0.339
515.457,0.907,-1.148,-0.454
515.477,0.983,-1.032,-0.786
515.497,0.85,-1.449,-0.457
515.517,1.255,-1.495,-0.363
515.537,0.973,-1.098,-0.532
515.557,0.468,-1.246,-0.443
515.577,1.565,-1.025,-0.305
515.597,0.946,-0.966,-0.422
515.617,0.952,-1.541,-0.38
515.637,1.409,-1.331,-0.336
515.657,0.835,-1.175,-0.183
515.677,1.301,-1.355,-0.595
515.697,0.959,-1.229,-0.034
515.717,0.808,-1.384,-0.024
515.737,1.41,-1.221,-0.517
515.757,1.252,-1.328,-0.293
515.777,1.253,-1.074,-0.072
515.797,1.147,-0.964,-0.134
515.817,1.183,-1.069,-0.762
515.837,0.815,-0.631,-0.442
515.857,1.084,-0.95,-0.513
515.877,0.875,-0.965,-0.224
515.897,0.764,-1.158,-0.188
515.917,1.123,-1.211,-0.608
515.937,1.268,-0.894,-0.512
515.957,0.951,-1.214,-0.687
515.977,0.991,-1.173,-0.391
515.997,0.814,-1.205,-0.431
516.017,1.047,-1.072,-0.272
516.037,1.185,-0.994,-0.001
516.057,1.182,-0.944,-0.324
516.077,1.146,-1.23,-0.429
516.097,0.926,-1.127,-0.216
516.117,0.926,-1.107,-0.458
516.137,1.206,-0.867,-0.423
516.157,1.216,-1.51,-0.334
516.177,1.033,-1.148,-0.591
516.197,1.004,-1.26,-0.403
516.217,1.312,-1.229,-0.516
516.237,1.028,-1.292,-0.187
516.257,1.23,-1.007,-0.558
516.277,1.068,-1.6,-0.545
516.297,0.882,-1.14,-0.51
516.317,1.42,-1.47,-0.548
516.337,1.111,-1.231,-0.052
516.357,0.955,-1.14,-0.17
516.377,0.811,-1.165,-0.289
516.397,0.822,-0.945,-0.47
516.417,1.018,-0.855,-0.402
516.437,1.464,-0.722,-0.074
516.457,0.954,-1.111,-0.451
516.477,1.375,-0.871,-0.584
516.497,1.063,-0.804,-0.204
516.517,0.86,-1.194,-0.412
516.537,0.996,-0.829,-0.408
516.557,0.821,-1.5,-0.412
516.577,0.905,-0.997,-0.41
516.597,0.893,-0.736,-0.276
516.617,0.684,-1.054,-0.423
516.637,1.366,-1.094,-0.291
516.657,1.109,-1.1,-0.149
516.677,0.922,-0.764,-0.068
516.697,1.108,-1.364,-0.53
516.717,0.909,-1.121,-0.147
516.737,0.547,-0.866,-0.12
516.757,1.686,-0.983,-0.087
516.777,1.142,-0.814,-0.329
516.797,0.996,-0.909,-0.391
516.817,0.721,-1.14,-0.648
516.837,0.819,-0.927,-0.322
516.857,1.449,-1.319,0.019
516.877,1.433,-1.447,-0.272
516.897,1.3,-1.163,-0.376
516.917,0.935,-1.018,-0.203
516.937,1.462,-1.2,-0.563
516.957,1.254,-0.993,-0.378
516.977,1.297,-1.027,-0.166
516.997,1.248,-1.407,-0.216
517.017,0.847,-1.149,-0.416
517.037,0.916,-0.866,0.041
517.057,1.046,-0.966,-0.609
517.077,1.28,-1.2,-0.27
517.097,0.871,-0.928,-0.165
517.117,1.103,-0.714,-0.092
517.137,1.096,-1.118,-0.328
517.157,1.312,-0.886,-0.204
517.177,1.281,-0.918,-0.354
517.197,0.938,-1.136,-0.015
517.217,1.42,-1.275,-0.268
517.237,0.9,-0.726,-0.099
517.257,1.349,-0.824,-0.537
517.277,1.003,-1.094,-0.333
517.297,1.161,-0.805,-0.207
517.317,1.151,-0.93,-0.19
517.337,1.136,-0.791,-0.419
517.357,1.228,-1.376,-0.679
517.377,1.179,-1.118,-0.659
517.397,1.251,-0.713,-0.495
517.417,1.18,-0.482,0.243
517.437,0.836,-1.096,-0.919
517.457,1.138,-1.073,-0.331
517.477,0.958,-0.85,-0.348
517.497,0.861,-0.927,-0.275
517.517,1.031,-0.89,-0.297
517.537,1.134,-1.426,-0.494
517.557,1.149,-1.033,-0.105
517.577,1.309,-0.844,-0.621
517.597,1.374,-1.469,0.079
517.617,1.172,-1.315,-0.198
517.637,1.213,-1.354,-0.469
517.657,1.131,-0.857,-0.438
517.677,1.266,-1.178,-0.07
517.697,1.195,-1.236,-0.566
517.717,1.077,-0.975,-0.28
517.737,1.537,-1.238,-0.277
517.757,1.003,-0.895,-0.267
517.777,1.392,-0.502,-0.142
517.797,0.813,-1.051,-0.123
517.817,1.235,-1.366,-0.172
517.837,1.351,-1.075,-0.036
517.857,0.689,-0.899,-0.192
517.877,1.079,-0.919,-0.319
517.897,1.211,-0.828,-0.432
517.917,1.123,-1.105,-0.191
517.937,1.16,-1.035,-0.138
517.957,1.112,-1.469,-0.573
517.977,0.864,-0.861,-0.115
517.997,1.551,-1.257,-0.385
518.017,0.972,-0.959,-0.401
518.037,1.162,-1.166,-0.199
518.057,0.949,-0.997,-0.659
518.077,0.611,-0.809,0.047
518.097,0.856,-1.093,-0.06
518.117,0.749,-1.165,-0.477
518.137,1.271,-1.008,-0.275
518.157,0.928,-1.135,-0.204
518.177,0.917,-1.198,-0.383
518.197,0.812,-0.653,-0.332
518.217,1.041,-1.398,-0.258
518.237,0.87,-0.911,-0.241
518.257,1.19,-1.062,-0.238
518.277,1.056,-1.202,-0.203
518.297,0.889,-0.963,-0.139
518.317,1.171,-1.001,-0.282
518.337,0.992,-0.752,-0.11
518.357,0.972,-1.244,0.038
518.377,0.7,-1.134,-0.091
518.397,0.978,-0.827,0.166
518.417,1.063,-1.083,-0.473
518.437,1.263,-0.944,-0.298
518.457,0.845,-0.811,-0.117
518.477,1.449,-0.94,-0.126
518.497,1.109,-1.195,-0.256
518.517,0.702,-1.155,-0.057
518.537,0.842,-0.855,-0.138
518.557,1.305,-1.068,0.048
518.577,1.273,-1.148,-0.379
518.597,1.027,-1.02,-0.158
518.617,1.054,-1.351,-0.273
518.637,0.789,-1.132,-0.005
518.657,1.295,-1.097,-0.083
518.677,0.814,-1.08,-0.291
518.697,1.185,-1.144,-0.004
518.717,1.284,-1.141,-0.208
518.737,1.024,-1.115,-0.435
518.757,1.211,-0.791,-0.233
518.777,1.39,-1.525,0.267
518.797,1.081,-0.943,-0.248
518.817,0.992,-1.092,-0.156
518.837,1.011,-1.076,-0.137
518.857,0.872,-1.161,-0.209
518.877,0.864,-0.994,0.114
518.897,1.096,-0.907,-0.059
518.917,0.991,-1.48,-0.068
518.937,1.085,-0.687,-0.241
518.957,0.701,-1.073,-0.038
518.977,0.978,-1.09,-0.232
518.997,1.19,-1.386,-0.103
519.017,0.76,-1.218,0.219
519.037,0.981,-0.853,0.116
519.057,0.603,-1.119,-0.224
519.077,0.719,-1.067,-0.167
519.097,1.145,-1.251,-0.407
519.117,0.933,-0.76,-0.245
519.137,1.376,-1.195,-0.654
519.157,1.101,-0.937,-0.032
519.177,1.119,-1.196,-0.352
519.197,0.801,-1.108,-0.224
519.217,0.931,-1.108,-0.28
519.237,0.853,-0.999,0.011
519.257,0.78,-1.035,0.079
519.277,1.124,-1.291,0.092
519.297,1.158,-0.965,-0.456
519.317,1.075,-1.393,-0.08
519.337,0.836,-1.411,-0.373
519.357,1.062,-1.242,-0.186
519.377,0.59,-1.109,-0.031
519.397,1.236,-1.368,-0.268
519.417,0.72,-1.176,-0.163
519.437,0.759,-1.451,-0.329
519.457,1.005,-1.25,0.01
519.477,1.019,-0.998,-0.228
519.497,0.961,-1.367,-0.286
519.517,0.741,-1.449,-0.096
519.537,1.187,-1.124,0.024
519.557,0.604,-1.365,-0.443
519.577,0.628,-0.723,-0.057
519.597,0.906,-1.159,-0.261
519.617,0.673,-0.99,-0.033
519.637,1.158,-1.445,-0.266
519.657,0.687,-1.1,-0.327
519.677,1.232,-1.397,-0.307
519.697,1.132,-1.227,-0.141
519.717,1.181,-1.348,-0.073
519.737,1.303,-0.986,-0.305
519.757,0.927,-1.125,-0.184
519.777,0.703,-1.152,-0.332
519.797,0.877,-0.892,-0.292
519.817,0.785,-1.151,-0.325
519.837,0.76,-0.956,-0.368
519.857,0.926,-0.788,-0.474
519.877,0.841,-1.125,-0.226
519.897,0.77,-1.097,0.016
519.917,0.856,-0.932,-0.19
519.937,1.006,-0.825,-0.262
519.957,1.084,-1.085,-0.046
519.977,0.565,-1.261,-0.294
519.997,0.828,-0.942,-0.161
520.017,0.851,-0.987,-0.483
520.037,0.635,-0.935,-0.178
520.057,0.862,-0.965,-0.237
520.077,0.929,-1.069,-0.542
520.097,1.015,-1.056,-0.269
520.117,0.918,-0.962,-0.666
520.137,0.733,-1.383,-0.313
520.157,1.322,-0.831,-0.08
520.177,1.075,-0.995,-0.352
520.197,1.0,-1.267,-0.3
520.217,1.096,-1.063,-0.463
520.237,0.925,-0.84,-0.102
520.257,1.126,-1.057,-0.242
520.277,0.864,-1.256,-0.154
520.297,0.853,-1.372,0.075
520.317,0.999,-0.627,-0.368
520.337,1.195,-1.474,0.076
520.357,1.197,-1.06,-0.245
520.377,1.018,-1.25,0.016
520.397,0.987,-0.936,-0.214
520.417,1.022,-1.374,-0.522
520.437,1.083,-0.796,-0.431
520.457,1.15,-1.136,-0.237
520.477,0.853,-1.135,-0.534
520.497,1.156,-1.142,-0.097
520.517,0.963,-1.189,-0.053
520.537,1.022,-1.154,-0.519
520.557,1.176,-0.948,-0.276
520.577,1.049,-1.435,-0.234
520.597,1.083,-1.239,-0.081
520.617,0.823,-0.809,-0.139
520.637,1.204,-1.133,-0.311
520.657,1.044,-1.224,-0.513
520.677,0.943,-1.378,-0.224
520.697,1.121,-1.349,-0.246
520.717,1.427,-0.922,-0.39
520.737,0.68,-1.283,0.197
520.757,0.756,-0.964,-0.183
520.777,1.451,-1.315,-0.339
520.797,1.017,-1.135,-0.323
520.817,0.97,-1.125,-0.046
520.837,0.922,-1.256,0.029
520.857,1.206,-1.093,-0.083
520.877,1.479,-1.511,0.005
520.897,0.822,-1.111,-0.436
520.917,0.92,-1.003,-0.195
520.937,0.859,-1.249,-0.401
520.957,1.082,-1.031,-0.008
520.977,1.178,-1.06,-0.0
520.997,1.253,-1.053,-0.374
521.017,1.106,-1.359,-0.293
521.037,1.454,-1.081,-0.365
521.057,0.822,-1.45,-0.122
521.077,0.761,-1.218,-0.196
521.097,1.224,-1.102,-0.172
521.117,0.958,-1.074,-0.252
521.137,0.651,-1.336,0.189
521.157,0.855,-1.145,0.004
521.177,0.962,-0.937,-0.214
521.197,0.797,-1.278,-0.493
521.217,0.737,-1.514,-0.531
521.237,0.898,-0.975,-0.502
521.257,0.73,-1.277,-0.068
521.277,1.072,-1.189,-0.193
521.297,0.551,-1.02,0.077
521.317,0.965,-1.04,-0.02
521.337,1.034,-0.853,-0.623
521.357,0.916,-1.105,-0.335
521.377,1.164,-1.054,-0.487
521.397,0.662,-1.413,-0.23
521.417,0.792,-0.951,-0.078
521.437,0.842,-1.211,-0.105
521.457,1.042,-0.438,-0.119
521.477,0.961,-1.138,-0.35
521.497,1.327,-1.019,0.344
521.517,0.728,-0.968,-0.093
521.537,0.625,-1.125,0.183
521.557,1.26,-1.011,0.025
521.577,0.609,-0.675,-0.02
521.597,1.033,-1.279,-0.019
521.617,0.695,-1.602,-0.258
521.637,0.47,-1.416,-0.271
521.657,0.811,-0.951,-0.183
521.677,1.061,-1.248,-0.185
521.697,0.639,-0.684,-0.651
521.717,1.018,-1.01,-0.163
521.737,1.063,-1.282,-0.049
521.757,0.659,-1.302,-0.407
521.777,0.865,-1.242,-0.357
521.797,1.211,-1.557,-0.128
521.817,1.038,-1.087,-0.051
521.837,0.852,-1.004,-0.146
521.857,0.978,-1.332,-0.044
521.877,0.743,-1.444,-0.101
521.897,1.103,-1.315,-0.212
521.917,1.105,-0.927,-0.148
521.937,0.9,-0.951,-0.155
521.957,0.93,-1.072,-0.154
521.977,0.687,-0.797,-0.179
521.997,0.606,-1.451,-0.072
522.017,0.785,-1.159,0.058
522.037,0.841,-0.996,-0.056
522.057,1.066,-0.935,-0.602
522.077,1.042,-0.923,-0.415
522.097,0.902,-0.939,-0.027
522.117,1.115,-0.826,-0.313
522.137,0.678,-0.923,0.077
522.157,1.078,-1.298,-0.461
522.177,0.698,-1.163,-0.02
522.197,1.092,-1.392,-0.375
522.217,0.85,-0.869,0.025
522.237,0.452,-0.835,-0.351
522.257,1.006,-1.31,-0.38
522.277,1.021,-1.147,-0.155
522.297,0.775,-1.428,-0.454
522.317,0.786,-1.094,-0.33
522.337,0.817,-1.245,0.039
522.357,0.469,-1.31,0.144
522.377,0.369,-1.092,-0.196
522.397,1.094,-0.713,-0.243
522.417,0.671,-0.929,-0.441
522.437,1.203,-1.133,-0.011
522.457,1.114,-1.105,-0.216
522.477,1.147,-0.728,-0.385
522.497,0.689,-0.852,-0.088
522.517,0.495,-1.169,-0.419
522.537,0.573,-0.991,-0.122
522.557,0.698,-1.28,-0.238
522.577,0.3,-1.073,-0.125
522.597,0.687,-0.929,-0.443
522.617,0.743,-0.872,-0.114
522.637,0.531,-1.195,-0.539
522.657,0.59,-0.864,-0.141
522.677,0.761,-1.035,-0.21
522.697,0.882,-1.111,-0.544
522.717,0.641,-0.676,-0.17
522.737,0.887,-1.134,-0.035
522.757,0.843,-1.279,-0.27
522.777,0.832,-1.189,-0.447
522.797,0.695,-0.905,-0.264
522.817,0.562,-1.259,-0.641
522.837,1.184,-0.9,-0.13
522.857,0.975,-1.232,-0.039
522.877,1.048,-1.071,-0.273
522.897,0.813,-0.602,-0.228
522.917,0.794,-1.217,0.044
522.937,0.93,-1.438,0.116
522.957,0.456,-0.774,-0.058
522.977,0.612,-1.336,-0.396
522.997,0.692,-1.21,0.049
523.017,0.762,-0.895,-0.059
523.037,0.675,-0.918,-0.136
523.057,0.915,-1.537,-0.112
523.077,0.882,-1.118,0.022
523.097,1.156,-0.873,-0.569
523.117,1.358,-0.64,-0.236
523.137,0.61,-1.289,-0.419
523.157,0.91,-0.827,-0.1
523.177,0.918,-1.178,-0.358
523.197,0.877,-0.843,0.425
523.217,0.66,-1.243,-0.054
523.237,0.691,-1.087,-0.434
523.257,0.911,-0.961,0.012
523.277,0.696,-0.866,-0.243
523.297,0.929,-0.918,-0.154
523.317,0.853,-1.098,-0.211
523.337,0.934,-1.121,-0.552
523.357,0.728,-0.653,-0.279
523.377,0.947,-0.942,-0.383
523.397,0.747,-1.097,-0.649
523.417,0.977,-0.887,-0.281
523.437,1.217,-0.883,-0.219
523.457,1.009,-1.277,-0.454
523.477,1.021,-0.904,0.044
523.497,1.115,-1.299,-0.098
523.517,0.66,-1.125,-0.168
523.537,1.287,-1.197,-0.09
523.557,0.717,-1.023,-0.101
523.577,1.097,-1.079,-0.164
523.597,1.066,-1.045,0.095
523.617,0.742,-1.383,-0.622
523.637,1.116,-1.011,-0.089
523.657,1.014,-1.192,-0.266
523.677,1.279,-0.491,0.105
523.697,0.941,-1.033,-0.105
523.717,0.89,-1.0,-0.194
523.737,0.805,-0.805,0.123
523.757,0.546,-0.7,-0.192
523.777,0.834,-1.207,-0.082
523.797,0.861,-0.872,-0.298
523.817,0.966,-0.796,-0.146
523.837,0.631,-0.951,0.25
523.857,0.858,-0.958,0.011
523.877,1.016,-1.094,-0.094
523.897,1.031,-1.062,-0.444
523.917,0.529,-1.017,0.296
523.937,1.035,-1.082,-0.418
523.957,0.84,-0.829,-0.153
523.977,0.855,-1.157,-0.091
523.997,0.399,-0.808,-0.08
524.017,1.178,-0.704,-0.349
524.037,0.901,-0.904,-0.065
524.057,0.548,-1.34,-0.444
524.077,0.918,-0.863,0.13
524.097,0.926,-1.102,-0.451
524.117,1.114,-1.086,-0.284
524.137,0.8,-0.914,-0.063
524.157,0.881,-0.779,-0.196
524.177,0.766,-1.321,0.131
524.197,1.015,-0.994,0.059
524.217,0.76,-0.629,-0.106
524.237,0.751,-1.243,-0.341
524.257,0.915,-1.071,-0.23
524.277,0.689,-1.149,-0.494
524.297,1.248,-0.884,-0.371
524.317,1.31,-1.286,-0.248
524.337,0.833,-1.356,-0.012
524.357,0.637,-0.884,-0.105
524.377,0.984,-1.01,-0.231
524.397,0.8,-1.311,-0.344
524.417,1.133,-1.091,-0.037
524.437,0.737,-1.326,-0.285
524.457,1.011,-0.863,-0.022
524.477,0.92,-0.995,-0.047
524.497,0.765,-1.193,0.06
524.517,0.945,-1.171,-0.319
524.537,1.062,-1.153,-0.227
524.557,0.906,-1.283,-0.14
524.577,0.908,-0.799,-0.186
524.597,0.724,-0.823,-0.259
524.617,1.142,-1.134,-0.253
524.637,1.144,-1.119,-0.359
524.657,0.857,-1.276,-0.268
524.677,0.918,-1.087,0.042
524.697,1.228,-0.958,0.08
524.717,0.71,-0.809,-0.058
524.737,1.054,-1.213,-0.156
524.757,0.826,-1.376,-0.141
524.777,1.306,-1.233,0.177
524.797,0.975,-0.924,0.049
524.817,1.212,-1.058,-0.66
524.837,0.8,-0.842,-0.319
524.857,0.717,-1.035,-0.26
524.877,0.914,-0.714,0.149
524.897,1.001,-1.371,-0.053
524.917,0.848,-1.552,-0.465
524.937,1.099,-0.791,-0.044
524.957,0.904,-1.207,0.379
524.977,0.528,-1.023,-0.029
524.997,1.054,-1.015,-0.352
525.018,0.766,-0.973,0.135
525.038,0.876,-1.139,-0.095
525.058,1.26,-1.225,-0.301
525.078,1.304,-1.242,-0.169
525.098,0.838,-0.91,-0.239
525.118,1.077,-0.874,-0.315
525.138,0.838,-1.074,-0.414
525.158,0.884,-1.139,-0.292
525.178,0.805,-0.899,-0.179
525.198,0.58,-1.304,-0.023
525.218,0.939,-0.617,-0.433
525.238,0.968,-0.911,-0.458
525.258,0.776,-1.031,-0.174
525.278,1.118,-0.83,-0.265
525.298,0.818,-0.903,-0.275
525.318,0.777,-0.996,-0.381
525.338,1.007,-1.413,-0.361
525.358,0.594,-0.952,-0.421
525.378,1.089,-0.76,-0.552
525.398,0.827,-1.162,-0.132
525.418,1.102,-0.858,-0.102
525.438,1.16,-0.867,0.145
525.458,1.038,-0.978,-0.063
525.478,0.732,-0.99,-0.182
525.498,0.643,-0.906,-0.063
525.518,0.62,-0.938,-0.245
525.538,1.136,-0.653,-0.339
525.558,0.891,-0.838,-0.048
525.578,0.804,-0.885,-0.137
525.598,0.92,-0.803,-0.457
525.618,1.164,-0.871,-0.202
525.638,1.099,-1.429,-0.377
525.658,1.044,-1.055,-0.025
525.678,1.085,-1.147,-0.288
525.698,0.976,-0.947,0.135
525.718,1.002,-1.127,0.015
525.738,0.991,-0.89,-0.424
525.758,0.938,-1.095,-0.358
525.778,1.109,-0.673,-0.09
525.798,1.024,-0.682,-0.228
525.818,0.771,-1.31,-0.284
525.838,1.062,-0.938,-0.208
525.858,1.012,-1.104,-0.243
525.878,1.087,-0.972,-0.024
525.898,0.948,-0.897,-0.269
525.918,1.128,-1.268,-0.117
525.938,0.948,-1.209,-0.131
525.958,1.094,-1.189,0.027
525.978,0.877,-1.131,-0.245
525.998,0.878,-1.133,-0.211
526.018,1.075,-0.85,-0.179
526.038,0.875,-0.974,-0.373
526.058,1.381,-1.204,-0.284
526.078,1.058,-1.091,-0.449
526.098,0.95,-1.481,-0.136
526.118,1.128,-0.587,0.064
526.138,0.872,-0.978,-0.629
526.158,1.153,-0.784,-0.036
526.178,1.154,-0.822,-0.232
526.198,1.221,-1.009,0.044
526.218,0.88,-1.457,-0.149
526.238,0.711,-1.084,-0.002
526.258,0.843,-0.881,-0.223
526.278,0.913,-0.938,-0.193
526.298,1.31,-0.736,-0.012
526.318,1.43,-0.935,0.282
526.338,1.061,-0.586,-0.312
526.358,0.99,-1.169,-0.178
526.378,0.922,-0.85,-0.349
526.398,1.156,-1.139,-0.264
526.418,1.421,-0.737,-0.317
526.438,1.338,-1.062,-0.412
526.458,1.213,-1.261,-0.113
526.478,1.202,-1.208,-0.167
526.498,1.126,-1.017,-0.372
526.518,0.935,-0.602,-0.43
526.538,0.802,-0.768,-0.017
526.558,0.944,-0.83,-0.277
526.578,1.034,-0.927,0.274
526.598,0.657,-1.144,-0.181
526.618,0.921,-1.093,-0.166
526.638,0.796,-1.017,-0.221
526.658,1.171,-1.041,-0.458
526.678,0.844,-1.043,-0.466
526.698,1.011,-1.095,0.096
526.718,0.81,-0.91,0.095
526.738,1.262,-1.066,-0.369
526.758,0.613,-0.682,-0.08
526.778,1.061,-0.676,0.1
526.798,0.724,-0.792,-0.433
526.818,0.876,-0.813,-0.182
526.838,1.024,-1.209,-0.287
526.858,1.033,-0.468,-0.159
526.878,1.043,-0.972,0.057
526.898,1.027,-0.738,-0.112
526.918,0.885,-0.727,-0.074
526.938,0.958,-1.111,-0.648
526.958,0.991,-1.027,-0.066
526.978,1.02,-0.822,-0.212
526.998,0.991,-1.226,0.22
527.018,1.136,-0.956,-0.085
527.038,1.011,-1.428,-0.266
527.058,1.037,-0.967,0.174
527.078,0.931,-0.7,-0.206
527.098,0.791,-0.984,-0.139
527.118,1.016,-1.284,-0.481
527.138,1.237,-1.107,-0.33
527.158,1.096,-0.869,-0.349
527.178,0.842,-0.96,-0.23
527.198,1.168,-0.921,-0.436
527.218,0.919,-1.045,-0.521
527.238,1.148,-1.149,-0.156
527.258,0.942,-0.961,-0.477
527.278,1.077,-0.972,-0.041
527.298,0.913,-0.776,0.223
527.318,0.896,-1.047,-0.122
527.338,0.678,-0.946,-0.119
527.358,1.092,-0.981,-0.62
527.378,1.052,-0.494,-0.06
527.398,1.062,-1.108,-0.208
527.418,1.032,-1.026,-0.095
527.438,0.833,-1.153,-0.438
527.458,1.197,-0.711,-0.232
527.478,1.207,-0.7,0.071
527.498,0.874,-1.028,-0.319
527.518,1.14,-0.747,-0.227
527.538,1.201,-0.927,0.017
527.558,0.925,-0.847,-0.006
527.578,0.959,-1.187,0.06
527.598,1.117,-0.954,-0.292
527.618,0.717,-0.615,-0.18
527.638,0.8,-0.687,-0.314
527.658,0.823,-0.838,-0.311
527.678,0.652,-0.817,-0.3
527.698,1.236,-0.517,-0.113
527.718,0.615,-0.859,0.227
527.738,1.093,-1.154,0.162
527.758,1.181,-0.771,0.031
527.778,0.953,-1.019,-0.246
527.798,0.869,-0.913,-0.265
527.818,1.036,-0.977,-0.114
527.838,1.003,-1.14,0.02
527.858,1.217,-0.943,0.047
527.878,0.498,-0.81,-0.012
527.898,0.837,-0.837,-0.073
527.918,1.117,-0.878,-0.009
527.938,1.024,-1.013,-0.173
527.958,1.155,-1.291,-0.345
527.978,1.049,-0.959,-0.11
527.998,0.97,-0.855,-0.015
528.018,0.944,-1.407,-0.081
528.038,1.477,-1.001,-0.362
528.058,1.327,-1.016,-0.076
528.078,1.105,-1.192,-0.16
528.098,1.02,-0.86,0.227
528.118,1.116,-0.82,0.068
528.138,1.158,-0.65,-0.639
528.158,1.076,-1.022,-0.019
528.178,0.842,-0.754,-0.257
528.198,1.337,-1.171,-0.319
528.218,1.032,-1.083,-0.502
528.238,1.393,-0.871,0.134
528.258,1.024,-1.162,0.158
528.278,0.952,-1.058,-0.339
528.298,1.287,-0.854,0.162
528.318,1.065,-1.008,0.351
528.338,1.037,-1.186,-0.106
528.358,0.752,-1.114,-0.248
528.378,1.14,-1.07,-0.076
528.398,0.915,-0.91,0.159
528.418,0.927,-1.09,0.184
528.438,0.911,-1.511,-0.087
528.458,1.085,-0.87,-0.246
528.478,0.7,-0.907,-0.017
528.498,0.969,-1.253,-0.079
528.518,1.211,-1.282,-0.029
528.538,0.772,-0.794,-0.145
528.558,1.051,-1.107,-0.02
528.578,0.889,-0.924,-0.412
528.598,0.935,-1.203,0.017
528.618,1.338,-0.933,0.167
528.638,0.682,-1.245,-0.109
528.658,1.162,-0.978,-0.039
528.678,0.912,-0.991,-0.367
528.698,0.904,-1.486,0.067
528.718,0.788,-1.036,0.135
528.738,1.162,-1.202,0.286
528.758,0.954,-0.819,-0.5
528.778,0.926,-0.981,0.066
528.798,1.012,-1.083,-0.383
528.818,0.945,-0.742,0.04
528.838,0.572,-1.421,-0.177
528.858,0.892,-0.651,0.041
528.878,1.176,-0.671,0.038
528.898,0.694,-1.127,-0.042
528.918,0.769,-0.878,-0.135
528.938,0.901,-0.963,-0.003
528.958,0.862,-1.557,0.182
528.978,0.998,-1.086,0.046
528.998,0.783,-1.305,0.138
529.018,0.907,-1.33,-0.299
529.038,0.965,-1.124,-0.011
529.058,1.102,-1.123,-0.132
529.078,1.224,-0.819,0.113
529.098,0.944,-1.203,0.07
529.118,1.37,-1.124,-0.142
529.138,0.954,-0.775,-0.031
529.158,1.16,-1.09,-0.098
529.178,1.379,-1.15,0.016
529.198,1.025,-0.882,-0.004
529.218,0.734,-0.941,-0.054
529.238,1.044,-1.023,-0.347
529.258,0.88,-0.858,0.225
529.278,0.935,-1.255,0.145
529.298,1.384,-1.122,-0.058
529.318,0.745,-0.589,0.017
529.338,1.044,-1.583,0.048
529.358,0.805,-1.11,-0.222
529.378,0.923,-1.216,0.152
529.398,1.115,-0.977,-0.501
529.418,1.019,-0.863,-0.427
529.438,0.919,-0.755,-0.234
529.458,0.827,-1.064,-0.025
529.478,1.037,-1.171,-0.066
529.498,1.318,-1.285,-0.081
529.518,0.813,-0.979,-0.108
529.538,1.389,-0.55,-0.139
529.558,1.243,-1.102,-0.321
529.578,1.262,-1.009,-0.344
529.598,1.054,-0.968,-0.33
529.618,1.224,-1.072,-0.288
529.638,0.787,-0.698,-0.342
529.658,0.851,-0.729,-0.349
529.678,1.125,-0.83,-0.105
529.698,1.036,-0.807,0.154
529.718,0.94,-1.125,0.035
529.738,0.461,-1.201,-0.248
529.758,0.872,-1.109,-0.201
529.778,0.735,-0.922,0.326
529.798,1.067,-1.052,-0.156
529.818,0.92,-0.866,-0.278
529.838,0.834,-0.946,-0.116
529.858,1.501,-1.232,-0.171
529.878,1.188,-0.738,-0.229
529.898,1.173,-1.085,-0.051
529.918,1.405,-0.83,0.21
529.938,1.137,-1.152,-0.315
529.958,0.824,-1.158,0.033
529.978,0.785,-1.155,0.162
529.998,1.14,-1.254,0.048
530.018,0.526,-1.25,0.174
530.038,0.908,-0.893,0.087
530.058,0.477,-1.139,-0.167
530.078,0.917,-0.889,0.317
530.098,1.066,-0.93,0.065
530.118,0.946,-0.769,0.415
530.138,1.076,-1.146,-0.405
530.158,1.287,-0.728,0.425
530.178,0.853,-1.121,0.148
530.198,1.459,-1.473,0.045
530.218,0.949,-0.883,-0.243
530.238,1.077,-1.089,0.092
530.258,0.769,-0.614,0.185
530.278,1.209,-0.839,-0.414
530.298,1.095,-0.918,0.067
530.318,1.185,-0.859,-0.188
530.338,0.896,-1.018,0.067
530.358,0.631,-0.58,-0.258
530.378,0.968,-1.032,0.198
530.398,0.539,-0.833,-0.071
530.418,0.81,-1.098,0.102
530.438,0.918,-0.936,0.134
530.458,1.353,-1.169,0.001
530.478,0.924,-0.875,-0.244
530.498,0.887,-0.917,0.072
530.518,0.852,-0.819,-0.07
530.538,0.606,-0.827,-0.014
530.558,0.874,-0.917,-0.159
530.578,0.877,-0.509,-0.447
530.598,0.674,-0.94,-0.084
530.618,0.624,-0.94,-0.209
530.638,0.778,-0.96,-0.031
530.658,0.865,-0.917,-0.086
530.678,0.751,-1.011,-0.199
530.698,0.62,-1.035,0.33
530.718,0.889,-0.82,-0.156
530.738,0.935,-0.977,-0.068
530.758,0.863,-0.751,0.302
530.778,0.735,-1.328,-0.268
530.798,0.962,-0.639,0.092
530.818,0.812,-0.761,-0.242
530.838,0.603,-0.937,-0.134
530.858,1.057,-0.951,-0.007
530.878,0.902,-0.82,0.17
530.898,0.833,-1.169,-0.272
530.918,0.549,-0.948,-0.032
530.938,0.731,-0.932,-0.223
530.958,1.291,-1.379,0.055
530.978,0.578,-0.902,0.116
530.998,0.797,-1.25,0.04
531.018,0.837,-0.77,-0.259
531.038,0.911,-0.723,-0.324
531.058,0.531,-0.683,-0.126
531.078,0.885,-1.038,-0.331
531.098,0.511,-1.049,0.022
531.118,0.891,-1.397,0.211
531.138,0.735,-0.861,-0.229
531.158,0.698,-1.313,0.034
531.178,1.043,-1.304,-0.235
531.198,0.813,-1.068,0.166
531.218,0.959,-1.216,0.122
531.238,0.971,-1.203,-0.081
531.258,1.131,-0.994,0.084
531.278,0.648,-0.846,0.098
531.298,1.058,-0.919,-0.306
531.318,0.883,-0.987,0.04
531.338,0.792,-0.807,-0.174
531.358,0.627,-1.007,-0.017
531.378,0.967,-1.142,-0.099
531.398,0.664,-1.191,-0.025
531.418,0.959,-0.926,0.159
531.438,1.238,-1.256,-0.262
531.458,1.048,-0.953,-0.402
531.478,1.114,-1.113,-0.158
531.498,0.695,-1.202,0.138
531.518,0.987,-1.191,-0.252
531.538,0.595,-0.831,-0.166
531.558,0.751,-1.194,0.156
531.578,1.136,-1.07,0.218
531.598,0.664,-1.104,0.079
531.618,1.013,-0.8,0.012
531.638,0.983,-0.714,0.125
531.658,0.992,-0.862,-0.161
531.678,0.538,-1.12,0.061
531.698,0.908,-0.974,-0.246
531.718,0.767,-1.224,0.236
531.738,1.011,-0.993,0.122
531.758,0.48,-1.393,0.059
531.778,0.887,-0.992,-0.128
531.798,0.855,-1.047,0.077
531.818,0.411,-0.945,-0.055
531.838,0.623,-1.017,-0.16
531.858,0.419,-0.846,0.069
531.878,0.637,-1.178,-0.437
531.898,0.904,-0.884,0.129
531.918,0.831,-0.93,-0.248
531.938,0.824,-0.801,0.089
531.958,0.588,-0.789,-0.361
531.978,1.021,-1.216,-0.141
531.998,0.778,-0.919,0.026
532.018,0.792,-1.253,0.127
532.038,0.955,-0.784,-0.196
532.058,0.581,-1.205,-0.254
532.078,0.83,-1.113,0.143
532.098,0.873,-0.99,0.315
532.118,0.701,-0.89,-0.256
532.138,0.929,-0.955,-0.599
532.158,0.901,-0.868,0.235
532.178,0.787,-1.031,-0.08
532.198,0.787,-0.973,-0.223
532.218,0.914,-1.381,-0.017
532.238,0.972,-0.815,0.361
532.258,0.826,-1.076,0.108
532.278,1.047,-1.109,0.143
532.298,0.958,-0.624,0.027
532.318,0.478,-1.541,0.1
532.338,0.548,-0.976,0.344
532.358,1.06,-1.436,-0.188
532.378,0.763,-0.928,0.133
532.398,0.858,-1.119,-0.027
532.418,1.071,-1.567,-0.047
532.438,0.834,-0.761,-0.265
532.458,0.846,-1.225,0.044
532.478,0.678,-0.781,0.079
532.498,0.927,-1.18,-0.051
532.518,0.972,-1.091,0.27
532.538,0.731,-1.462,-0.005
532.558,0.663,-0.907,-0.45
532.578,1.363,-1.087,0.085
532.598,0.834,-1.035,-0.274
532.618,0.693,-0.986,0.244
532.638,0.959,-1.295,0.356
532.658,0.81,-0.831,0.203
532.678,0.59,-1.096,0.002
532.698,0.884,-0.531,0.133
532.718,0.643,-1.095,-0.137
532.738,1.135,-1.094,0.136
532.758,0.916,-1.291,-0.137
532.778,0.767,-1.34,0.396
532.798,0.848,-0.845,-0.161
532.818,1.0,-0.81,-0.31
532.838,0.854,-1.138,-0.023
532.858,1.238,-1.012,0.133
532.878,1.037,-0.78,0.465
532.898,0.903,-0.984,-0.153
532.918,0.626,-0.957,0.004
532.938,0.782,-1.019,-0.031
532.958,0.916,-1.168,-0.256
532.978,0.648,-0.982,-0.26
532.998,1.076,-0.665,-0.436
533.018,0.603,-1.133,0.241
533.038,0.675,-0.86,-0.222
533.058,0.699,-0.99,-0.483
533.078,0.948,-1.155,-0.132
533.098,0.641,-0.867,0.177
533.118,0.45,-0.897,0.041
533.138,1.025,-0.929,0.034
533.158,0.727,-0.683,0.256
533.178,0.595,-0.667,0.119
533.198,0.661,-1.019,-0.629
533.218,1.156,-1.048,-0.201
533.238,0.682,-1.327,-0.013
533.258,0.8,-0.757,-0.087
533.278,0.736,-1.075,-0.021
533.298,0.574,-1.181,0.393
533.318,0.69,-1.255,-0.338
533.338,0.595,-1.267,-0.582
533.358,1.066,-0.73,-0.617
533.378,0.907,-0.904,0.051
533.398,1.391,-1.387,-0.174
533.418,0.766,-1.381,-0.438
533.438,0.73,-1.088,-0.165
533.458,1.201,-1.328,-0.209
533.478,1.091,-1.155,-0.185
533.498,0.949,-0.772,-0.514
533.518,0.648,-0.882,0.003
533.538,1.204,-1.426,0.035
533.558,0.841,-1.282,-0.079
533.578,0.759,-1.043,-0.11
533.598,1.053,-0.872,-0.042
533.618,0.794,-1.251,-0.076
533.638,0.554,-1.007,-0.435
533.658,0.789,-1.166,-0.236
533.678,0.637,-0.728,-0.03
533.698,0.18,-0.975,-0.214
533.718,0.628,-1.132,0.103
533.738,0.706,-1.391,-0.345
533.758,0.579,-1.296,0.398
533.778,0.917,-1.578,0.337
533.798,0.643,-1.04,-0.144
533.818,0.885,-0.944,-0.389
533.838,0.539,-0.934,-0.185
533.858,0.962,-1.201,0.169
533.878,0.532,-0.841,-0.127
533.898,0.305,-0.784,-0.001
533.918,1.024,-1.233,-0.068
533.938,0.603,-0.849,0.031
533.958,1.122,-1.067,0.008
533.978,0.86,-1.203,-0.165
533.998,0.9,-0.856,0.19
534.018,0.951,-1.35,-0.01
534.038,0.768,-1.411,0.125
534.058,0.775,-1.213,-0.158
534.078,1.015,-1.179,-0.139
534.098,0.78,-1.468,0.428
534.118,0.612,-1.038,-0.104
534.138,0.872,-1.281,0.174
534.158,0.338,-1.392,-0.359
534.178,1.024,-1.004,-0.007
534.198,1.036,-1.219,-0.154
534.218,1.017,-0.924,0.233
534.238,1.018,-1.037,-0.199
534.258,0.765,-1.158,-0.152
534.278,0.742,-0.88,0.073
534.298,0.519,-1.022,-0.253
534.318,1.116,-1.118,-0.005
534.338,0.65,-1.003,-0.155
534.358,0.83,-0.998,-0.022
534.378,0.817,-1.327,-0.077
534.398,0.513,-0.638,0.313
534.418,0.433,-1.083,0.055
534.438,0.786,-1.076,-0.303
534.458,0.698,-1.459,-0.239
534.478,0.766,-1.092,-0.136
534.498,0.985,-1.071,-0.209
534.518,0.804,-1.307,0.231
534.538,0.934,-1.273,-0.171
534.558,0.869,-1.255,-0.057
534.578,0.705,-1.132,0.068
534.598,0.586,-1.021,0.498
534.618,0.852,-1.118,-0.092
534.638,0.827,-1.027,0.278
534.658,0.973,-0.943,-0.129
534.678,0.772,-0.97,0.157
534.698,0.728,-1.001,-0.2
534.718,0.741,-1.008,0.137
534.738,0.601,-1.009,-0.122
534.758,1.079,-1.104,0.141
534.778,1.02,-1.202,0.11
534.798,0.544,-1.082,0.072
534.818,0.964,-0.939,0.02
534.838,0.452,-0.932,-0.165
534.858,1.021,-0.95,0.076
534.878,0.684,-1.148,-0.386
534.898,0.91,-1.096,0.448
534.918,0.463,-1.095,0.066
534.938,0.596,-1.159,0.048
534.958,0.952,-0.867,0.04
534.978,0.708,-1.419,-0.2
534.998,0.676,-0.644,-0.174
535.018,1.108,-0.625,-0.009
535.038,1.266,-1.038,-0.155
535.058,1.023,-0.967,-0.269
535.078,0.618,-0.866,-0.062
535.098,1.191,-1.193,0.026
535.118,0.518,-0.929,-0.046
535.138,0.776,-0.774,0.165
535.158,0.829,-1.401,-0.03
535.178,1.199,-1.32,0.264
535.198,0.996,-0.876,0.427
535.218,0.717,-1.077,-0.051
535.238,0.623,-1.108,-0.256
535.258,0.998,-1.099,-0.271
535.278,0.699,-1.272,-0.043
535.298,0.839,-1.134,0.127
535.318,0.541,-1.321,-0.115
535.338,0.932,-0.814,-0.028
535.358,0.922,-1.039,-0.143
535.378,0.569,-1.049,-0.1
535.398,1.019,-0.944,0.002
535.418,0.937,-0.524,0.173
535.438,0.96,-1.288,0.141
535.458,0.736,-1.46,-0.512
535.478,0.848,-1.094,0.062
535.498,0.829,-1.453,0.049
535.518,0.789,-1.148,-0.102
535.538,0.858,-0.891,-0.149
535.558,1.069,-0.748,0.058
535.578,1.058,-1.38,-0.035
535.598,0.607,-1.263,-0.101
535.618,1.051,-0.992,0.383
535.638,1.103,-0.911,0.039
535.658,0.808,-0.891,-0.17
535.678,0.924,-0.759,0.07
535.698,0.913,-0.927,0.006
535.718,0.639,-1.101,-0.006
535.738,0.735,-0.855,0.092
535.758,0.965,-1.042,-0.169
535.778,0.708,-0.998,-0.004
535.798,0.982,-1.16,-0.237
535.818,1.064,-1.025,0.086
535.838,1.04,-1.374,-0.08
535.858,1.214,-0.833,-0.244
535.878,0.805,-1.24,-0.086
535.898,0.865,-1.225,-0.011
535.918,0.878,-1.503,0.112
535.938,0.787,-1.213,0.165
535.958,0.913,-1.243,0.103
535.978,0.441,-1.0,0.034
535.998,0.829,-1.289,0.075
536.018,0.52,-1.125,-0.113
536.038,0.62,-1.177,-0.287
536.058,0.956,-1.397,-0.203
536.078,0.759,-0.997,-0.071
536.098,0.949,-1.096,-0.126
536.118,0.763,-1.05,-0.141
536.138,1.011,-0.903,-0.05
536.158,0.711,-1.08,0.099
536.178,0.374,-1.151,-0.025
536.198,0.818,-0.903,-0.181
536.218,0.339,-1.154,-0.344
536.238,0.481,-1.196,-0.14
536.258,0.596,-0.976,-0.519
536.278,0.569,-1.273,0.105
536.298,0.645,-0.89,-0.085
536.318,0.542,-1.107,0.235
536.338,0.468,-0.82,0.151
536.358,1.068,-1.154,-0.017
536.378,0.616,-0.954,-0.235
536.398,0.301,-1.479,-0.217
536.418,0.68,-0.901,0.164
536.438,0.521,-1.024,-0.041
536.458,0.562,-1.297,-0.401
536.478,0.866,-0.998,-0.197
536.498,0.647,-1.422,0.143
536.518,0.511,-1.259,0.074
536.538,0.839,-1.34,-0.076
536.558,0.975,-1.006,0.134
536.578,0.87,-0.931,-0.373
536.598,0.276,-1.27,-0.244
536.618,0.55,-1.432,-0.141
536.638,0.785,-1.38,-0.208
536.658,0.729,-1.147,0.059
536.678,0.714,-1.158,0.049
536.698,0.575,-1.235,0.006
536.718,0.494,-1.346,-0.298
536.738,1.18,-0.841,0.256
536.758,0.78,-1.305,-0.04
536.778,0.9,-1.326,-0.423
536.798,0.774,-0.921,-0.33
536.818,0.772,-1.213,-0.25
536.838,0.752,-1.05,0.237
536.858,0.55,-1.337,-0.265
536.878,0.459,-1.051,-0.288
536.898,0.85,-1.013,0.145
536.918,0.803,-1.397,0.103
536.938,0.952,-1.293,-0.195
536.958,0.921,-1.363,0.01
536.978,0.609,-1.286,-0.161
536.998,1.003,-0.859,-0.001
537.018,0.92,-1.135,-0.201
537.038,0.91,-0.799,-0.035
537.058,1.229,-0.89,-0.133
537.078,1.183,-0.947,-0.258
537.098,0.913,-0.886,0.04
537.118,0.891,-0.941,-0.153
537.138,0.992,-0.817,0.031
537.158,0.653,-1.042,-0.056
537.178,0.652,-1.019,-0.174
537.198,0.9,-1.025,0.075
537.218,0.594,-1.241,-0.115
537.238,0.887,-1.0,-0.079
537.258,0.801,-0.924,-0.247
537.278,0.595,-1.294,-0.303
537.298,0.768,-1.327,-0.185
537.318,1.029,-1.251,-0.411
537.338,0.787,-0.882,-0.195
537.358,0.79,-1.211,-0.181
537.378,0.836,-1.367,-0.422
537.398,0.851,-1.365,0.025
537.418,0.692,-1.352,0.058
537.438,0.829,-1.331,0.034
537.458,0.542,-1.474,-0.265
537.478,0.621,-1.055,-0.199
537.498,0.656,-1.205,-0.289
537.518,0.884,-1.06,-0.089
537.538,0.828,-1.611,-0.276
537.558,0.77,-0.918,-0.208
537.578,0.933,-1.154,-0.164
537.598,0.888,-1.053,-0.475
537.618,0.757,-0.862,-0.28
537.638,0.597,-1.101,-0.091
537.658,0.643,-0.753,0.493
537.678,0.515,-1.535,-0.633
537.698,0.835,-1.213,-0.41
537.718,0.639,-1.519,-0.397
537.738,0.71,-1.09,-0.526
537.758,0.764,-1.131,0.11
537.778,1.004,-1.378,-0.287
537.798,0.976,-0.73,-0.329
537.818,0.778,-1.257,-0.164
537.838,1.04,-1.621,-0.419
537.858,0.39,-1.047,-0.147
537.878,1.175,-1.044,-0.414
537.898,0.932,-1.268,-0.023
537.918,0.82,-1.003,-0.262
537.938,0.614,-1.341,-0.009
537.958,0.72,-1.225,-0.152
537.978,0.918,-1.063,-0.756
537.998,0.928,-0.958,-0.511
538.018,0.937,-1.173,0.064
538.038,0.666,-1.229,-0.317
538.058,0.622,-1.155,-0.608
538.078,0.862,-1.575,-0.361
538.098,0.974,-1.213,-0.318
538.118,0.831,-1.554,0.005
538.138,1.104,-1.315,-0.416
538.158,0.813,-1.444,-0.27
538.178,0.819,-1.057,-0.014
538.198,0.956,-1.306,-0.323
538.218,1.093,-0.893,-0.398
538.238,0.599,-1.517,-0.141
538.258,0.632,-1.186,-0.074
538.278,0.824,-1.122,-0.242
538.298,1.527,-1.045,-0.112
538.318,0.848,-0.701,-0.36
538.338,0.861,-1.51,-0.639
538.358,1.019,-1.267,-0.088
538.378,1.102,-0.739,-0.471
538.398,0.937,-1.33,-0.412
538.418,1.151,-1.063,-0.258
538.438,0.666,-1.332,-0.114
538.458,0.752,-1.438,-0.329
538.478,1.152,-1.322,-0.403
538.498,0.915,-0.762,0.025
538.518,0.657,-1.386,-0.352
538.538,0.639,-1.201,-0.349
538.558,0.738,-1.206,-0.621
538.578,0.9,-0.975,-0.289
538.598,0.989,-0.937,-0.008
538.618,0.856,-1.145,-0.589
538.638,0.993,-1.809,-0.433
538.658,0.826,-1.347,-0.309
538.678,1.149,-1.399,-0.214
538.698,1.402,-0.937,-0.248
538.718,0.818,-1.362,-0.282
538.738,1.008,-0.848,-0.424
538.758,1.011,-1.091,-0.009
538.778,0.967,-0.949,-0.697
538.798,1.07,-0.729,-0.039
538.818,1.049,-1.341,0.131
538.838,0.858,-1.482,-0.108
538.858,1.229,-1.131,-0.374
538.878,1.0,-0.996,-0.194
538.898,0.899,-1.3,-0.484
538.918,1.463,-1.148,-0.45
538.938,0.965,-0.913,-0.155
538.958,1.057,-0.94,-0.119
538.978,1.043,-1.274,-0.165
538.998,0.983,-1.106,-0.475
539.018,1.112,-1.34,0.229
539.038,0.861,-1.456,-0.121
539.058,1.163,-0.895,-0.254
539.078,0.7,-1.602,-0.215
539.098,0.796,-1.142,-0.37
539.118,1.429,-1.265,-0.414
539.138,0.815,-1.076,0.265
539.158,0.663,-1.334,-0.405
539.178,0.813,-0.953,-0.369
539.198,1.403,-1.225,-0.319
539.218,0.689,-0.9,-0.409
539.238,0.853,-1.151,-0.278
539.258,0.741,-1.405,-0.367
539.278,0.947,-1.064,-0.309
539.298,0.922,-1.078,-0.354
539.318,0.907,-1.21,-0.348
539.338,1.377,-1.341,-0.621
539.358,0.765,-1.029,-0.388
539.378,0.994,-1.412,-0.353
539.398,1.078,-1.369,-0.389
539.418,0.801,-1.093,-0.389
539.438,1.103,-1.246,-0.144
539.458,0.902,-1.577,-0.429
539.478,1.059,-1.371,-0.124
539.498,0.965,-1.102,0.089
539.518,0.583,-1.233,-0.449
539.538,1.278,-1.182,-0.239
539.558,1.427,-1.113,-0.263
539.578,0.982,-1.072,-0.288
539.598,0.845,-1.126,-0.621
539.618,1.326,-1.823,-0.109
539.638,1.395,-1.156,-0.379
539.658,0.968,-1.242,-0.072
539.678,0.951,-1.116,-0.313
539.698,0.965,-0.928,-0.073
539.718,0.633,-1.366,-0.198
539.738,0.91,-1.147,-0.158
539.758,1.299,-1.073,-0.186
539.778,0.928,-1.227,-0.346
539.798,0.742,-1.403,-0.403
539.818,1.058,-1.394,-0.234
539.838,0.816,-1.167,-0.178
539.858,0.943,-1.271,-0.322
539.878,0.704,-1.53,-0.167
539.898,0.756,-1.285,-0.467
539.918,1.107,-1.388,-0.257
539.938,0.978,-0.981,-0.086
539.958,0.817,-1.417,-0.266
539.978,0.986,-0.842,-0.331
539.998,0.833,-0.702,-0.135
540.018,7.006,15.587,-3.805
540.038,4.353,6.086,-3.315
540.058,4.03,0.913,7.084
540.078,0.56,17.866,-4.83
540.098,5.828,6.873,0.048
540.118,1.969,1.201,5.351
540.138,5.59,13.75,10.183
540.158,-0.9,14.077,11.179
540.178,14.637,5.485,13.4
540.198,8.733,0.693,9.76
540.218,12.523,-1.716,2.253
540.238,18.606,-2.559,13.552
540.258,8.469,10.4,7.721
540.278,13.224,-0.606,19.56
540.298,19.254,-4.6,12.992
540.318,16.749,-2.887,11.879
540.338,15.377,-8.859,9.084
540.358,12.309,-0.676,4.234
540.378,7.701,-1.937,8.212
540.398,24.9,-6.643,16.736
540.418,1.179,-14.264,9.618
540.438,7.802,-5.958,8.715
540.458,9.4,-12.658,5.761
540.478,15.508,-8.938,13.679
540.498,8.208,-15.044,13.622
540.518,3.48,-13.576,7.843
540.538,0.772,0.612,14.86
540.558,13.86,-23.125,9.756
540.578,15.262,-11.197,-4.063
540.598,6.866,-14.496,14.525
540.618,-1.073,-20.789,10.876
540.638,6.769,-7.5,0.274
540.658,3.677,-16.369,1.477
540.678,-4.741,-8.01,12.515
540.698,2.774,-2.582,-5.074
540.718,0.889,-1.366,4.34
540.738,4.737,-14.227,-0.722
540.758,-10.723,-5.457,8.985
540.778,-7.306,1.854,-9.557
540.798,-8.307,-4.983,-0.325
540.818,-6.313,1.789,2.019
540.838,-7.564,-3.781,-4.892
540.858,-15.474,2.623,-5.149
540.878,0.568,1.243,6.264
540.898,-11.226,12.5,-2.587
540.918,-8.038,2.49,0.873
540.938,-16.41,1.897,-8.668
540.958,-2.999,9.905,-2.284
540.978,-13.341,4.726,-6.586
540.998,-7.812,9.248,-3.827
541.018,-12.471,7.314,-16.294
541.038,-7.086,3.041,-15.785
541.058,-6.563,5.075,-8.963
541.078,-10.078,12.328,-5.109
541.098,-14.966,5.358,-9.531
541.118,-3.751,6.042,-12.802
541.138,-8.94,12.085,-11.094
541.158,2.921,7.573,-6.789
541.178,-10.61,9.147,-12.891
541.198,4.344,5.219,-3.528
541.218,5.624,3.144,-20.411
541.238,5.454,10.102,-10.798
541.258,3.248,-3.483,-9.075
541.278,-7.184,-8.462,-14.09
541.298,3.516,-11.569,-12.167
541.318,0.82,0.854,-4.948
541.338,0.941,-1.241,-16.472
541.358,1.347,-3.357,-9.988
541.378,6.681,-5.626,-7.734
541.398,10.846,-15.273,-5.081
541.418,6.543,-9.812,-6.53
541.438,5.51,-8.846,-6.793
541.458,7.125,-5.624,-12.797
541.478,6.559,-1.546,-9.528
541.498,9.345,-7.922,0.74
541.518,7.574,-17.25,-0.636
541.538,3.55,-7.409,-5.98
541.558,2.862,-0.213,5.244
541.578,12.515,-10.095,4.177
541.598,13.901,-17.002,-4.107
541.618,9.493,-6.711,-0.215
541.638,14.975,-12.434,-5.956
541.658,7.248,-9.614,-0.361
541.678,14.918,-11.327,9.586
541.698,16.969,-7.464,7.155
541.718,6.039,-3.41,1.367
541.738,13.512,-6.766,10.62
541.758,10.992,-6.71,5.859
541.778,1.017,-5.885,9.574
541.798,6.72,3.223,3.756
541.818,2.205,-0.591,-0.95
541.838,3.07,-3.381,2.762
541.858,1.786,-5.929,-0.46
541.878,5.993,-0.258,13.454
541.898,-1.037,5.76,16.964
541.918,1.979,2.406,11.803
541.938,-10.239,4.175,7.797
541.958,0.789,4.391,15.018
541.978,1.85,10.507,10.495
541.998,-1.93,3.584,6.287
542.018,1.644,6.389,10.584
542.038,-7.263,9.421,6.032
542.058,-10.752,-1.137,12.428
542.078,-2.688,12.417,-1.373
542.098,-4.288,12.725,8.281
542.118,-9.516,10.609,10.973
542.138,-14.143,8.948,9.043
542.158,-1.098,6.662,8.253
542.178,-12.77,6.711,-4.403
542.198,-11.783,0.151,0.023
542.218,-2.868,4.263,10.729
542.238,-18.35,-0.594,-0.656
542.258,-11.249,1.065,13.049
542.278,-14.568,-0.705,4.034
542.298,-7.993,0.974,9.723
542.318,-4.908,-2.674,-2.753
542.338,-5.949,-1.708,-6.496
542.358,-11.005,-2.103,-0.361
542.378,-10.007,-3.095,-4.682
542.398,-7.418,-0.907,3.131
542.418,-3.77,-11.525,4.018
542.438,5.58,0.749,8.25
542.458,-5.11,-2.936,4.534
542.478,3.169,-7.691,-5.68
542.498,-3.448,-8.504,0.344
542.518,-8.143,-13.203,-2.997
542.538,9.02,2.199,-5.465
542.558,3.544,-3.293,-15.679
542.578,8.228,-12.503,-8.365
542.598,6.115,-17.05,-3.326
542.618,10.947,-5.262,-15.564
542.638,9.535,-19.655,-6.922
542.658,10.592,-18.848,-14.388
542.678,4.353,-13.632,-5.916
542.698,9.613,-14.35,-13.93
542.718,12.016,-8.421,-9.576
542.738,11.514,-1.917,-3.431
542.758,7.21,-8.905,-7.895
542.778,11.099,-3.401,-3.329
542.798,14.445,-10.199,-13.755
542.818,14.897,-2.778,-3.886
542.838,10.411,0.556,-15.886
542.858,11.227,0.414,-3.47
542.878,14.946,-3.534,-2.948
542.898,7.403,-1.007,-12.296
542.918,9.261,-11.592,-6.623
542.938,2.858,-0.673,-16.752
542.958,9.318,11.132,-7.91
542.978,11.719,3.096,-1.943
542.998,0.486,7.13,-7.009
543.018,3.126,3.578,-0.374
543.038,3.766,11.604,-2.429
543.058,8.751,4.802,-4.117
543.078,6.28,4.549,-8.381
543.098,6.815,-0.821,-1.139
543.118,11.318,11.941,-5.944
543.138,5.656,4.253,-9.933
543.158,-7.821,-0.257,-3.695
543.178,-3.559,10.134,8.359
543.198,-5.745,15.201,-2.165
543.218,-3.639,13.386,0.785
543.238,-4.385,4.046,11.015
543.258,-3.534,10.061,5.338
543.278,-3.187,2.779,13.578
543.298,-0.527,9.583,3.207
543.318,-9.136,0.509,10.661
543.338,-3.744,4.693,4.942
543.358,-13.493,6.885,9.707
543.378,-5.352,0.759,14.46
543.398,-14.132,-2.433,6.223
543.418,-16.927,-14.156,2.173
543.438,-12.036,-1.418,14.013
543.458,-9.989,0.277,6.831
543.478,-2.442,1.625,8.744
543.498,-3.352,1.116,9.362
543.518,-8.212,-6.816,7.611
543.538,-12.908,-7.83,-0.038
543.558,-10.718,-21.769,16.807
543.578,-0.575,-9.826,7.657
543.598,-9.572,-8.089,10.42
543.618,-2.19,-8.921,13.319
543.638,2.477,-13.224,6.586
543.658,-9.215,-7.753,1.796
543.678,-3.041,-8.678,7.99
543.698,0.924,-18.645,5.311
543.718,1.584,-4.626,-1.366
543.738,1.371,-10.964,12.824
543.758,1.893,-22.304,-0.499
543.778,5.841,-8.278,3.347
543.798,1.996,-10.009,7.526
543.818,1.82,3.626,-5.657
543.838,7.608,-6.847,-1.326
543.858,13.894,-7.276,-3.207
543.878,7.34,-2.327,6.515
543.898,1.367,-4.238,5.398
543.918,12.632,-5.459,6.073
543.938,10.786,2.913,-3.02
543.958,3.991,5.051,-1.009
543.978,7.629,0.097,3.585
543.998,10.464,4.441,-4.781
544.018,13.285,7.991,4.054
544.038,13.787,3.65,-6.493
544.058,9.639,0.973,1.068
544.078,3.615,9.5,1.339
544.098,17.144,-2.291,-1.046
544.118,9.551,5.792,-2.598
544.138,8.056,4.817,-1.595
544.158,2.831,6.865,-5.819
544.178,6.632,1.939,-14.597
544.198,6.659,16.038,-12.813
544.218,-0.405,8.106,-12.404
544.238,-1.197,6.639,-10.9
544.258,9.548,5.604,-13.697
544.278,8.271,9.517,-3.825
544.298,-3.668,-2.853,-18.868
544.318,-0.996,8.347,-14.143
544.338,12.248,8.523,-17.063
544.358,2.665,8.652,-17.814
544.378,0.172,9.323,-8.564
544.398,2.447,-0.787,-15.823
544.418,-6.115,-9.615,-9.193
544.438,-8.176,-2.776,-3.931
544.458,8.261,-5.362,-10.101
544.478,-6.669,-11.074,-5.064
544.498,5.415,-9.426,-5.308
544.518,-10.493,-4.42,-5.979
544.538,-1.913,-6.662,2.072
544.558,-6.754,-14.394,-10.003
544.578,-4.532,-14.054,-11.409
544.598,-14.485,-5.174,4.097
544.618,-9.426,-18.135,-6.532
544.638,2.18,-3.784,-4.544
544.658,-11.798,-15.231,-2.856
544.678,-10.829,-9.331,6.267
544.698,-16.869,-10.125,-2.372
544.718,-15.885,-7.73,-9.974
544.738,-3.986,-19.081,-0.849
544.758,-1.281,-1.436,7.768
544.778,-10.65,-0.208,-0.006
544.798,-12.051,-6.944,6.99
544.818,-4.79,-11.867,10.028
544.838,-12.088,-10.43,-1.64
544.858,-7.087,-11.548,1.466
544.878,2.54,-9.841,4.251
544.898,-5.157,-1.764,4.588
544.918,-9.656,-13.439,10.202
544.938,-3.566,-5.405,5.233
544.958,4.097,-1.916,4.552
544.978,-0.322,-7.08,7.084
544.998,-5.151,-3.01,1.851
545.018,1.384,8.255,3.753
545.038,-2.407,4.574,13.346
545.058,-4.676,1.495,7.917
545.078,2.797,4.065,13.808
545.098,2.964,0.262,7.814
545.118,-1.316,-2.866,14.137
545.138,-0.477,2.887,14.907
545.158,9.541,3.853,8.15
545.178,3.257,8.089,18.742
545.198,11.468,12.2,12.647
545.218,9.602,12.061,10.111
545.238,-6.193,12.33,9.044
545.258,13.604,3.665,8.353
545.278,14.838,8.012,8.912
545.298,19.53,3.076,4.808
545.318,10.094,3.368,-7.961
545.338,7.726,7.084,11.019
545.358,3.73,6.863,7.681
545.378,4.93,-1.724,7.543
545.398,18.179,8.01,4.035
545.418,24.758,0.194,-4.739
545.438,13.231,5.899,0.209
545.458,17.805,-2.318,8.554
545.478,11.843,8.762,-4.735
545.498,10.353,-4.841,11.362
545.518,9.474,-4.702,-8.798
545.538,20.707,-4.891,2.707
545.558,9.134,-0.896,-1.128
545.578,12.432,1.037,-1.847
545.598,6.128,-11.474,-3.104
545.618,3.416,-9.92,-5.438
545.638,-0.733,-5.977,-0.412
545.658,-2.144,-10.355,-10.336
545.678,1.609,-13.995,-3.834
545.698,-5.199,-11.416,-9.543
545.718,-4.132,-5.259,-5.834
545.738,3.882,-10.852,-10.419
545.758,1.296,-10.834,-5.598
545.778,-5.624,-10.165,-14.33
545.798,-9.603,-12.912,-10.242
545.818,3.873,-11.068,-10.243
545.838,-4.462,-17.209,2.953
545.858,-5.697,-6.139,-7.634
545.878,-12.412,-8.357,-10.227
545.898,-12.512,-13.683,-8.041
545.918,-4.205,-9.307,-13.625
545.938,-6.191,-8.538,-4.039
545.958,-2.239,0.341,-7.967
545.978,-10.075,-2.765,-5.785
545.998,-16.985,0.001,-8.244
546.018,-12.433,-0.82,-6.367
546.038,-8.394,-3.055,-7.112
546.058,-7.874,-5.554,-10.118
546.078,1.067,-3.221,1.143
546.098,-11.927,4.381,-8.952
546.118,-3.891,-2.959,-4.039
546.138,-2.653,0.599,-8.46
546.158,-3.152,6.942,-7.681
546.178,-2.218,8.466,-10.531
546.198,-5.397,-0.766,-1.22
546.218,-2.24,5.119,-10.191
546.238,-6.364,5.706,-4.82
546.258,-3.312,9.584,-6.822
546.278,1.215,9.044,7.212
546.298,1.36,-1.114,1.648
546.318,0.37,12.793,7.34
546.338,-10.475,15.193,3.411
546.358,3.264,5.364,1.35
546.378,-1.966,16.672,9.553
546.398,7.335,9.752,6.712
546.418,13.114,9.856,6.845
546.438,21.843,13.763,0.214
546.458,2.793,5.824,9.441
546.478,14.376,1.741,4.229
546.498,10.206,-0.265,-0.324
546.518,10.684,9.021,14.115
546.538,8.942,-2.81,2.22
546.558,15.511,1.636,5.967
546.578,1.614,-0.334,7.63
546.598,12.845,-2.088,-0.803
546.618,11.465,-2.625,8.331
546.638,14.073,-2.128,15.382
546.658,3.824,-7.729,10.871
546.678,18.763,-6.763,11.979
546.698,9.07,-8.328,-2.683
546.718,10.34,-10.418,6.645
546.738,6.38,-8.672,1.013
546.758,17.474,-1.945,-2.749
546.778,6.949,-7.767,10.994
546.798,15.074,-20.298,9.13
546.818,7.367,-11.604,7.103
546.838,9.555,-12.951,0.199
546.858,7.584,-14.337,6.394
546.878,0.575,-7.537,3.42
546.898,7.564,-11.054,6.708
546.918,0.884,-8.95,7.061
546.938,3.591,-12.854,3.479
546.958,-12.224,-2.525,8.213
546.978,-3.605,-17.173,4.601
546.998,-5.908,-10.119,8.197
547.018,-0.302,-7.311,-6.726
547.038,-12.643,-15.389,-1.472
547.058,-11.879,-12.26,7.351
547.078,-6.616,0.877,-3.078
547.098,2.309,1.517,0.925
547.118,0.378,1.708,3.689
547.138,-6.72,4.491,0.773
547.158,-5.699,-4.3,-1.334
547.178,-6.51,7.18,0.85
547.198,-10.048,-5.336,-8.071
547.218,-9.315,5.356,-14.409
547.238,-6.371,-0.611,-5.71
547.258,-9.131,2.163,-8.476
547.278,-6.906,7.037,-7.09
547.298,-0.148,4.511,-11.851
547.318,-10.107,12.084,1.632
547.338,-18.492,15.372,-17.47
547.358,-6.907,1.911,-11.192
547.378,6.617,2.499,-17.483
547.398,5.521,5.882,1.301
547.418,-4.95,10.087,-12.733
547.438,-12.063,12.274,-2.038
547.458,-4.502,14.873,-2.72
547.478,-3.703,6.884,-11.187
547.498,-8.282,4.552,-4.992
547.518,4.188,13.012,-6.14
547.538,-2.135,-1.359,-6.102
547.558,-7.324,0.89,-10.773
547.578,5.168,-1.524,-8.46
547.598,-4.578,-11.501,-1.142
547.618,0.286,-2.476,-10.232
547.638,10.666,1.633,-7.945
547.658,7.698,-14.916,-10.186
547.678,18.841,1.933,-12.764
547.698,-0.478,-3.787,-4.597
547.718,2.489,-14.662,-16.661
547.738,17.387,-11.697,0.859
547.758,11.096,-7.412,-11.39
547.778,4.892,-7.717,-7.047
547.798,10.384,-9.919,-2.494
547.818,10.201,-16.885,-4.407
547.838,15.696,-14.503,0.298
547.858,12.802,-14.355,2.267
547.878,6.05,-9.389,-6.53
547.898,12.362,-13.043,0.649
547.918,5.213,-8.204,-2.72
547.938,5.228,-14.719,6.909
547.958,9.222,-11.058,12.391
547.978,6.134,-9.466,5.292
547.998,2.464,-12.636,-5.711
548.018,13.269,-15.189,5.966
548.038,0.936,-5.341,-0.949
548.058,12.409,-8.329,6.404
548.078,7.522,-13.344,11.746
548.098,-1.207,-0.602,0.6
548.118,6.214,3.372,10.695
548.138,6.125,1.615,12.23
548.158,2.345,4.918,4.328
548.178,3.653,7.951,-6.674
548.198,-6.903,4.21,13.37
548.218,-0.581,8.587,7.075
548.238,-9.672,5.083,9.68
548.258,-7.104,3.098,12.832
548.278,-9.601,7.687,13.292
548.298,-4.568,18.673,3.037
548.318,-2.81,5.124,9.876
548.338,-3.984,13.466,5.398
548.358,-2.79,2.127,10.925
548.378,-7.128,5.618,12.901
548.398,-9.444,13.851,10.224
548.418,-6.056,17.212,9.868
548.438,-13.906,9.333,3.905
548.458,-10.67,6.523,4.372
548.478,-5.786,7.574,13.98
548.498,1.646,5.505,6.639
548.518,-2.174,6.936,7.898
548.538,-9.045,2.248,6.596
548.558,0.799,10.396,5.008
548.578,-8.576,7.567,0.088
548.598,-2.083,-6.168,0.616
548.618,-4.103,3.213,2.55
548.638,-9.472,-6.949,-7.558
548.658,-7.302,-4.911,0.637
548.678,-2.847,-3.283,-4.365
548.698,-9.74,2.719,1.041
548.718,-4.708,-0.026,2.418
548.738,-3.886,-4.283,6.511
548.758,-5.315,-3.164,9.608
548.778,-0.731,-9.525,-0.369
548.798,5.272,-1.606,-8.929
548.818,-3.484,-16.726,-4.446
548.838,0.175,-4.122,-17.305
548.858,7.259,-8.257,-3.229
548.878,9.211,-8.972,-14.584
548.898,14.675,-7.55,-3.145
548.918,21.674,-19.763,-3.722
548.938,4.792,-10.365,-15.318
548.958,1.241,-8.619,-8.915
548.978,4.802,-12.456,-19.462
548.998,7.991,-6.761,-17.009
549.018,10.769,-9.984,-8.982
549.038,11.48,-13.926,-1.858
549.058,14.57,-7.184,-16.394
549.078,6.992,-9.681,-1.676
549.098,15.799,-9.805,-7.011
549.118,7.226,-2.905,-10.169
549.138,9.855,-6.896,-17.893
549.158,18.046,-2.223,-15.973
549.178,21.539,3.239,-8.413
549.198,7.946,7.323,-13.172
549.218,13.93,3.568,-13.055
549.238,8.041,0.241,-10.085
549.258,15.714,4.975,-15.464
549.278,3.765,8.554,-8.948
549.298,-0.006,5.843,-11.398
549.318,10.42,9.792,-1.192
549.338,13.715,5.985,-2.763
549.358,14.121,4.366,-8.069
549.378,5.386,8.322,3.08
549.398,-1.833,12.285,1.397
549.418,9.986,18.436,-3.347
549.438,7.815,10.587,-9.668
549.458,-2.134,14.788,-0.808
549.478,-10.267,13.497,3.819
549.498,1.261,10.376,5.853
549.518,0.937,12.784,0.101
549.538,0.614,11.598,3.771
549.558,-1.816,2.958,8.991
549.578,-1.288,-5.696,3.126
549.598,-0.405,0.586,1.743
549.618,-3.485,7.404,9.158
549.638,-8.591,-1.289,8.887
549.658,3.699,6.071,5.662
549.678,-9.164,1.139,11.344
549.698,-6.149,-1.563,3.513
549.718,-9.814,-2.59,8.086
549.738,-6.956,-14.096,5.026
549.758,-8.205,-12.155,12.584
549.778,-16.75,-5.731,9.365
549.798,-13.131,-13.165,0.812
549.818,-12.151,-5.374,16.864
549.838,-4.612,-16.457,13.712
549.858,-12.539,-13.026,12.388
549.878,-16.131,-17.775,11.391
549.898,-4.955,-11.194,16.276
549.918,-9.811,-8.069,11.133
549.938,-4.863,-15.201,2.569
549.958,0.7,-2.391,9.012
549.978,-1.729,-8.774,6.918
549.998,5.267,-15.744,5.183
550.018,-4.587,-12.838,13.624
550.038,2.623,-9.457,16.41
550.058,-5.422,-9.388,9.301
550.078,3.709,-13.651,2.244
550.098,1.642,-9.642,12.256
550.118,3.94,-11.662,-5.79
550.138,6.94,-6.248,2.28
550.158,6.987,-5.823,4.022
550.178,2.683,-4.875,-5.198
550.198,8.239,-10.836,-3.415
550.218,11.751,-0.518,-2.638
550.238,20.223,5.8,3.328
550.258,23.213,-5.996,-0.884
550.278,6.331,-3.876,-2.398
550.298,9.42,-0.038,-5.247
550.318,13.969,8.381,-1.118
550.338,15.655,3.213,1.165
550.358,12.897,1.696,-5.873
550.378,10.522,0.88,-1.749
550.398,12.986,0.991,-2.387
550.418,20.973,5.657,-8.862
550.438,7.926,13.589,-6.062
550.458,12.121,3.868,-4.438
550.478,5.479,2.671,-11.886
550.498,7.082,6.115,-6.968
550.518,10.449,13.546,-6.572
550.538,11.504,6.602,-15.134
550.558,-0.159,5.584,-13.319
550.578,7.997,9.119,-13.688
550.598,0.149,13.831,-14.637
550.618,14.421,6.182,-3.108
550.638,3.631,-4.454,-9.372
550.658,10.243,3.498,-7.243
550.678,4.264,-3.091,7.455
550.698,3.183,-2.298,-16.399
550.718,1.913,5.872,-6.251
550.738,0.799,-2.189,-17.422
550.758,-9.341,-7.923,-12.766
550.778,-9.987,-0.351,-4.892
550.798,2.067,-9.592,-11.785
550.818,-3.803,-8.496,-1.558
550.838,-4.107,-11.708,-11.081
550.858,-12.564,-9.45,-1.251
550.878,-13.527,-7.167,2.435
550.898,-0.457,-0.96,-4.87
550.918,-9.668,-7.433,-0.982
550.938,-13.197,-6.028,1.612
550.958,-1.901,-15.919,6.067
550.978,-11.725,-10.8,-3.804
550.998,-7.186,-2.26,0.895
551.018,-9.785,-5.743,16.477
551.038,-5.212,-1.01,2.218
551.058,-0.303,-4.026,5.608
551.078,-3.007,-5.735,6.974
551.098,-13.905,-10.108,2.454
551.118,-10.626,-10.056,-4.763
551.138,-7.688,-3.147,8.469
551.158,1.935,-12.386,-0.99
551.178,-5.525,-6.187,10.471
551.198,-2.352,-5.52,5.142
551.218,-11.059,1.304,6.835
551.238,-9.681,-7.199,7.157
551.258,-1.17,2.381,5.614
551.278,-5.832,9.573,9.93
551.298,-4.47,3.63,2.892
551.318,-7.635,-3.104,11.797
551.338,-5.216,-0.318,1.396
551.358,8.308,6.224,11.23
551.378,0.435,4.334,2.951
551.398,3.079,4.926,3.114
551.418,4.901,11.124,3.328
551.438,7.626,5.502,5.552
551.458,15.88,11.938,10.495
551.478,7.091,10.16,12.306
551.498,13.179,14.639,2.997
551.518,12.434,11.567,4.918
551.538,2.238,1.021,0.243
551.558,11.875,3.636,13.469
551.578,8.122,11.275,4.735
551.598,10.512,-3.212,5.952
551.618,9.137,9.325,6.043
551.638,18.433,7.289,6.843
551.658,13.342,-1.518,-0.118
551.678,12.483,5.865,-3.844
551.698,4.044,6.677,-4.157
551.718,15.609,4.767,7.984
551.738,13.178,13.33,0.359
551.758,3.008,-2.176,1.556
551.778,2.145,-6.439,1.985
551.798,12.957,-5.214,-1.788
551.818,8.114,-7.242,-6.228
551.838,10.687,-8.653,-4.67
551.858,1.348,-4.729,-6.772
551.878,8.218,-0.639,-8.961
551.898,-0.158,-9.88,3.94
551.918,7.132,-0.565,-8.693
551.938,12.556,-10.405,-3.475
551.958,-0.269,-4.999,-6.867
551.978,0.856,-8.941,-16.914
551.998,-3.889,-14.971,-6.523
552.018,7.283,-14.472,-5.791
552.038,-9.456,-1.492,-18.406
552.058,-4.228,-8.735,-14.092
552.078,-5.826,-9.544,-7.739
552.098,-0.662,-12.067,-7.597
552.118,-3.729,-8.049,1.501
552.138,-11.834,-11.394,-13.27
552.158,-8.623,-3.675,-7.215
552.178,-17.976,-6.702,-11.597
552.198,-1.772,-4.433,-14.971
552.218,-12.544,-16.181,-17.379
552.238,-7.244,2.403,-7.186
552.258,-14.773,-2.481,-9.459
552.278,-10.948,-7.317,-12.566
552.298,-15.884,12.954,-14.451
552.318,2.886,-6.159,-12.627
552.338,-2.607,7.082,-14.072
552.358,-4.851,1.909,-6.811
552.378,-6.285,1.37,-7.348
552.398,-4.982,0.832,-9.688
552.418,-5.288,-3.064,-8.611
552.438,-4.177,8.055,-7.666
552.458,-10.37,10.591,5.406
552.478,0.129,9.213,-4.27
552.498,-11.147,12.832,-0.618
552.518,-0.517,12.819,-12.347
552.538,-3.659,8.101,-10.608
552.558,5.7,1.96,-12.887
552.578,4.188,4.208,-2.944
552.598,7.295,3.266,0.992
552.618,-2.694,9.524,4.597
552.638,4.353,11.441,1.636
552.658,6.814,4.783,-2.424
552.678,7.645,3.157,2.502
552.698,8.709,11.727,3.206
552.718,2.686,3.745,-1.718
552.738,3.831,5.623,5.093
552.758,-1.873,7.891,12.562
552.778,5.024,4.64,5.087
552.798,9.508,6.089,10.765
552.818,11.96,3.31,9.208
552.838,4.763,-0.964,1.208
552.858,11.559,1.388,13.877
552.878,13.493,-3.275,10.012
552.898,15.343,-4.155,-1.283
552.918,0.157,-13.053,4.902
552.938,7.607,-5.255,10.629
552.958,18.404,-3.114,1.622
552.978,4.19,-9.93,6.138
552.998,8.422,-3.429,4.889
553.018,13.8,-1.411,4.986
553.038,11.66,-14.584,9.433
553.058,12.265,-10.852,10.042
553.078,4.905,-11.877,10.021
553.098,0.44,-11.109,10.636
553.118,11.634,-2.995,12.788
553.138,1.19,-11.082,11.915
553.158,7.993,-3.465,1.739
553.178,10.002,-11.585,9.47
553.198,-2.255,-10.618,-3.138
553.218,-0.432,-6.703,11.531
553.238,8.156,-4.942,8.306
553.258,3.852,-6.667,3.364
553.278,0.776,-8.491,-1.732
553.298,-0.714,-9.696,6.204
553.318,-6.199,-6.562,-5.03
553.338,2.455,-1.509,5.24
553.358,-9.559,12.77,1.367
553.378,-1.119,-1.896,-2.624
553.398,-5.347,-1.552,-0.033
553.418,-14.743,-7.436,8.298
553.438,-0.953,4.337,-9.132
553.458,-1.843,10.78,-3.363
553.478,-10.324,9.386,-6.095
553.498,-10.257,7.268,-4.4
553.518,-7.31,2.904,-4.265
553.538,-12.521,3.436,-0.699
553.558,-7.386,9.591,-12.581
553.578,-6.361,16.934,-0.696
553.598,-8.24,9.085,-8.284
553.618,-6.712,7.673,-17.846
553.638,-8.862,11.075,-11.847
553.658,-9.9,4.345,-8.016
553.678,-6.695,4.076,-6.937
553.698,5.049,14.3,-10.773
553.718,-8.258,6.772,-12.253
553.738,-4.866,5.586,-5.847
553.758,-9.77,-4.372,-6.233
553.778,-3.982,-1.593,-11.745
553.798,2.249,10.271,-14.468
553.818,-8.12,7.97,-16.07
553.838,1.513,-6.886,-10.585
553.858,-3.846,11.501,-0.3
553.878,6.288,1.478,1.75
553.898,-0.466,-3.801,-14.857
553.918,7.044,-1.309,-4.351
553.938,11.873,-10.387,-8.502
553.958,4.545,-4.88,-4.679
553.978,11.873,-2.646,7.364
553.998,0.302,-14.6,-0.538
554.018,8.022,-4.37,2.289
554.038,16.14,-4.002,-8.855
554.058,10.361,-14.723,-14.491
554.078,12.196,-7.19,-4.607
554.098,13.712,-16.788,8.051
554.118,15.374,-13.085,5.545
554.138,18.765,-16.069,-2.194
554.158,0.883,-6.291,2.887
554.178,9.802,-9.546,2.629
554.198,-3.468,-8.142,-4.695
554.218,15.061,-5.969,4.145
554.238,17.514,-10.714,10.106
554.258,8.075,-12.863,7.879
554.278,12.065,-4.462,-1.845
554.298,5.085,-5.094,-3.775
554.318,15.337,-14.214,14.332
554.338,12.076,-4.577,9.856
554.358,6.834,-13.628,13.745
554.378,1.155,-6.523,17.342
554.398,4.087,-0.171,2.443
554.418,11.377,2.118,11.142
554.438,6.047,9.628,8.044
554.458,4.504,4.906,8.6
554.478,0.38,-4.587,7.946
554.498,-8.152,2.832,7.581
554.518,-3.052,7.348,7.58
554.538,-3.538,-0.671,11.469
554.558,-3.475,10.279,9.184
554.578,-10.819,18.208,15.008
554.598,-0.876,9.556,4.275
554.618,-9.627,11.565,12.327
554.638,-4.372,14.102,2.905
554.658,-2.718,12.538,4.267
554.678,-7.057,7.226,7.408
554.698,-6.02,9.434,6.977
554.718,-12.704,3.421,9.237
554.738,-1.784,19.168,13.372
554.758,-5.128,-0.499,12.273
554.778,0.332,3.516,6.18
554.798,-4.975,10.905,14.134
554.818,-16.847,19.024,1.707
554.838,-17.482,3.707,3.852
554.858,-6.577,-10.015,1.911
554.878,-5.018,-5.233,5.375
554.898,-12.855,9.159,0.946
554.918,4.614,-6.96,0.668
554.938,-2.857,-14.75,2.023
554.958,-7.602,-6.52,6.056
554.978,-4.014,-1.153,-3.013
554.998,1.351,-2.983,0.113
555.019,5.811,3.299,-4.733
555.039,3.669,-8.847,-2.148
555.059,9.012,-7.5,-12.197
555.079,3.254,-10.706,0.281
555.099,4.237,-12.159,-9.482
555.119,-0.502,-8.587,-12.958
555.139,1.821,-11.301,3.558
555.159,12.827,-12.805,-3.452
555.179,-3.801,-18.751,-9.728
555.199,3.762,-17.685,-15.554
555.219,9.797,-3.0,-5.141
555.239,8.35,-5.299,-10.208
555.259,13.146,-11.245,-6.561
555.279,6.35,-6.767,0.553
555.299,0.381,-10.986,-11.998
555.319,2.16,-9.458,-8.162
555.339,12.97,3.873,-13.335
555.359,10.424,-14.15,-14.471
555.379,24.939,1.703,-6.38
555.399,7.377,-6.041,-13.181
555.419,2.903,-3.435,-8.376
555.439,20.829,1.774,-6.472
555.459,15.236,0.314,-7.287
555.479,7.901,-6.987,-17.341
555.499,23.221,9.17,-17.476
555.519,7.72,4.556,-9.904
555.539,20.877,-5.563,-12.392
555.559,6.104,6.91,4.13
555.579,13.067,6.062,-4.476
555.599,6.248,4.666,-6.977
555.619,8.711,-1.16,-8.439
555.639,3.164,17.189,2.767
555.659,-3.589,4.007,-9.335
555.679,8.551,10.478,-6.482
555.699,-4.865,13.055,-3.908
555.719,1.908,5.574,5.307
555.739,7.537,9.806,6.017
555.759,12.256,7.907,-0.448
555.779,6.05,2.578,13.591
555.799,-12.813,6.585,7.747
555.819,-1.509,4.247,-0.478
555.839,-9.029,7.484,-1.805
555.859,-6.99,19.425,-3.539
555.879,-0.469,9.494,2.373
555.899,-3.389,2.771,-0.27
555.919,-14.994,5.723,6.81
555.939,-10.223,13.378,3.31
555.959,-4.885,-7.781,-6.095
555.979,-3.771,-4.982,11.983
555.999,-13.558,-5.239,9.832
556.019,-9.947,8.675,5.776
556.039,-8.731,-0.747,13.727
556.059,-11.064,-7.447,10.65
556.079,-7.809,-8.644,10.799
556.099,-9.805,-2.975,13.237
556.119,-13.741,-4.205,14.396
556.139,-7.18,-9.828,15.471
556.159,-5.807,-6.947,11.814
556.179,-6.964,-17.906,7.596
556.199,0.457,-4.727,11.085
556.219,-2.708,-1.312,4.161
556.239,-9.753,-8.436,7.87
556.259,-11.921,-9.326,6.977
556.279,-7.414,-5.862,1.725
556.299,-3.319,-11.306,15.358
556.319,-0.693,-4.468,6.302
556.339,-2.401,-9.566,-0.035
556.359,4.054,-7.117,-4.729
556.379,-7.352,-5.888,-3.263
556.399,5.091,-11.667,0.811
556.419,9.316,-7.313,7.528
556.439,19.011,-9.103,-1.111
556.459,7.297,-4.116,4.322
556.479,13.513,0.868,9.349
556.499,7.838,6.952,-0.762
556.519,10.338,-1.303,4.445
556.539,9.579,-1.53,-7.722
556.559,13.002,5.439,-0.493
556.579,13.37,-0.132,-4.941
556.599,24.241,5.404,-2.196
556.619,7.728,-0.862,-0.62
556.639,16.341,-3.515,-7.674
556.659,15.791,6.949,-12.885
556.679,2.796,10.582,-12.29
556.699,14.25,5.765,-13.014
556.719,14.241,14.174,-9.225
556.739,15.023,10.705,-7.941
556.759,3.055,-0.726,-16.125
556.779,10.457,7.148,-8.422
556.799,17.851,15.378,-13.575
556.819,6.113,5.175,-9.875
556.839,12.065,7.629,-5.425
556.859,13.692,10.025,-10.956
556.879,10.388,3.127,-9.003
556.899,-0.086,13.15,-9.8
556.919,2.781,3.424,-9.575
556.939,8.165,-0.523,-14.811
556.959,10.379,-2.095,-8.059
556.979,-4.813,3.873,-2.649
556.999,5.859,-2.088,-12.936
557.019,-0.247,-1.701,-13.743
557.039,-5.27,9.621,1.05
557.059,-3.871,3.567,-16.451
557.079,-10.458,-1.717,-10.285
557.099,1.477,-6.185,-9.493
557.119,-6.073,-6.373,-1.896
557.139,-8.44,-13.423,-7.376
557.159,-1.006,-7.583,-6.487
557.179,-6.122,-12.129,6.847
557.199,-4.872,-18.508,-2.321
557.219,-1.457,-8.037,-4.44
557.239,-4.713,-5.235,4.268
557.259,-8.174,-13.557,-3.346
557.279,-8.879,-12.617,2.25
557.299,-14.109,-17.005,-2.684
557.319,-16.39,-11.075,-1.881
557.339,-0.159,-17.709,4.899
557.359,-19.849,-13.289,6.945
557.379,-13.844,-4.376,10.572
557.399,-9.234,-14.562,5.228
557.419,-12.757,-5.291,5.334
557.439,-6.144,-10.605,12.587
557.459,2.32,-8.065,2.512
557.479,1.413,-1.428,13.115
557.499,0.323,-10.243,11.021
557.519,-9.506,5.136,12.641
557.539,-0.463,-1.634,6.167
557.559,1.191,3.687,15.01
557.579,-4.71,-0.983,5.341
557.599,-3.382,-0.294,10.381
557.619,1.255,-1.023,15.216
557.639,5.783,1.06,12.652
557.659,-5.798,12.37,16.253
557.679,3.42,3.484,3.023
557.699,6.953,5.573,5.867
557.719,-2.461,8.509,6.401
557.739,1.553,17.889,9.045
557.759,9.194,6.225,16.398
557.779,4.219,7.129,5.264
557.799,6.977,8.48,9.477
557.819,13.842,9.643,-2.502
557.839,13.974,5.474,18.923
557.859,13.219,5.648,2.158
557.879,11.597,11.27,8.771
557.899,11.24,14.896,8.694
557.919,12.392,19.881,3.921
557.939,14.891,1.042,3.351
557.959,15.842,5.856,10.14
557.979,8.753,-3.198,-3.566
557.999,8.74,-1.265,5.048
558.019,17.88,2.842,-2.534
558.039,12.486,0.625,4.196
558.059,5.397,-4.722,0.443
558.079,7.241,6.847,6.932
558.099,14.31,-8.098,-3.8
558.119,-0.705,1.347,0.147
558.139,7.34,-10.023,-8.928
558.159,3.027,1.765,4.041
558.179,9.429,-7.853,-0.223
558.199,0.787,-16.122,-2.274
558.219,-6.479,-9.48,4.673
558.239,-3.29,-3.339,-15.481
558.259,6.078,-21.611,-5.149
558.279,-14.325,-9.959,-5.022
558.299,-2.39,-3.575,-18.585
558.319,-9.662,-12.25,-13.082
558.339,-3.765,-5.062,-13.835
558.359,-1.666,-17.054,-13.553
558.379,-3.03,-14.799,-15.198
558.399,-5.728,-16.828,-11.29
558.419,-6.109,-3.531,-10.987
558.439,-8.106,-7.425,-15.292
558.459,1.014,-14.912,-9.44
558.479,-12.327,-7.214,-11.962
558.499,-8.374,-5.234,-1.95
558.519,-3.977,-5.038,-1.86
558.539,-11.578,-5.23,-8.258
558.559,-0.683,-6.428,-8.898
558.579,-9.927,-0.691,-13.288
558.599,-14.374,-6.686,-9.184
558.619,-6.583,-3.228,-11.303
558.639,-14.412,9.051,-1.748
558.659,-11.677,3.536,-13.988
558.679,-12.455,4.275,-19.169
558.699,-10.872,2.788,-5.272
558.719,-8.542,9.611,-4.195
558.739,-7.241,-3.862,2.639
558.759,-10.851,8.052,-7.593
558.779,-2.87,7.45,-0.926
558.799,3.545,5.807,-2.865
558.819,3.617,4.313,3.038
558.839,4.581,10.021,2.074
558.859,5.019,12.421,3.481
558.879,1.982,9.583,-4.352
558.899,6.18,10.453,-4.146
558.919,4.723,10.79,3.735
558.939,3.889,18.04,3.866
558.959,6.639,8.151,5.429
558.979,-12.173,-1.49,-1.259
558.999,11.329,6.646,9.611
559.019,4.439,-2.559,5.755
559.039,15.198,5.575,8.514
559.059,11.735,1.993,6.45
559.079,5.348,0.986,15.173
559.099,3.89,4.356,8.76
559.119,7.569,2.307,7.176
559.139,3.705,5.44,1.158
559.159,10.893,-6.473,7.714
559.179,10.508,-4.231,18.086
559.199,11.257,-4.613,6.417
559.219,7.571,-3.39,12.25
559.239,12.258,-5.792,7.098
559.259,9.877,-11.633,7.902
559.279,17.74,-9.46,5.771
559.299,14.004,-10.25,5.906
559.319,12.229,-12.358,10.772
559.339,1.194,-10.258,2.485
559.359,1.203,-7.029,12.187
559.379,1.437,-13.053,7.959
559.399,8.527,-7.94,4.768
559.419,-0.56,-11.999,13.833
559.439,1.754,-13.131,8.148
559.459,3.202,-10.819,4.566
559.479,12.07,-2.142,6.075
559.499,1.56,-13.111,6.637
559.519,-11.504,-5.531,1.503
559.539,-3.421,-6.991,4.722
559.559,-6.985,-3.896,0.251
559.579,-6.808,-3.436,7.386
559.599,-6.433,-3.409,-2.529
559.619,-6.655,-2.607,6.303
559.639,-5.468,-6.569,0.319
559.659,-2.937,-2.354,-10.982
559.679,-15.78,4.643,7.687
559.699,-4.777,3.537,-3.796
559.719,-1.012,-1.199,-6.581
559.739,-4.495,2.477,-2.087
559.759,-4.12,5.739,-6.089
559.779,-10.964,9.077,-12.175
559.799,-4.529,1.55,-5.007
559.819,0.682,13.276,-8.697
559.839,-6.263,4.545,-7.515
559.859,-11.073,2.095,-11.46
559.879,-8.745,7.24,-7.983
559.899,-9.092,7.164,1.964
559.919,-1.818,5.095,-5.106
559.939,-10.088,4.05,-16.791
559.959,-8.047,12.558,-4.814
559.979,1.011,10.463,-7.017
559.999,-7.582,7.862,-11.354
560.019,-0.391,11.679,-5.572
560.039,-4.873,5.849,-5.142
560.059,-1.086,1.5,-9.754
560.079,4.357,9.959,-10.079
560.099,11.066,2.262,-12.587
560.119,-3.307,5.729,-7.806
560.139,7.147,-7.193,-16.283
560.159,5.942,1.901,-3.081
560.179,-1.639,4.388,-1.645
560.199,13.849,-12.149,-6.371
560.219,1.96,-3.073,-1.308
560.239,2.154,-12.876,-6.556
560.259,9.341,-5.242,-6.776
560.279,11.49,-1.01,-4.881
560.299,1.467,-14.353,-7.095
560.319,6.032,-10.638,2.58
560.339,15.185,-0.169,0.606
560.359,10.588,-11.23,1.533
560.379,10.955,-12.409,2.038
560.399,8.208,-9.869,0.01
560.419,11.017,-18.108,-7.816
560.439,15.978,-15.91,-8.079
560.459,8.555,-4.895,-0.679
560.479,14.831,-18.617,-4.569
560.499,14.593,-7.979,3.754
560.519,10.084,-13.929,8.677
560.539,5.475,0.1,2.61
560.559,6.144,-6.881,0.302
560.579,17.273,-13.262,-3.09
560.599,11.541,-3.181,-9.497
560.619,14.857,-17.272,5.972
560.639,10.115,-16.159,13.587
560.659,5.964,-7.826,8.277
560.679,9.014,3.639,8.133
560.699,-10.683,3.804,7.919
560.719,2.814,2.111,11.295
560.739,0.334,6.572,1.807
560.759,9.773,0.153,7.317
560.779,1.96,3.315,13.82
560.799,-7.662,5.849,14.15
560.819,4.856,7.649,7.625
560.839,1.322,11.108,15.49
560.859,0.142,11.355,5.165
560.879,-2.751,6.042,7.554
560.899,-8.143,15.61,18.105
560.919,-14.494,16.536,15.761
560.939,-6.48,8.444,14.105
560.959,-13.302,12.47,-0.438
560.979,-7.556,7.233,6.908
560.999,-12.881,13.061,0.716
561.019,-4.369,6.779,11.368
561.039,-4.036,15.419,7.911
561.059,-11.97,11.116,2.579
561.079,-12.81,6.922,2.196
561.099,-9.922,4.605,4.346
561.119,-6.349,0.984,4.743
561.139,-5.861,-7.142,6.337
561.159,-3.512,11.03,8.729
561.179,-2.833,4.41,9.686
561.199,-5.637,-4.971,5.315
561.219,-2.68,-1.577,-3.062
561.239,3.419,1.417,-3.456
561.259,-13.044,-4.688,6.24
561.279,-6.775,3.838,-5.593
561.299,-1.521,-6.955,-1.647
561.319,-10.425,-8.894,0.521
561.339,10.276,-7.557,-4.019
561.359,0.441,-5.612,2.409
561.379,7.075,-7.776,-10.655
561.399,8.295,-7.095,-2.772
561.419,2.058,-7.358,-7.625
561.439,9.116,-13.537,-2.562
561.459,3.872,-0.487,-5.339
561.479,12.29,-6.252,-14.459
561.499,8.788,-7.666,-1.963
561.519,18.512,-6.536,-7.311
561.539,5.949,-4.677,-18.512
561.559,2.944,-5.496,-10.642
561.579,7.138,-7.77,-4.712
561.599,6.923,-6.636,-13.997
561.619,11.254,-7.144,-18.882
561.639,11.792,-11.573,-14.376
561.659,16.987,-8.438,-6.923
561.679,11.216,4.554,-15.7
561.699,15.603,-5.27,0.326
561.719,13.972,-0.09,-6.08
561.739,11.84,-11.038,-5.309
561.759,5.04,-2.949,-1.775
561.779,13.122,-0.719,-16.559
561.799,12.223,5.802,-13.046
561.819,6.849,1.244,-5.934
561.839,15.078,9.311,-3.635
561.859,7.621,4.874,-0.701
561.879,11.037,10.325,-6.817
561.899,4.94,3.499,-5.659
561.919,11.111,11.49,1.707
561.939,12.636,6.787,1.576
561.959,8.155,11.699,-7.032
561.979,3.574,-1.986,-5.352
561.999,11.765,4.775,-6.21
562.019,-9.42,16.539,8.405
562.039,-7.679,-3.015,4.906
562.059,-9.581,5.002,6.315
562.079,-2.412,11.009,3.322
562.099,-6.207,8.328,5.147
562.119,-0.536,6.624,5.65
562.139,-15.821,4.408,5.561
562.159,0.473,0.71,-0.545
562.179,-1.647,8.157,20.018
562.199,2.489,2.985,11.551
562.219,-8.268,6.576,-2.522
562.239,0.681,-6.538,11.873
562.259,-9.924,3.624,12.43
562.279,-16.555,-6.754,9.436
562.299,-8.876,-14.123,10.985
562.319,-9.532,-8.847,-3.636
562.339,-7.215,-0.854,3.455
562.359,-2.206,-8.532,10.765
562.379,-7.623,-14.354,8.945
562.399,-12.256,-6.198,8.214
562.419,-8.296,-7.795,3.856
562.439,-6.931,-5.722,7.219
562.459,2.687,-10.501,9.118
562.479,0.553,-9.399,4.275
562.499,0.413,-13.148,8.046
562.519,-2.805,-13.23,11.937
562.539,5.041,-6.802,10.511
562.559,-2.316,-8.637,8.824
562.579,-4.517,-9.69,4.032
562.599,4.384,-13.59,12.553
562.619,3.658,-14.815,11.073
562.639,1.225,-9.27,7.427
562.659,2.803,-13.415,-2.637
562.679,5.403,-0.483,10.313
562.699,-0.681,-6.934,2.251
562.719,13.11,1.762,0.182
562.739,2.494,2.205,8.139
562.759,3.161,-1.269,3.339
562.779,10.75,-6.57,-1.117
562.799,10.427,-13.109,-0.896
562.819,4.783,5.671,0.914
562.839,11.881,6.777,-1.894
562.859,9.586,8.876,-9.796
562.879,2.958,2.956,-6.038
562.899,15.49,-1.583,-1.318
562.919,8.506,0.962,-7.05
562.939,12.649,9.209,-3.268
562.959,8.502,11.567,-15.395
562.979,9.76,11.527,-12.467
562.999,11.48,14.221,-10.902
563.019,-0.691,13.488,-4.897
563.039,18.574,10.262,-12.64
563.059,12.766,12.059,-13.222
563.079,11.379,9.594,-5.33
563.099,13.92,3.97,-12.965
563.119,11.977,6.867,-11.999
563.139,14.103,5.623,-13.767
563.159,6.811,5.008,-15.098
563.179,4.019,18.876,-7.713
563.199,2.113,4.347,-11.389
563.219,-6.964,3.241,-15.367
563.239,3.462,-0.12,-9.529
563.259,2.475,5.399,-6.044
563.279,-1.289,2.567,-18.891
563.299,5.003,-2.42,-13.029
563.319,-6.2,-2.835,-11.981
563.339,-5.932,2.941,0.069
563.359,-3.064,-8.815,-5.994
563.379,2.023,-7.541,-3.791
563.399,-3.336,-4.713,4.559
563.419,-4.272,-5.499,-7.653
563.439,-5.925,-4.819,-8.067
563.459,-5.454,-12.761,-10.391
563.479,-9.705,-19.491,-13.925
563.499,-7.997,-10.588,-6.821
563.519,-12.229,-13.126,1.264
563.539,-9.861,-13.983,-0.107
563.559,-6.859,-9.785,9.739
563.579,-7.698,-24.865,0.156
563.599,-10.579,-13.07,5.097
563.619,-6.087,-9.316,1.853
563.639,-7.877,-9.928,-4.155
563.659,-9.343,-14.647,5.267
563.679,-4.134,-1.189,4.6
563.699,-6.831,-5.963,2.86
563.719,-0.347,-5.357,-1.972
563.739,-15.886,-1.844,9.454
563.759,-2.841,-5.603,-6.592
563.779,-6.271,-1.357,15.893
563.799,-2.138,-4.699,9.083
563.819,1.339,-2.484,3.548
563.839,2.649,-0.623,14.725
563.859,6.541,2.999,14.112
563.879,-10.843,-3.57,8.376
563.899,-7.974,-7.21,15.706
563.919,-0.899,-1.282,8.087
563.939,-0.615,4.353,5.739
563.959,2.542,9.098,11.018
563.979,11.923,13.762,4.472
563.999,-6.0,13.739,16.896
564.019,15.356,9.9,10.819
564.039,6.629,8.57,11.626
564.059,16.319,9.649,3.764
564.079,11.341,12.471,1.702
564.099,9.169,10.061,6.951
564.119,4.725,5.243,9.56
564.139,5.369,13.388,13.688
564.159,13.385,12.067,11.77
564.179,17.168,13.399,5.157
564.199,16.111,14.887,10.777
564.219,10.958,6.626,6.375
564.239,8.892,-0.694,3.658
564.259,2.422,-3.201,-4.092
564.279,-3.383,5.495,4.017
564.299,2.998,9.666,1.688
564.319,6.869,-0.272,3.59
564.339,16.461,7.7,-0.627
564.359,0.242,-8.817,-2.094
564.379,8.942,-8.792,0.401
564.399,10.436,-16.391,-0.319
564.419,10.8,-7.577,-1.786
564.439,-2.1,-5.768,-2.037
564.459,3.025,-9.372,-5.659
564.479,-10.11,-9.114,-6.192
564.499,-9.589,-6.366,-2.612
564.519,-1.415,-3.934,-0.503
564.539,-5.967,-11.729,-4.523
564.559,5.52,-2.143,-5.845
564.579,7.331,-15.308,-6.158
564.599,0.564,-13.24,-6.317
564.619,-5.325,-4.627,-18.668
564.639,-7.784,-21.647,-0.256
564.659,-0.787,-9.577,-15.173
564.679,-6.092,-17.456,-2.277
564.699,2.415,-14.791,-13.403
564.719,-6.08,-15.666,2.385
564.739,-7.023,-13.859,-15.422
564.759,-7.063,-11.371,-11.887
564.779,-2.226,-8.781,-6.729
564.799,-12.2,-6.684,-16.059
564.819,-0.396,-4.126,-3.913
564.839,-11.626,-6.892,-22.804
564.859,0.452,-1.115,-9.913
564.879,-6.09,0.739,-14.948
564.899,-8.673,1.491,-2.742
564.919,-6.26,1.039,-11.336
564.939,0.806,2.863,-2.738
564.959,-6.795,0.634,-7.005
564.979,-1.215,2.509,-13.509
564.999,-0.899,10.3,-6.539
565.019,-4.255,5.713,-10.824
565.039,-7.959,4.777,-9.903
565.059,-2.067,2.926,-13.477
565.079,5.329,12.373,-2.664
565.099,-14.16,11.999,-6.481
565.119,-9.457,11.702,-0.531
565.139,-0.985,3.773,2.454
565.159,-1.84,10.751,-5.19
565.179,-3.361,7.659,1.991
565.199,-1.069,10.988,-4.156
565.219,-0.615,13.267,2.584
565.239,4.065,-0.084,5.55
565.259,0.381,6.075,0.975
565.279,5.311,11.035,6.862
565.299,10.963,20.452,11.92
565.319,5.472,1.528,10.289
565.339,13.155,-2.009,6.739
565.359,7.136,-7.259,2.64
565.379,11.516,10.888,5.061
565.399,11.614,0.665,9.85
565.419,15.972,-7.431,3.865
565.439,11.145,1.262,19.35
565.459,16.714,-9.361,13.905
565.479,8.276,-2.028,5.604
565.499,13.896,-8.741,7.113
565.519,16.75,-5.848,14.416
565.539,22.413,-4.428,10.718
565.559,14.825,-6.291,13.202
565.579,9.062,-17.714,24.024
565.599,15.129,-4.866,13.679
565.619,1.911,-14.922,13.735
565.639,14.904,-16.296,5.473
565.659,7.181,-16.121,4.181
565.679,-2.38,-18.742,10.427
565.699,-3.519,0.684,10.906
565.719,1.556,-13.02,3.238
565.739,-1.559,-17.296,5.326
565.759,-0.4,-4.191,5.198
565.779,-6.194,-14.972,2.061
565.799,4.586,-10.001,7.829
565.819,-2.48,-3.771,3.205
565.839,-5.569,-8.055,6.255
565.859,-3.337,-3.314,2.279
565.879,6.466,-5.815,-3.086
565.899,-5.02,-6.188,-2.222
565.919,-8.748,-1.678,3.96
565.939,-5.435,-3.196,-7.552
565.959,-14.71,3.068,-3.434
565.979,-7.596,-0.803,1.948
565.999,2.34,-3.453,12.569
566.019,-10.248,9.781,-9.504
566.039,-6.954,7.366,-4.23
566.059,-4.651,0.679,-2.47
566.079,-7.531,0.257,-8.483
566.099,-3.875,8.754,-8.008
566.119,-7.794,8.71,-6.551
566.139,-8.32,11.454,-3.57
566.159,-10.73,-5.148,-11.971
566.179,-8.155,7.872,-12.34
566.199,-6.717,17.591,-11.139
566.219,-8.754,1.267,-6.453
566.239,-3.234,1.743,-4.059
566.259,-5.174,12.687,-11.315
566.279,-1.47,14.07,-8.051
566.299,-1.514,7.206,-14.039
566.319,1.476,9.373,-8.997
566.339,-4.968,2.086,-12.031
566.359,3.813,6.559,-10.337
566.379,3.274,7.882,-4.522
566.399,0.322,-2.911,-6.982
566.419,2.797,-5.925,-18.363
566.439,1.528,-2.54,-13.493
566.459,-0.489,2.711,-4.025
566.479,10.805,2.016,-9.721
566.499,9.195,-10.918,-1.501
566.519,9.162,4.418,-9.021
566.539,4.124,-0.949,-14.153
566.559,5.72,-6.438,-6.435
566.579,15.094,-13.582,-7.594
566.599,4.307,-4.988,-8.382
566.619,7.386,-14.12,-7.933
566.639,12.207,-12.957,-8.614
566.659,13.406,-11.876,-1.946
566.679,10.14,-11.133,1.569
566.699,11.891,-7.949,-4.029
566.719,12.678,-12.234,1.598
566.739,14.577,-8.484,-0.082
566.759,13.187,-19.995,1.626
566.779,10.873,-3.477,3.961
566.799,6.86,-3.331,3.718
566.819,-0.671,-6.962,6.587
566.839,9.25,-6.651,-3.109
566.859,9.761,-8.628,15.058
566.879,5.642,-5.322,-0.402
566.899,8.253,-8.941,11.498
566.919,-0.329,-5.108,2.856
566.939,9.321,-2.29,8.185
566.959,5.055,-10.556,15.407
566.979,3.634,5.963,8.789
566.999,8.276,0.925,14.757
567.019,7.631,4.74,8.049
567.039,4.395,1.941,2.783
567.059,-0.166,6.309,8.687
567.079,-9.222,-2.576,15.234
567.099,0.331,11.525,17.998
567.119,-6.156,-2.074,-2.372
567.139,4.034,3.745,12.777
567.159,-1.632,12.247,7.3
567.179,-6.512,16.306,11.201
567.199,-5.412,17.069,5.923
567.219,-4.819,13.559,7.728
567.239,-4.502,11.009,8.945
567.259,-8.342,21.079,4.752
567.279,-16.903,10.231,11.075
567.299,-5.544,5.145,7.064
567.319,-9.391,5.01,11.022
567.339,-7.164,3.845,2.293
567.359,-3.746,7.459,6.501
567.379,-3.807,8.866,7.551
567.399,-7.329,0.309,6.094
567.419,-16.946,-1.241,2.359
567.439,6.603,2.046,2.341
567.459,-10.566,2.958,6.936
567.479,-12.108,-0.24,4.601
567.499,-7.179,-3.778,1.802
567.519,-1.97,-2.84,-13.627
567.539,-9.287,-2.416,2.27
567.559,-4.201,-8.65,-9.937
567.579,-13.909,-2.134,-2.927
567.599,3.542,-1.218,-2.767
567.619,3.882,-10.584,0.783
567.639,-1.856,-18.302,-0.56
567.659,-5.049,-6.159,-2.874
567.679,-0.604,-13.299,-4.536
567.699,7.005,-3.517,0.744
567.719,3.095,-5.495,-12.786
567.739,-4.454,-19.421,-1.16
567.759,9.422,-11.058,-3.842
567.779,-2.446,-10.102,-8.022
567.799,6.234,-14.087,-10.576
567.819,6.573,-6.542,-12.745
567.839,5.773,-20.143,-9.926
567.859,4.185,-12.244,-11.017
567.879,12.42,-9.426,-6.298
567.899,15.234,1.959,-5.148
567.919,10.964,-7.645,-19.416
567.939,12.497,-10.428,-5.678
567.959,12.549,0.098,-8.539
567.979,18.206,-10.872,-4.814
567.999,14.112,-7.308,-3.328
568.019,10.19,0.945,-9.166
568.039,2.787,1.673,-14.022
568.059,2.566,-4.494,-13.057
568.079,10.595,8.323,-11.9
568.099,7.034,3.492,-3.894
568.119,15.303,14.772,-10.915
568.139,9.616,7.645,-18.698
568.159,4.7,6.532,2.306
568.179,0.969,14.574,-4.165
568.199,8.92,7.457,4.2
568.219,10.848,6.758,-3.34
568.239,-0.698,2.693,7.777
568.259,1.441,10.246,2.232
568.279,12.896,14.982,-1.086
568.299,3.908,1.005,-6.82
568.319,4.939,7.931,5.495
568.339,-0.329,3.792,-3.458
568.359,-3.802,12.618,5.117
568.379,-4.503,12.624,1.382
568.399,-4.814,9.696,2.22
568.419,-10.699,-3.284,6.82
568.439,-6.124,-1.764,12.492
568.459,-7.943,-0.426,6.357
568.479,-3.761,-1.537,5.277
568.499,-1.865,-0.937,14.692
568.519,-6.804,3.708,21.419
568.539,-5.617,1.373,5.855
568.559,-4.25,-6.101,12.357
568.579,-9.043,-5.222,6.448
568.599,-16.539,-0.296,13.442
568.619,-8.347,-5.965,11.573
568.639,-2.896,-6.889,15.85
568.659,-9.463,-2.638,11.515
568.679,-10.759,-13.447,19.258
568.699,-8.241,-2.148,8.657
568.719,-10.744,-7.64,10.002
568.739,-11.372,-7.937,1.513
568.759,-8.731,-16.267,2.867
568.779,-5.568,-7.057,8.177
568.799,0.072,-8.898,12.723
568.819,-11.36,-14.543,4.325
568.839,-3.082,-13.285,3.776
568.859,-0.212,-14.675,4.569
568.879,-20.317,-16.52,6.694
568.899,0.223,-16.627,8.85
568.919,-4.492,-16.48,3.831
568.939,2.436,-10.825,-0.354
568.959,0.513,-7.142,8.366
568.979,3.653,-5.456,-0.556
568.999,-2.754,-1.343,3.63
569.019,1.207,-13.003,10.299
569.039,2.819,0.916,-3.11
569.059,8.168,4.174,5.765
569.079,4.17,0.756,-0.272
569.099,10.735,5.167,-7.018
569.119,8.923,-3.91,-0.712
569.139,12.414,4.103,-3.163
569.159,0.403,9.82,-5.987
569.179,17.58,13.481,-0.593
569.199,11.713,8.073,4.3
569.219,21.013,6.422,-5.64
569.239,4.818,6.657,-16.969
569.259,3.371,6.76,-6.52
569.279,10.419,8.445,-12.201
569.299,9.789,9.797,-17.721
569.319,5.332,9.07,-11.303
569.339,7.362,7.471,-14.613
569.359,18.731,9.062,-4.288
569.379,15.218,5.325,-2.514
569.399,9.463,12.134,2.051
569.419,6.375,4.839,-8.654
569.439,2.893,1.17,-7.941
569.459,10.221,1.321,-9.468
569.479,3.084,9.154,-12.057
569.499,7.187,-0.945,-9.492
569.519,5.797,4.489,-14.654
569.539,-7.014,8.405,-14.66
569.559,8.423,1.821,-17.711
569.579,0.615,7.136,-10.331
569.599,-7.498,-1.009,-1.273
569.619,-0.018,-11.719,-4.428
569.639,-3.635,-4.832,-26.619
569.659,-15.238,-1.612,-3.421
569.679,-7.56,1.013,-4.444
569.699,-2.202,-5.588,-10.076
569.719,-3.584,-5.689,0.953
569.739,-0.662,-0.76,-5.748
569.759,-18.723,-6.318,1.645
569.779,-9.477,-18.868,-7.187
569.799,-2.202,-16.904,-1.247
569.819,-11.456,-10.712,-4.695
569.839,-15.988,-10.214,-2.276
569.859,-20.944,-0.531,2.118
569.879,-13.398,-4.013,3.763
569.899,-8.811,-14.392,2.444
569.919,-24.32,-9.513,-0.69
569.939,-10.695,-11.042,0.572
569.959,-13.692,2.639,9.88
569.979,-7.546,-15.978,5.025
569.999,-8.376,-7.001,2.958
570.019,1.135,-0.528,0.135
570.039,1.162,-0.821,0.246
570.059,1.289,-0.806,-0.134
570.079,1.193,-0.652,-0.015
570.099,1.368,-0.972,0.073
570.119,1.286,-0.545,0.355
570.139,1.122,-0.712,0.356
570.159,0.845,-0.938,0.246
570.179,1.511,-0.906,0.243
570.199,1.092,-1.079,-0.066
570.219,1.304,-0.751,0.118
570.239,0.838,-0.85,-0.225
570.259,1.221,-0.745,0.258
570.279,1.246,-1.169,0.056
570.299,1.267,-0.938,0.537
570.319,1.837,-1.031,0.181
570.339,1.119,-0.73,-0.02
570.359,1.419,-0.946,0.062
570.379,1.348,-0.729,-0.019
570.399,1.096,-0.926,-0.007
570.419,1.376,-0.491,0.087
570.439,1.191,-0.813,-0.109
570.459,1.386,-0.644,0.095
570.479,1.615,-0.838,-0.291
570.499,1.267,-0.632,0.132
570.519,1.202,-0.979,-0.043
570.539,1.475,-0.822,-0.166
570.559,1.552,-0.911,0.258
570.579,1.095,-0.436,-0.208
570.599,1.166,-1.054,0.263
570.619,1.38,-0.419,0.227
570.639,1.214,-1.111,-0.043
570.659,1.055,-0.698,0.085
570.679,1.349,-0.972,0.182
570.699,1.37,-0.8,0.179
570.719,1.186,-0.882,0.328
570.739,1.258,-1.016,0.289
570.759,1.119,-0.833,0.368
570.779,1.025,-0.95,0.41
570.799,1.154,-0.734,0.2
570.819,1.279,-1.034,0.112
570.839,0.963,-0.731,0.152
570.859,1.168,-0.648,0.107
570.879,1.285,-0.841,0.477
570.899,1.503,-1.101,0.036
570.919,1.204,-0.47,0.415
570.939,1.032,-0.733,0.101
570.959,1.233,-0.976,0.413
570.979,1.155,-0.726,0.334
570.999,1.376,-1.139,0.18
571.019,1.201,-0.562,0.234
571.039,0.715,-0.37,-0.043
571.059,1.983,-0.634,0.305
571.079,1.269,-0.991,0.381
571.099,1.265,-1.191,0.474
571.119,0.944,-0.529,0.132
571.139,0.955,-0.847,0.616
571.159,1.235,-0.89,0.105
571.179,1.309,-0.569,0.076
571.199,1.383,-0.927,0.133
571.219,1.29,-0.647,0.127
571.239,1.019,-0.784,-0.13
571.259,0.759,-0.762,-0.059
571.279,1.22,-0.502,-0.072
571.299,1.12,-0.926,0.223
571.319,0.978,-0.948,0.445
571.339,1.377,-0.872,0.007
571.359,0.896,-1.076,0.134
571.379,1.329,-0.647,0.002
571.399,0.923,-0.676,0.287
571.419,1.225,-0.837,0.203
571.439,1.394,-1.021,0.341
571.459,1.136,-1.388,-0.051
571.479,1.546,-0.987,0.154
571.499,1.596,-0.881,0.108
571.519,1.248,-1.192,0.121
571.539,1.311,-0.322,0.368
571.559,1.41,-0.741,0.063
571.579,1.31,-0.72,0.098
571.599,1.278,-0.844,0.033
571.619,1.082,-0.661,0.62
571.639,0.854,-0.862,0.006
571.659,0.916,-0.819,0.333
571.679,1.662,-0.515,-0.061
571.699,1.253,-0.574,0.301
571.719,1.143,-0.777,-0.022
571.739,1.431,-0.38,0.229
571.759,1.011,-0.79,0.25
571.779,1.284,-0.879,0.168
571.799,1.171,-0.753,0.327
571.819,1.248,-0.712,0.272
571.839,1.087,-1.019,0.035
571.859,0.957,-0.677,0.269
571.879,1.001,-0.347,0.225
571.899,0.998,-0.574,0.385
571.919,1.146,-0.632,-0.105
571.939,0.842,-0.678,0.222
571.959,0.907,-0.971,0.214
571.979,1.185,-0.969,0.139
571.999,1.135,-0.722,0.435
572.019,1.193,-0.827,0.078
572.039,1.135,-1.036,0.354
572.059,1.664,-0.805,0.059
572.079,1.174,-0.642,0.459
572.099,1.053,-0.604,0.294
572.119,1.141,-0.879,-0.1
572.139,1.333,-0.709,0.425
572.159,1.099,-0.621,0.295
572.179,1.238,-0.959,0.202
572.199,1.189,-0.858,0.051
572.219,1.039,-0.707,0.022
572.239,1.121,-0.874,0.29
572.259,1.419,-0.756,-0.121
572.279,1.148,-0.179,0.051
572.299,0.909,-0.973,0.333
572.319,1.029,-0.391,-0.085
572.339,0.679,-0.596,-0.068
572.359,1.118,-0.922,0.325
572.379,1.348,-0.538,0.162
572.399,0.814,-0.662,0.547
572.419,1.116,-0.424,0.156
572.439,1.267,-0.528,-0.083
572.459,1.305,-0.615,0.465
572.479,1.34,-0.707,-0.015
572.499,0.718,-0.415,0.039
572.519,1.18,-0.721,0.176
572.539,0.773,-0.922,0.252
572.559,0.852,-1.034,0.296
572.579,1.224,-0.904,0.423
572.599,1.081,-0.478,-0.3
572.619,1.183,-0.727,0.032
572.639,0.857,-0.805,0.429
572.659,1.307,-0.729,0.043
572.679,1.147,-0.482,0.212
572.699,1.205,-0.525,0.493
572.719,0.801,-0.636,0.186
572.739,1.243,-0.775,0.171
572.759,0.955,-0.73,0.197
572.779,0.884,-0.663,0.484
572.799,1.145,-0.815,-0.108
572.819,1.148,-0.672,0.575
572.839,0.867,-0.834,0.191
572.859,1.438,-0.56,0.165
572.879,1.389,-0.54,0.066
572.899,1.144,-0.394,0.009
572.919,1.11,-0.567,-0.241
572.939,1.093,-0.57,0.469
572.959,0.712,-0.77,-0.222
572.979,1.039,-0.618,0.211
572.999,1.043,-0.812,0.128
573.019,0.932,-0.965,0.277
573.039,0.973,-0.675,-0.176
573.059,0.566,-0.724,0.062
573.079,0.828,-0.502,0.33
573.099,1.236,-0.81,0.282
573.119,1.401,-0.065,0.124
573.139,0.86,-0.725,0.276
573.159,1.087,-0.633,0.587
573.179,1.267,-0.718,0.459
573.199,0.949,-0.454,0.43
573.219,1.193,-0.634,0.335
573.239,1.027,-0.77,0.271
573.259,1.273,-0.947,0.101
573.279,0.781,-0.464,0.239
573.299,0.827,-0.442,0.64
573.319,1.104,-0.514,0.442
573.339,1.063,-0.637,0.193
573.359,1.042,-0.655,-0.152
573.379,1.161,-0.43,0.418
573.399,0.845,-0.608,0.456
573.419,0.763,-0.373,0.157
573.439,0.95,-0.61,0.122
573.459,0.969,-0.619,-0.142
573.479,0.982,-0.517,0.486
573.499,1.305,-0.324,0.154
573.519,1.21,-0.362,0.295
573.539,1.16,-0.606,0.01
573.559,1.1,-0.675,-0.057
573.579,0.959,-0.86,0.543
573.599,0.879,-0.463,0.177
573.619,0.79,-0.966,0.126
573.639,0.882,-0.247,0.847
573.659,1.011,-0.422,0.46
573.679,0.79,-0.73,0.115
573.699,1.051,-0.328,0.409
573.719,0.988,-0.476,-0.055
573.739,0.949,-0.475,0.183
573.759,1.256,-0.624,0.088
573.779,0.53,-0.451,0.34
573.799,0.951,-0.867,0.595
573.819,0.561,-0.576,-0.065
573.839,1.077,-0.726,0.631
573.859,1.196,-0.639,0.412
573.879,0.764,-0.72,0.044
573.899,0.805,-0.692,0.061
573.919,0.695,-0.324,0.124
573.939,1.035,-0.878,0.086
573.959,0.943,-0.517,0.09
573.979,0.967,-0.837,-0.112
573.999,0.944,-0.349,0.223
574.019,0.82,-0.545,0.403
574.039,1.227,-0.925,0.126
574.059,1.05,-0.597,0.287
574.079,0.756,-0.796,0.448
574.099,0.859,-0.62,-0.086
574.119,0.828,-0.933,0.074
574.139,1.277,-0.418,-0.077
574.159,1.124,-1.067,-0.071
574.179,0.954,-0.849,0.484
574.199,1.339,-0.897,0.121
574.219,1.291,-0.608,0.307
574.239,0.943,-0.764,0.252
574.259,0.892,-0.703,0.356
574.279,0.892,-0.793,0.252
574.299,0.77,-0.943,0.232
574.319,1.32,-0.714,-0.085
574.339,0.745,-0.919,0.205
574.359,1.123,-1.01,0.21
574.379,1.078,-0.508,0.013
574.399,0.886,-0.905,-0.183
574.419,1.311,-0.371,0.267
574.439,0.658,-0.39,0.459
574.459,0.956,-0.49,-0.136
574.479,0.89,-0.904,0.183
574.499,1.171,-0.252,-0.243
574.519,1.047,-1.158,0.33
574.539,0.611,-0.856,0.429
574.559,1.206,-0.507,0.173
574.579,1.052,-0.523,0.334
574.599,0.752,-0.811,0.213
574.619,0.888,-0.812,0.024
574.639,0.712,-0.698,0.19
574.659,0.935,-0.662,0.202
574.679,1.005,-0.724,0.181
574.699,0.924,-0.294,0.289
574.719,0.919,-0.764,0.251
574.739,0.69,-0.325,0.205
574.759,1.081,-0.531,0.116
574.779,0.633,-0.419,0.349
574.799,1.041,-0.928,0.339
574.819,0.676,-0.41,0.269
574.839,1.047,-0.415,0.07
574.859,1.027,-0.742,0.028
574.879,1.101,-0.441,0.393
574.899,1.199,-0.892,0.059
574.919,1.227,-0.699,0.178
574.939,0.699,-0.362,-0.043
574.959,1.006,-0.622,0.348
574.979,1.414,-0.625,0.011
574.999,1.027,-0.29,-0.006
575.019,0.861,-0.952,0.036
575.039,1.017,-0.589,0.31
575.059,0.942,-0.569,0.186
575.079,0.809,-0.709,0.116
575.099,1.219,-0.272,0.571
575.119,1.155,-0.713,0.323
575.139,0.769,-0.712,-0.182
575.159,1.034,-1.019,0.037
575.179,0.932,-0.295,-0.172
575.199,0.721,-0.591,0.137
575.219,0.764,-0.596,0.448
575.239,0.791,-0.583,0.294
575.259,1.046,-0.298,0.194
575.279,0.959,-0.205,0.14
575.299,0.852,-0.868,0.305
575.319,0.961,-0.605,-0.082
575.339,1.187,-0.735,0.214
575.359,1.112,-0.566,0.259
575.379,1.239,-0.538,-0.021
575.399,0.986,-0.858,0.044
575.419,1.357,-0.43,0.612
575.439,1.098,-0.589,0.314
575.459,0.939,-0.334,-0.138
575.479,1.036,-0.478,0.07
575.499,0.771,-0.825,0.19
575.519,0.958,-0.377,0.636
575.539,1.109,-0.764,0.37
575.559,1.151,-0.734,0.414
575.579,0.947,-0.563,0.28
575.599,1.596,-0.566,0.019
575.619,1.022,-0.852,0.543
575.639,0.739,-0.521,0.393
575.659,1.32,-0.523,0.494
575.679,1.193,-0.531,0.582
575.699,1.097,-0.837,0.568
575.719,0.961,-0.474,0.242
575.739,1.139,-0.377,0.296
575.759,1.372,-0.791,0.267
575.779,1.089,-0.726,0.41
575.799,0.741,-0.36,0.28
575.819,0.352,-0.197,0.236
575.839,1.127,-0.551,0.178
575.859,0.834,-0.629,0.18
575.879,0.997,-0.516,0.263
575.899,0.834,-0.286,0.468
575.919,0.824,-0.725,0.022
575.939,0.85,-0.647,0.216
575.959,0.877,-0.655,0.256
575.979,1.157,-0.854,0.517
575.999,1.111,-0.414,0.111
576.019,0.747,-0.538,0.054
576.039,0.765,-0.995,0.51
576.059,1.046,-0.588,0.305
576.079,1.168,-0.255,0.132
576.099,1.169,-0.542,0.437
576.119,0.775,-0.287,-0.164
576.139,1.183,-0.717,0.206
576.159,0.625,-0.409,0.277
576.179,0.939,-0.343,0.328
576.199,1.081,-0.626,0.048
576.219,0.569,-0.696,0.047
576.239,1.395,-0.376,0.525
576.259,1.246,-0.497,0.195
576.279,1.115,-0.431,0.217
576.299,0.783,-0.543,0.06
576.319,0.964,-0.638,0.025
576.339,1.133,-0.647,0.104
576.359,0.756,-0.692,0.459
576.379,0.937,-0.556,0.108
576.399,1.175,-0.674,0.192
576.419,0.68,-0.589,0.567
576.439,1.063,-0.796,0.644
576.459,0.638,-0.808,-0.067
576.479,0.805,-0.524,-0.2
576.499,0.882,-0.572,0.091
576.519,1.078,-0.735,0.05
576.539,0.827,-0.387,0.35
576.559,0.987,-0.841,0.248
576.579,0.815,-0.6,0.235
576.599,0.868,-0.603,0.446
576.619,1.234,-0.683,-0.157
576.639,0.751,-0.423,0.155
576.659,1.143,-0.351,0.251
576.679,1.013,-0.905,0.496
576.699,0.909,-1.134,0.276
576.719,0.796,-0.773,0.376
576.739,0.823,-0.876,0.24
576.759,0.919,-0.777,0.294
576.779,1.046,-0.332,0.24
576.799,1.187,-0.161,0.258
576.819,1.021,-0.879,0.322
576.839,1.035,-0.642,0.58
576.859,1.068,-0.634,0.379
576.879,1.16,-0.609,0.253
576.899,1.186,-0.947,0.409
576.919,0.792,-0.424,0.331
576.939,1.023,-0.503,0.398
576.959,1.333,-0.775,0.204
576.979,0.81,-0.438,0.397
576.999,1.09,-0.967,0.403
577.019,1.041,-1.0,0.019
577.039,0.969,-0.614,0.232
577.059,1.399,-0.584,0.274
577.079,1.08,-0.697,0.241
577.099,1.369,-0.439,0.101
577.119,1.042,-0.803,-0.179
577.139,1.131,-0.414,0.512
577.159,0.922,-0.51,-0.116
577.179,0.91,-0.295,0.718
577.199,1.1,-1.01,0.262
577.219,1.13,-0.758,0.174
577.239,1.156,-0.832,-0.004
577.259,1.122,-0.503,-0.04
577.279,0.779,-0.346,0.112
577.299,0.888,-0.742,0.331
577.319,1.228,-0.537,0.582
577.339,0.643,-0.364,-0.015
577.359,1.099,-0.592,0.385
577.379,1.008,-0.521,-0.047
577.399,1.207,-1.047,0.141
577.419,1.124,-0.33,0.447
577.439,0.891,-0.715,0.141
577.459,0.897,-0.12,0.653
577.479,0.942,-0.843,0.499
577.499,1.164,-0.565,0.452
577.519,0.61,-0.48,0.241
577.539,1.094,-1.155,0.176
577.559,0.884,-0.285,0.261
577.579,1.109,-0.504,0.398
577.599,1.149,-0.95,0.39
577.619,0.753,-0.574,0.174
577.639,1.031,-0.588,0.186
577.659,1.111,-0.692,0.013
577.679,1.127,-0.78,0.773
577.699,1.097,-0.694,0.142
577.719,0.884,-0.489,-0.008
577.739,0.949,-0.497,-0.18
577.759,0.898,-0.673,0.181
577.779,1.291,-0.64,0.391
577.799,1.154,-0.701,0.283
577.819,1.162,-0.863,0.294
577.839,0.819,-0.676,0.488
577.859,1.153,-0.819,0.454
577.879,1.281,-0.87,0.153
577.899,0.784,-1.155,0.377
577.919,1.048,-0.75,0.324
577.939,0.836,-0.499,0.199
577.959,1.075,-0.399,0.596
577.979,0.977,-0.563,0.158
577.999,1.229,-0.915,0.164
578.019,1.194,-0.678,0.183
578.039,1.419,-0.875,0.464
578.059,1.139,-0.229,0.485
578.079,1.203,-0.683,0.54
578.099,1.02,-0.697,0.436
578.119,0.927,-0.406,0.273
578.139,1.319,-0.604,0.498
578.159,1.407,-0.381,0.386
578.179,1.298,-0.827,0.279
578.199,1.186,-0.556,0.224
578.219,0.973,-0.49,0.278
578.239,1.395,-1.116,0.209
578.259,1.269,-0.709,0.379
578.279,1.55,-0.704,0.273
578.299,0.906,-0.552,0.418
578.319,1.334,-0.634,0.434
578.339,1.275,-0.525,0.325
578.359,1.094,-0.615,0.225
578.379,1.422,-0.342,0.134
578.399,1.238,-0.157,0.274
578.419,0.974,-0.892,0.338
578.439,1.139,-0.569,0.014
578.459,0.978,-0.343,-0.083
578.479,1.063,-0.706,0.253
578.499,1.297,-0.502,0.098
578.519,1.355,-0.638,0.494
578.539,1.209,-0.772,0.551
578.559,1.025,-0.768,0.075
578.579,1.224,-1.062,-0.051
578.599,1.29,-0.535,0.395
578.619,0.76,-0.511,0.321
578.639,1.194,-0.747,0.355
578.659,1.123,-0.623,0.429
578.679,1.351,-0.853,0.202
578.699,1.244,-0.48,0.251
578.719,1.27,-0.666,0.452
578.739,1.064,-0.43,0.381
578.759,1.15,-0.658,0.682
578.779,1.317,-0.784,0.323
578.799,1.111,-0.7,0.307
578.819,1.15,-0.292,0.421
578.839,0.787,-0.177,0.66
578.859,1.085,-0.886,0.376
578.879,0.693,-0.418,0.167
578.899,0.998,-0.822,0.115
578.919,1.118,-0.759,0.281
578.939,1.267,-0.547,0.018
578.959,0.91,-0.492,0.369
578.979,1.185,-0.747,0.31
578.999,1.402,-0.484,0.354
579.019,0.99,-0.357,-0.086
579.039,0.815,-0.444,0.537
579.059,1.188,-0.791,0.036
579.079,0.878,-0.692,0.02
579.099,0.972,-0.417,-0.118
579.119,1.316,-0.298,0.167
579.139,1.504,-0.855,0.318
579.159,0.945,-0.539,0.272
579.179,0.999,-0.463,0.428
579.199,1.055,-0.885,0.541
579.219,1.04,-0.411,0.56
579.239,1.526,-0.208,0.232
579.259,1.017,-0.501,0.259
579.279,1.038,-0.523,0.256
579.299,1.456,-0.771,0.223
579.319,1.24,-0.73,0.709
579.339,1.318,-0.781,0.356
579.359,0.941,-0.843,0.393
579.379,1.022,-0.715,0.429
579.399,0.924,-0.614,0.542
579.419,1.283,-0.861,0.231
579.439,1.383,-0.762,0.376
579.459,1.017,-0.634,0.365
579.479,1.076,-1.112,-0.059
579.499,1.073,-0.491,0.15
579.519,0.833,-0.643,0.223
579.539,1.013,-0.642,0.451
579.559,1.295,-0.435,0.945
579.579,0.972,-0.452,0.154
579.599,1.152,-0.492,0.156
579.619,0.861,-0.556,0.347
579.639,1.101,-0.617,-0.077
579.659,1.003,-0.745,-0.101
579.679,0.878,-0.81,0.232
579.699,1.27,-0.537,0.168
579.719,1.289,-0.542,0.503
579.739,0.908,-0.589,0.211
579.759,1.055,-0.891,0.032
579.779,1.113,-1.161,0.097
579.799,0.76,-0.615,0.537
579.819,0.835,-0.977,0.157
579.839,1.354,-0.532,0.227
579.859,0.872,-0.227,0.248
579.879,1.343,-0.546,0.194
579.899,0.842,-0.7,0.362
579.919,1.236,-0.821,0.672
579.939,1.051,-0.727,0.449
579.959,1.08,-0.622,0.504
579.979,1.49,-0.424,0.132
579.999,0.866,-0.605,0.403
580.019,1.225,-0.683,0.584
580.039,1.229,-0.485,0.249
580.059,1.785,-0.326,0.304
580.079,0.891,-0.573,0.46
580.099,0.983,-0.596,0.608
580.119,1.27,-0.969,0.561
580.139,1.088,-0.886,0.065
580.159,1.036,-0.916,0.386
580.179,1.32,-0.641,0.216
580.199,1.086,-0.772,0.273
580.219,0.961,-0.718,0.073
580.239,1.291,-0.79,0.291
580.259,1.224,-0.773,0.159
580.279,1.097,-0.996,0.301
580.299,1.098,-0.584,0.439
580.319,0.978,-0.485,0.399
580.339,1.295,-0.612,0.53
580.359,1.067,-0.546,0.248
580.379,0.989,-0.518,0.027
580.399,0.9,-0.529,0.677
580.419,1.218,-0.457,0.476
580.439,1.056,-0.388,0.487
580.459,0.765,-0.304,0.486
580.479,0.915,-1.011,0.432
580.499,1.105,-0.538,0.563
580.519,1.101,-0.868,0.23
580.539,1.106,-0.333,0.512
580.559,1.086,-0.575,0.438
580.579,0.864,-0.529,0.384
580.599,0.984,-0.559,0.266
580.619,1.403,-0.547,0.412
580.639,1.371,-0.238,0.312
580.659,1.271,-0.298,0.535
580.679,1.253,-0.221,0.275
580.699,1.339,-0.59,0.159
580.719,0.923,-0.996,0.466
580.739,1.151,-0.423,0.765
580.759,0.92,-0.805,0.414
580.779,0.923,-0.638,0.347
580.799,1.23,-0.582,0.717
580.819,1.352,-0.561,0.458
580.839,1.128,-0.427,0.328
580.859,1.486,-0.758,0.705
580.879,1.193,-0.448,0.224
580.899,0.998,-0.607,0.295
580.919,0.936,-0.039,0.426
580.939,1.365,-0.9,0.925
580.959,1.194,-0.532,0.181
580.979,1.283,-0.44,0.125
580.999,0.618,-0.663,0.388
581.019,1.204,-0.695,0.652
581.039,1.032,-0.316,0.521
581.059,0.859,-0.417,0.204
581.079,1.153,-0.745,0.086
581.099,1.378,-0.867,0.194
581.119,1.609,-0.464,0.34
581.139,1.206,-0.498,0.384
581.159,1.026,-0.438,0.272
581.179,1.023,-0.57,0.248
581.199,1.362,-0.381,0.246
581.219,0.973,-0.228,0.42
581.239,1.293,-0.223,0.358
581.259,1.222,-0.686,0.404
581.279,1.208,-0.034,0.351
581.299,0.882,-0.418,-0.094
581.319,1.122,-0.851,0.281
581.339,0.896,-0.465,0.139
581.359,1.059,-0.517,0.579
581.379,1.371,-0.585,0.031
581.399,1.456,-0.592,-0.111
581.419,1.237,-0.407,0.43
581.439,1.077,-0.424,0.319
581.459,1.487,-0.689,0.302
581.479,1.059,-0.676,0.358
581.499,0.942,-0.687,0.253
581.519,1.299,-0.593,0.172
581.539,1.245,-0.384,0.291
581.559,1.031,-0.315,0.031
581.579,1.172,-0.593,0.547
581.599,1.248,-0.333,0.118
581.619,1.214,-0.464,0.025
581.639,1.26,-0.529,0.34
581.659,1.071,-0.163,0.106
581.679,1.281,-0.46,0.508
581.699,1.185,-0.53,-0.13
581.719,1.082,-0.337,-0.065
581.739,1.133,-0.768,0.187
581.759,1.172,-0.588,0.3
581.779,0.904,-0.505,0.128
581.799,1.069,-0.408,0.217
581.819,1.227,-0.496,0.599
581.839,0.952,-0.794,0.108
581.859,1.09,-0.686,-0.066
581.879,1.687,-0.607,0.205
581.899,1.001,-0.474,0.019
581.919,1.177,-0.772,0.364
581.939,1.081,-0.231,0.333
581.959,1.23,-0.463,0.235
581.979,1.094,-0.46,0.355
581.999,1.213,-0.555,0.074
582.019,1.11,-0.811,0.482
582.039,1.471,-0.51,0.166
582.059,1.268,-0.386,0.597
582.079,1.034,-0.558,0.198
582.099,1.411,-0.302,0.186
582.119,1.069,-0.505,0.236
582.139,0.944,-0.359,0.386
582.159,1.257,-0.517,0.555
582.179,1.63,-0.41,0.331
582.199,0.884,-0.297,0.696
582.219,0.983,-0.696,0.094
582.239,1.391,-0.352,0.221
582.259,1.106,-0.271,0.04
582.279,1.337,-0.05,0.187
582.299,1.03,-0.479,0.148
582.319,1.206,-0.925,-0.014
582.339,1.519,-0.849,0.481
582.359,0.929,-0.673,0.397
582.379,1.376,-0.245,0.213
582.399,1.317,-0.072,0.348
582.419,0.868,-0.589,0.191
582.439,1.288,-0.48,0.24
582.459,1.188,-1.009,0.382
582.479,1.198,-0.361,0.282
582.499,1.253,-0.46,0.29
582.519,1.118,-0.537,-0.081
582.539,1.206,-0.696,0.45
582.559,1.248,-0.576,0.545
582.579,1.374,-0.78,0.487
582.599,0.947,-0.676,0.182
582.619,1.508,-0.754,0.49
582.639,1.033,-0.705,0.378
582.659,1.417,-0.728,0.125
582.679,1.286,-0.382,0.252
582.699,1.007,-0.738,0.29
582.719,1.381,-0.525,-0.153
582.739,1.092,-0.729,0.357
582.759,1.507,-0.728,0.103
582.779,1.145,-0.722,0.134
582.799,0.961,-0.312,0.376
582.819,1.587,-0.554,0.28
582.839,1.31,-0.649,0.15
582.859,1.446,-0.697,0.367
582.879,1.121,-0.747,0.17
582.899,0.903,-0.618,0.158
582.919,1.622,-0.768,0.561
582.939,1.307,-0.568,0.347
582.959,1.409,-0.627,0.377
582.979,1.464,-0.63,0.599
582.999,1.266,-0.224,0.241
583.019,1.389,-0.49,0.148
583.039,1.661,-0.475,0.145
583.059,1.329,-0.156,0.632
583.079,1.526,-0.688,0.242
583.099,0.916,-0.523,0.087
583.119,1.53,-0.731,0.305
583.139,0.999,-0.411,0.153
583.159,1.509,-0.291,0.196
583.179,1.403,-0.892,0.599
583.199,1.303,-0.243,0.29
583.219,1.295,-0.351,0.017
583.239,1.267,-0.389,0.193
583.259,1.147,-0.634,-0.071
583.279,1.254,-0.245,0.142
583.299,1.73,-0.046,0.492
583.319,1.537,-0.452,0.135
583.339,1.11,-0.428,0.797
583.359,1.331,-0.346,-0.243
583.379,1.304,-0.427,0.199
583.399,1.25,-0.389,0.315
583.419,1.081,-0.132,0.318
583.439,1.376,-0.362,0.431
583.459,1.449,-0.298,0.26
583.479,1.104,0.07,0.56
583.499,1.669,-0.052,0.067
583.519,1.574,-0.549,0.26
583.539,1.365,0.012,0.075
583.559,1.0,-0.074,0.186
583.579,1.32,-0.055,0.24
583.599,1.307,-0.492,0.408
583.619,1.334,-0.323,0.086
583.639,1.564,-0.45,0.232
583.659,1.203,-0.338,0.312
583.679,1.65,0.01,0.34
583.699,1.33,-0.316,0.076
583.719,1.188,-0.679,0.343
583.739,1.716,-0.447,0.534
583.759,1.42,-0.497,0.526
583.779,1.16,0.004,0.245
583.799,1.264,-0.52,0.401
583.819,1.394,-0.459,0.266
583.839,1.232,-0.446,0.517
583.859,1.268,-0.048,0.443
583.879,1.094,-0.169,0.065
583.899,0.91,-0.245,0.252
583.919,1.288,-0.31,0.174
583.939,1.296,-0.325,0.27
583.959,1.373,-0.345,0.066
583.979,1.139,0.067,0.274
583.999,0.992,-0.609,0.259
584.019,1.057,-0.909,0.264
584.039,1.467,-0.275,0.361
584.059,1.123,-0.088,0.016
584.079,1.181,-0.329,0.469
584.099,1.199,-0.759,0.487
584.119,1.125,-0.218,0.6
584.139,1.104,-0.565,0.298
584.159,1.071,-0.601,0.357
584.179,1.54,-0.533,0.535
584.199,1.391,-0.641,0.203
584.219,1.503,-0.279,0.433
584.239,1.545,-0.455,0.201
584.259,0.776,-0.585,0.462
584.279,1.302,0.155,0.436
584.299,1.115,-0.412,0.191
584.319,1.464,-0.296,0.47
584.339,1.089,0.013,0.283
584.359,1.036,-0.171,0.324
584.379,0.944,0.066,0.508
584.399,1.169,-0.46,0.567
584.419,1.391,-0.108,0.444
584.439,1.262,-0.21,0.358
584.459,0.961,-0.091,0.509
584.479,1.64,-0.124,0.286
584.499,1.308,-0.447,0.52
584.519,1.344,0.269,0.231
584.539,1.431,-0.748,0.317
584.559,0.84,-0.474,0.17
584.579,0.977,-0.178,0.343
584.599,1.331,-0.256,0.67
584.619,1.006,-0.291,0.687
584.639,1.122,-0.167,0.696
584.659,1.165,-0.485,0.251
584.679,0.92,-0.155,0.924
584.699,1.094,-0.347,0.631
584.719,1.354,-0.049,0.59
584.739,1.323,-0.385,0.436
584.759,1.392,-0.222,0.076
584.779,1.362,-0.193,0.25
584.799,1.244,-0.158,0.287
584.819,1.242,-0.324,0.353
584.839,1.227,-0.392,0.292
584.859,1.049,-0.502,0.374
584.879,0.965,-0.265,0.458
584.899,1.019,-0.737,0.386
584.919,1.103,-0.306,0.311
584.939,1.035,-0.269,0.293
584.959,1.24,0.019,0.636
584.979,1.181,-0.484,0.289
584.999,1.21,-0.313,0.51
585.02,1.227,-0.332,0.353
585.04,1.397,-0.57,-0.019
585.06,1.163,-0.36,0.798
585.08,1.365,-0.602,0.585
585.1,1.254,-0.151,0.781
585.12,1.39,-0.209,0.51
585.14,1.495,-0.248,0.354
585.16,1.279,-0.45,0.469
585.18,1.193,-0.034,0.263
585.2,1.203,-0.552,0.188
585.22,1.091,-0.307,0.786
585.24,1.079,-0.563,0.301
585.26,1.365,-0.366,0.38
585.28,0.992,-0.084,0.452
585.3,1.502,-0.242,0.312
585.32,1.161,-0.514,0.572
585.34,1.772,-0.437,0.369
585.36,1.064,-0.422,1.082
585.38,1.25,-0.519,-0.011
585.4,1.142,-0.296,0.234
585.42,1.048,0.077,0.6
585.44,1.424,-0.464,0.072
585.46,0.985,0.023,0.416
585.48,1.085,-0.358,0.316
585.5,1.333,-0.299,0.361
585.52,1.362,-0.287,0.646
585.54,0.932,-0.673,0.427
585.56,1.318,-0.233,0.244
585.58,1.246,-0.814,0.578
585.6,1.044,-0.277,0.406
585.62,1.07,-0.287,0.073
585.64,0.816,-0.628,0.202
585.66,1.572,-0.303,0.326
585.68,1.421,-0.388,0.494
585.7,0.947,-0.365,0.322
585.72,1.357,-0.37,0.532
585.74,1.09,-0.439,0.355
585.76,1.396,-0.292,0.186
585.78,1.115,-0.141,0.325
585.8,1.14,-0.354,0.465
585.82,1.154,-0.32,0.256
585.84,1.087,-0.173,0.067
585.86,1.478,0.161,0.327
585.88,1.382,-0.334,0.108
585.9,1.232,-0.643,0.592
585.92,1.422,-0.48,0.523
585.94,0.895,-0.181,0.257
585.96,0.98,0.003,0.399
585.98,1.337,-0.482,0.305
586.0,1.383,-0.299,0.62
586.02,1.291,-0.279,0.01
586.04,0.857,-0.44,0.37
586.06,1.032,0.022,0.15
586.08,1.325,-0.059,0.431
586.1,1.718,-0.228,-0.034
586.12,1.469,-0.372,0.403
586.14,1.526,-0.118,0.728
586.16,1.276,-0.194,0.248
586.18,1.274,-0.382,0.059
586.2,0.988,-0.111,0.501
586.22,1.379,-0.224,0.322
586.24,1.17,-0.627,0.58
586.26,1.332,-0.488,0.613
586.28,1.191,-0.554,0.603
586.3,1.229,-0.088,0.378
586.32,1.153,-0.437,0.738
586.34,1.222,-0.17,0.541
586.36,1.376,0.145,0.233
586.38,0.927,-0.137,0.245
586.4,0.874,-0.385,0.634
586.42,1.261,-0.436,0.509
586.44,1.47,-0.347,0.225
586.46,1.511,-0.489,0.296
586.48,0.92,-0.491,0.372
586.5,1.064,-0.416,0.542
586.52,0.854,-0.131,0.338
586.54,1.032,-0.335,0.649
586.56,1.364,-0.272,0.45
586.58,1.135,-0.111,0.658
586.6,1.067,-0.067,0.152
586.62,1.246,-0.609,0.677
586.64,0.976,-0.558,0.612
586.66,1.466,-0.293,0.401
586.68,1.164,-0.435,0.304
586.7,1.088,-0.039,0.67
586.72,1.298,-0.307,0.33
586.74,1.372,0.141,0.435
586.76,1.501,-0.315,0.55
586.78,1.147,-0.16,0.227
586.8,1.401,-0.35,0.416
586.82,1.194,-0.117,0.27
586.84,1.043,-0.099,0.144
586.86,0.999,-0.024,0.88
586.88,0.938,-0.221,0.337
586.9,1.01,0.067,0.592
586.92,1.358,-0.118,0.896
586.94,1.273,-0.299,0.344
586.96,0.892,-0.3,0.206
586.98,0.807,-0.035,0.819
587.0,0.943,0.073,0.285
587.02,0.997,-0.397,0.395
587.04,1.093,-0.032,0.356
587.06,1.387,-0.473,0.497
587.08,1.056,-0.302,0.109
587.1,1.489,-0.07,0.599
587.12,0.821,-0.335,0.582
587.14,1.1,0.141,0.668
587.16,1.308,-0.013,0.676
587.18,1.316,-0.38,0.612
587.2,1.069,-0.021,0.476
587.22,1.343,-0.41,0.557
587.24,1.308,-0.138,0.426
587.26,1.018,0.036,0.609
587.28,1.209,0.003,0.41
587.3,1.284,-0.166,0.6
587.32,1.019,-0.225,0.473
587.34,1.483,-0.389,0.394
587.36,0.98,-0.105,0.767
587.38,1.163,0.012,0.726
587.4,0.886,0.273,0.572
587.42,1.138,-0.23,0.207
587.44,0.91,0.05,0.376
587.46,1.048,0.031,0.557
587.48,0.796,-0.214,0.67
587.5,1.266,0.023,0.674
587.52,1.183,-0.282,0.606
587.54,1.338,-0.056,0.555
587.56,1.042,-0.171,0.504
587.58,1.35,-0.024,0.413
587.6,1.121,-0.012,0.877
587.62,1.137,-0.23,0.752
587.64,1.529,-0.103,0.652
587.66,0.992,-0.126,0.297
587.68,1.337,-0.31,0.284
587.7,1.197,-0.165,0.5
587.72,0.983,-0.204,0.408
587.74,0.842,-0.319,0.274
587.76,0.888,-0.242,0.523
587.78,1.326,-0.109,0.129
587.8,1.417,-0.053,0.502
587.82,1.101,-0.293,0.613
587.84,1.106,0.202,0.612
587.86,1.22,0.074,0.156
587.88,1.074,-0.08,0.139
587.9,1.298,-0.296,0.455
587.92,1.141,-0.1,0.376
587.94,1.108,-0.108,0.266
587.96,0.967,-0.262,0.066
587.98,0.925,-0.263,0.307
588.0,0.485,0.119,0.457
588.02,1.375,-0.102,0.416
588.04,1.111,0.15,0.231
588.06,1.054,-0.026,0.293
588.08,0.733,0.13,0.416
588.1,0.986,0.125,0.285
588.12,0.96,0.072,0.515
588.14,0.955,0.224,0.562
588.16,1.174,0.015,0.562
588.18,1.122,-0.285,0.247
588.2,0.838,-0.263,0.539
588.22,0.845,-0.116,0.539
588.24,0.833,0.164,0.762
588.26,1.452,-0.043,0.854
588.28,1.379,0.079,0.71
588.3,0.902,0.149,0.368
588.32,0.677,0.067,0.317
588.34,1.104,-0.425,0.441
588.36,1.118,-0.189,0.349
588.38,1.189,0.399,0.892
588.4,1.261,0.113,0.65
588.42,1.201,-0.489,0.587
588.44,0.893,0.065,0.624
588.46,1.179,0.417,0.731
588.48,1.284,0.121,0.59
588.5,0.977,0.087,0.439
588.52,1.173,-0.285,0.607
588.54,0.996,0.023,0.594
588.56,1.503,-0.251,0.208
588.58,0.832,-0.149,0.9
588.6,1.343,-0.206,0.288
588.62,0.782,0.44,0.716
588.64,1.48,0.234,0.38
588.66,0.887,0.357,0.653
588.68,1.179,-0.197,0.422
588.7,0.803,0.107,0.129
588.72,0.867,-0.124,0.651
588.74,1.336,-0.093,0.742
588.76,1.367,0.202,0.452
588.78,1.211,0.129,0.632
588.8,1.308,0.157,0.323
588.82,1.375,-0.172,0.477
588.84,1.029,0.108,0.693
588.86,0.903,0.166,0.532
588.88,1.174,-0.026,0.548
588.9,1.054,0.043,0.645
588.92,1.238,-0.252,0.775
588.94,1.285,-0.368,0.653
588.96,1.044,0.452,0.508
588.98,1.336,0.085,0.448
589.0,1.323,-0.018,0.517
589.02,1.322,0.21,0.218
589.04,1.107,-0.125,0.523
589.06,1.353,0.079,0.235
589.08,1.294,0.277,0.397
589.1,1.309,-0.155,0.639
589.12,1.509,-0.035,0.398
589.14,1.237,-0.22,0.753
589.16,1.051,0.224,0.448
589.18,0.956,0.098,0.701
589.2,1.399,0.298,0.398
589.22,1.266,0.234,0.419
589.24,1.549,0.006,0.657
589.26,0.812,0.129,0.382
589.28,1.403,0.135,0.493
589.3,1.163,0.19,0.344
589.32,1.156,0.338,-0.037
589.34,1.076,-0.17,0.305
589.36,1.395,-0.313,0.71
589.38,1.332,-0.145,0.47
589.4,0.981,0.16,0.597
589.42,1.254,0.144,0.623
589.44,1.338,-0.048,0.615
589.46,1.236,0.01,0.769
589.48,1.422,-0.112,0.386
589.5,1.138,0.022,0.737
589.52,0.741,-0.104,0.562
589.54,1.239,0.354,0.526
589.56,1.238,0.297,0.021
589.58,1.239,0.178,0.51
589.6,1.398,0.032,0.621
589.62,0.791,0.232,0.479
589.64,1.128,0.015,0.668
589.66,0.973,0.028,0.693
589.68,0.928,-0.345,0.382
589.7,1.151,0.042,0.471
589.72,1.308,-0.264,0.384
589.74,1.208,-0.085,0.361
589.76,1.022,0.028,0.469
589.78,1.118,-0.181,0.492
589.8,1.346,0.103,0.043
589.82,1.291,0.221,0.452
589.84,1.047,-0.171,0.539
589.86,1.043,0.018,0.486
589.88,0.811,-0.243,0.441
589.9,1.074,-0.225,0.249
589.92,0.819,0.076,0.184
589.94,1.562,0.158,0.336
589.96,0.972,-0.281,0.076
589.98,1.351,0.433,0.436
590.0,1.472,-0.066,0.268
590.02,1.149,0.058,0.476
590.04,1.083,-0.085,0.315
590.06,0.831,-0.05,0.058
590.08,0.986,0.317,0.266
590.1,1.391,0.312,0.512
590.12,1.141,-0.324,0.628
590.14,1.082,-0.107,0.406
590.16,1.343,0.605,0.51
590.18,1.203,-0.074,0.41
590.2,1.041,0.092,0.397
590.22,1.125,0.254,0.278
590.24,0.951,0.182,0.432
590.26,0.986,-0.553,0.296
590.28,1.063,0.078,0.7
590.3,1.232,0.36,0.264
590.32,0.877,0.013,0.422
590.34,1.172,-0.216,0.155
590.36,1.076,-0.205,0.338
590.38,0.969,-0.04,0.165
590.4,1.054,0.118,0.233
590.42,0.666,0.541,0.554
590.44,0.979,-0.098,0.37
590.46,0.914,0.063,0.555
590.48,1.083,-0.372,0.354
590.5,0.682,-0.399,0.53
590.52,1.179,-0.158,0.528
590.54,1.32,0.025,0.493
590.56,1.12,-0.082,0.537
590.58,1.23,-0.057,0.454
590.6,1.021,-0.124,0.25
590.62,0.816,-0.065,0.042
590.64,1.134,-0.122,0.168
590.66,1.269,-0.335,0.382
590.68,0.864,-0.366,0.529
590.7,1.034,0.202,0.396
590.72,1.069,-0.239,0.229
590.74,1.686,-0.119,0.19
590.76,1.171,0.143,0.288
590.78,0.744,-0.131,0.399
590.8,0.692,0.106,0.294
590.82,1.267,-0.264,0.188
590.84,1.636,0.231,0.122
590.86,1.091,-0.025,0.152
590.88,1.088,-0.072,0.157
590.9,1.248,-0.092,0.294
590.92,1.007,0.09,0.171
590.94,0.667,0.001,0.234
590.96,1.401,-0.679,0.467
590.98,1.073,-0.122,0.443
591.0,1.407,0.038,0.661
591.02,1.059,-0.228,0.394
591.04,1.237,-0.144,0.056
591.06,1.394,-0.129,0.012
591.08,1.434,0.272,0.346
591.1,1.252,0.072,0.325
591.12,1.23,0.025,0.277
591.14,1.334,-0.29,0.115
591.16,1.331,-0.193,0.146
591.18,0.981,0.112,0.556
591.2,0.979,0.07,0.551
591.22,0.815,-0.344,0.399
591.24,1.384,0.228,0.46
591.26,1.172,-0.229,0.116
591.28,1.407,0.014,0.402
591.3,1.311,0.483,0.209
591.32,1.031,-0.153,0.602
591.34,1.214,-0.026,0.429
591.36,1.147,-0.167,0.034
591.38,1.13,-0.041,0.112
591.4,1.436,0.217,0.344
591.42,1.751,-0.107,0.171
591.44,1.499,-0.132,0.569
591.46,1.274,0.15,-0.013
591.48,1.525,-0.325,0.352
591.5,1.605,-0.059,0.035
591.52,0.973,-0.216,0.282
591.54,1.467,-0.103,0.118
591.56,1.388,-0.238,0.358
591.58,1.471,-0.325,0.188
591.6,1.403,-0.487,0.245
591.62,1.197,-0.138,0.6
591.64,1.625,0.006,0.311
591.66,1.284,0.129,-0.169
591.68,1.128,-0.288,0.339
591.7,1.33,-0.012,0.643
591.72,1.433,0.066,0.435
591.74,1.256,0.024,0.542
591.76,1.315,0.021,0.237
591.78,1.247,-0.458,0.501
591.8,1.088,-0.065,0.284
591.82,1.048,-0.052,0.433
591.84,0.93,0.085,0.603
591.86,1.515,0.251,0.138
591.88,1.164,-0.086,-0.022
591.9,0.526,-0.101,0.263
591.92,1.287,-0.012,0.415
591.94,1.29,-0.03,0.674
591.96,0.861,0.054,0.362
591.98,1.08,0.082,0.461
592.0,1.061,-0.061,0.2
592.02,1.082,0.055,0.207
592.04,1.486,-0.086,0.421
592.06,1.197,-0.333,0.672
592.08,1.139,-0.273,0.342
592.1,1.449,-0.512,0.386
592.12,1.321,0.287,0.205
592.14,0.871,0.203,0.23
592.16,1.099,0.15,0.57
592.18,1.288,-0.098,0.049
592.2,1.028,0.133,0.198
592.22,1.639,0.138,0.3
592.24,1.255,-0.348,0.355
592.26,1.085,-0.222,0.306
592.28,1.009,0.038,0.502
592.3,1.419,-0.193,0.937
592.32,1.096,-0.23,0.112
592.34,1.289,0.079,0.395
592.36,0.99,-0.238,0.192
592.38,1.225,0.402,0.512
592.4,1.081,0.216,0.689
592.42,1.163,-0.158,0.311
592.44,1.08,0.145,0.523
592.46,1.436,-0.065,0.125
592.48,1.137,-0.192,0.567
592.5,1.192,0.285,0.664
592.52,1.215,-0.023,0.288
592.54,1.557,-0.288,0.435
592.56,1.425,-0.036,0.057
592.58,1.408,0.198,0.192
592.6,0.93,-0.143,0.425
592.62,1.111,-0.115,0.777
592.64,1.476,-0.212,-0.057
592.66,1.009,-0.055,0.343
592.68,1.252,-0.317,0.567
592.7,1.022,-0.273,0.689
592.72,1.044,-0.184,0.291
592.74,1.557,-0.086,0.592
592.76,1.354,0.112,0.479
592.78,1.39,-0.137,0.685
592.8,1.347,0.047,0.283
592.82,1.161,-0.2,0.345
592.84,1.058,0.009,0.179
592.86,1.107,0.144,0.226
592.88,1.136,-0.117,0.227
592.9,1.524,-0.029,0.126
592.92,0.906,-0.219,0.666
592.94,1.079,0.016,0.323
592.96,1.008,-0.668,0.204
592.98,1.392,-0.445,0.222
593.0,1.555,-0.018,-0.0
593.02,1.247,-0.472,0.44
593.04,1.264,-0.241,0.142
593.06,1.191,0.14,0.183
593.08,1.264,0.037,0.548
593.1,1.327,0.342,0.208
593.12,1.252,-0.118,0.391
593.14,1.276,-0.148,0.188
593.16,1.337,-0.12,0.199
593.18,0.815,-0.308,0.18
593.2,1.186,-0.161,0.259
593.22,1.257,-0.352,0.026
593.24,1.271,0.135,0.446
593.26,1.132,0.064,0.847
593.28,1.202,-0.307,0.395
593.3,1.028,-0.195,0.08
593.32,0.808,0.024,0.429
593.34,1.378,-0.014,-0.01
593.36,0.953,-0.282,0.147
593.38,1.147,-0.068,0.227
593.4,1.033,0.032,0.517
593.42,1.513,0.023,0.438
593.44,1.182,0.26,0.014
593.46,1.137,-0.015,0.46
593.48,1.334,-0.335,0.191
593.5,1.616,-0.3,0.437
593.52,1.279,0.178,0.171
593.54,1.115,0.269,0.298
593.56,1.332,-0.07,0.173
593.58,0.847,0.011,0.323
593.6,1.185,-0.039,0.111
593.62,1.573,-0.116,0.179
593.64,1.205,-0.358,0.227
593.66,1.2,0.037,0.157
593.68,1.185,0.293,0.264
593.7,1.106,-0.047,0.365
593.72,1.237,-0.133,0.608
593.74,1.342,-0.161,0.133
593.76,1.132,0.02,0.144
593.78,0.704,0.149,0.369
593.8,1.311,0.018,0.04
593.82,1.644,-0.471,0.41
593.84,1.138,0.229,0.365
593.86,0.922,0.046,0.476
593.88,1.363,-0.165,0.817
593.9,1.573,-0.243,0.379
593.92,1.325,-0.215,0.273
593.94,1.553,0.031,0.575
593.96,1.367,-0.536,0.372
593.98,1.352,-0.039,0.368
594.0,1.097,-0.084,0.768
594.02,1.237,-0.06,0.576
594.04,1.171,-0.365,0.244
594.06,1.166,-0.47,0.251
594.08,1.145,0.321,0.161
594.1,1.249,-0.095,0.214
594.12,0.969,0.259,0.651
594.14,1.386,0.062,0.328
594.16,1.052,-0.098,0.085
594.18,1.177,-0.069,0.548
594.2,1.318,0.112,0.501
594.22,1.072,0.127,0.365
594.24,0.841,-0.011,0.316
594.26,1.152,0.111,0.45
594.28,0.927,0.127,0.466
594.3,1.369,-0.039,0.548
594.32,0.988,-0.226,0.117
594.34,1.52,0.003,0.237
594.36,1.22,-0.265,0.369
594.38,1.229,-0.172,0.198
594.4,0.811,-0.02,0.555
594.42,1.231,-0.104,0.584
594.44,1.187,0.185,0.331
594.46,0.94,-0.21,0.568
594.48,1.222,-0.511,0.475
594.5,1.108,0.178,0.487
594.52,1.13,-0.053,-0.134
594.54,1.186,-0.066,0.405
594.56,1.076,-0.232,0.319
594.58,1.204,-0.456,0.401
594.6,1.14,-0.271,0.325
594.62,1.25,-0.012,0.161
594.64,1.058,-0.176,0.341
594.66,0.925,-0.214,0.326
594.68,0.979,-0.489,0.579
594.7,1.414,0.214,0.387
594.72,1.322,-0.152,0.305
594.74,1.382,0.337,0.169
594.76,1.402,-0.063,0.957
594.78,1.052,0.189,0.616
594.8,1.199,-0.257,0.453
594.82,1.136,-0.399,0.137
594.84,1.272,-0.127,0.105
594.86,1.073,0.016,0.757
594.88,1.161,0.031,0.744
594.9,1.151,-0.037,0.498
594.92,1.24,0.334,0.273
594.94,1.257,-0.047,0.315
594.96,1.145,-0.194,0.244
594.98,1.156,-0.182,0.823
595.0,1.159,-0.291,0.36
595.02,1.448,-0.075,0.558
595.04,0.789,0.115,0.578
595.06,0.947,0.177,0.129
595.08,1.283,-0.14,0.406
595.1,1.201,-0.099,0.342
595.12,1.194,-0.224,0.669
595.14,1.277,0.117,0.539
595.16,1.176,-0.313,0.407
595.18,1.018,-0.212,0.457
595.2,1.239,-0.908,0.283
595.22,1.106,-0.302,0.241
595.24,1.024,-0.183,0.299
595.26,1.227,-0.153,0.564
595.28,1.227,-0.32,0.65
595.3,1.159,-0.289,0.59
595.32,1.462,0.196,0.181
595.34,1.375,-0.208,0.564
595.36,1.316,-0.422,0.611
595.38,1.614,-0.265,0.832
595.4,1.064,-0.262,0.224
595.42,0.987,-0.081,0.709
595.44,1.239,0.019,0.827
595.46,1.025,-0.345,0.289
595.48,1.076,-0.02,0.634
595.5,0.883,0.209,0.183
595.52,1.203,0.139,0.531
595.54,0.772,0.05,0.343
595.56,1.044,0.0,0.679
595.58,1.051,-0.154,0.53
595.6,0.962,0.182,0.486
595.62,0.697,-0.034,0.665
595.64,0.693,-0.265,0.37
595.66,0.898,-0.114,0.533
595.68,1.157,-0.226,0.66
595.7,1.097,-0.138,0.471
595.72,1.037,0.134,0.547
595.74,0.88,-0.143,0.482
595.76,1.12,-0.258,0.827
595.78,0.677,0.112,0.821
595.8,0.555,0.16,0.516
595.82,0.994,-0.263,0.504
595.84,0.94,0.189,0.354
595.86,1.255,0.096,1.006
595.88,1.1,-0.19,0.729
595.9,1.413,0.166,0.754
595.92,0.985,-0.32,0.866
595.94,1.189,-0.173,0.579
595.96,1.069,-0.29,0.534
595.98,1.39,-0.282,0.901
596.0,1.081,0.092,0.496
596.02,1.286,-0.063,0.569
596.04,0.908,-0.283,0.668
596.06,1.046,-0.175,0.382
596.08,1.109,-0.201,0.753
596.1,1.358,-0.005,0.704
596.12,0.687,0.396,0.495
596.14,1.076,-0.026,0.855
596.16,1.084,-0.01,0.397
596.18,0.728,0.239,0.561
596.2,1.06,-0.185,0.936
596.22,0.844,0.181,0.608
596.24,0.681,-0.189,0.335
596.26,1.087,-0.188,0.679
596.28,1.095,-0.168,0.574
596.3,1.108,-0.114,0.735
596.32,1.208,-0.129,0.854
596.34,0.985,-0.023,0.629
596.36,1.521,-0.193,0.17
596.38,1.166,-0.078,0.774
596.4,1.409,-0.426,0.446
596.42,0.812,0.06,0.739
596.44,0.967,0.126,0.797
596.46,1.274,-0.064,0.843
596.48,1.076,0.059,0.826
596.5,0.894,-0.259,0.58
596.52,0.744,0.22,0.622
596.54,1.256,-0.041,0.733
596.56,1.243,-0.408,0.821
596.58,1.149,0.168,0.456
596.6,0.999,0.058,0.848
596.62,0.875,0.283,0.299
596.64,1.073,0.231,0.239
596.66,0.814,0.164,0.326
596.68,0.928,-0.008,0.76
596.7,1.327,0.028,0.771
596.72,0.696,-0.339,0.681
596.74,1.204,-0.18,0.523
596.76,1.363,0.483,0.728
596.78,1.23,-0.469,0.495
596.8,1.152,-0.053,0.561
596.82,0.985,-0.131,0.455
596.84,0.95,0.052,0.739
596.86,0.628,-0.066,0.498
596.88,1.084,0.148,0.685
596.9,1.01,-0.091,0.639
596.92,0.944,0.061,0.95
596.94,1.093,-0.038,0.645
596.96,1.104,-0.157,0.869
596.98,0.97,-0.194,0.804
597.0,1.421,0.143,0.411
597.02,1.252,0.018,0.524
597.04,1.257,0.078,0.571
597.06,1.062,0.131,0.751
597.08,1.183,-0.206,0.783
597.1,0.908,-0.145,0.768
597.12,1.224,-0.164,0.47
597.14,1.059,0.124,0.633
597.16,0.885,-0.061,0.556
597.18,1.067,-0.027,0.715
597.2,0.997,-0.289,0.31
597.22,1.515,0.099,0.627
597.24,1.129,0.115,0.269
597.26,1.363,0.057,0.41
597.28,1.286,-0.026,0.967
597.3,1.074,0.133,0.99
597.32,0.972,-0.08,0.525
597.34,0.712,0.226,0.766
597.36,0.892,0.07,0.774
597.38,1.212,-0.317,0.951
597.4,1.03,-0.091,0.714
597.42,1.176,0.002,0.477
597.44,0.699,-0.199,0.523
597.46,1.207,0.176,0.781
597.48,1.343,-0.435,0.342
597.5,0.753,0.123,0.367
597.52,1.186,0.098,0.887
597.54,1.372,-0.447,1.259
597.56,1.431,-0.036,0.609
597.58,0.996,-0.145,0.712
597.6,1.252,0.228,0.738
597.62,1.38,-0.199,0.788
597.64,1.161,0.12,0.556
597.66,1.336,0.168,0.694
597.68,1.06,-0.099,0.89
597.7,1.149,0.245,0.615
597.72,0.946,-0.085,0.733
597.74,1.044,0.267,0.933
597.76,1.153,0.521,0.703
597.78,0.939,0.201,0.4
597.8,1.036,0.129,0.264
597.82,1.267,-0.077,0.496
597.84,1.516,0.395,0.953
597.86,0.712,0.219,0.671
597.88,1.51,-0.058,0.786
597.9,1.073,0.329,0.974
597.92,1.323,0.054,0.459
597.94,1.347,0.16,1.225
597.96,1.425,-0.065,0.675
597.98,0.976,-0.155,0.81
598.0,1.075,-0.139,0.566
598.02,1.119,-0.033,0.489
598.04,1.064,0.133,0.7
598.06,1.41,-0.03,0.564
598.08,1.136,-0.117,0.691
598.1,0.818,-0.139,0.236
598.12,1.016,0.313,0.374
598.14,0.829,0.057,0.547
598.16,1.099,-0.326,0.435
598.18,1.272,0.072,1.275
598.2,1.004,-0.007,0.714
598.22,1.06,0.108,0.742
598.24,1.086,-0.05,0.472
598.26,1.146,0.325,0.557
598.28,1.234,0.029,0.608
598.3,1.287,0.031,0.942
598.32,1.561,0.013,0.453
598.34,1.134,0.175,0.683
598.36,1.251,0.143,0.833
598.38,0.777,-0.011,0.283
598.4,1.021,0.066,0.397
598.42,1.056,0.003,0.455
598.44,0.912,0.224,0.693
598.46,0.994,-0.2,0.639
598.48,1.077,0.005,0.926
598.5,0.993,0.037,0.291
598.52,1.62,0.369,0.651
598.54,1.183,0.314,0.958
598.56,1.487,0.16,0.396
598.58,1.376,-0.111,0.679
598.6,0.944,0.095,0.835
598.62,1.088,0.446,0.956
598.64,0.997,0.047,0.419
598.66,1.057,0.113,0.747
598.68,0.904,0.128,0.688
598.7,1.008,-0.08,0.481
598.72,1.158,-0.078,0.437
598.74,1.156,-0.076,0.425
598.76,1.148,0.039,1.417
598.78,1.086,0.187,0.912
598.8,1.283,0.133,0.681
598.82,1.056,0.204,0.5
598.84,1.384,0.517,0.777
598.86,0.725,0.603,0.438
598.88,1.216,0.108,0.723
598.9,1.185,0.27,0.828
598.92,0.939,0.227,0.605
598.94,1.003,0.306,0.515
598.96,1.166,0.291,0.528
598.98,1.262,-0.02,0.819
599.0,0.739,0.506,0.62
599.02,1.219,0.413,0.961
599.04,1.024,0.295,0.262
599.06,1.342,0.232,0.372
599.08,0.766,0.161,0.638
599.1,1.599,0.111,0.714
599.12,0.936,0.227,0.597
599.14,1.396,0.104,0.897
599.16,1.099,0.137,0.447
599.18,0.953,0.084,0.635
599.2,1.178,0.067,0.851
599.22,1.338,0.475,0.981
599.24,0.823,0.138,0.582
599.26,1.262,0.034,1.171
599.28,1.126,0.123,0.649
599.3,1.231,-0.147,0.978
599.32,1.109,0.276,0.569
599.34,0.998,0.115,0.614
599.36,0.891,0.04,0.871
599.38,1.239,0.025,0.79
599.4,1.224,-0.196,0.616
599.42,1.225,0.491,0.411
599.44,1.176,0.163,1.145
599.46,1.274,0.494,0.556
599.48,1.372,0.087,0.632
599.5,0.716,0.23,0.242
599.52,0.633,0.272,0.512
599.54,1.451,0.228,0.819
599.56,0.823,0.053,0.619
599.58,0.856,-0.201,1.191
599.6,1.024,0.616,0.719
599.62,0.762,0.01,0.527
599.64,1.022,0.674,0.997
599.66,0.901,0.021,1.15
599.68,1.058,0.419,0.914
599.7,1.166,0.267,0.673
599.72,1.052,0.277,0.618
599.74,1.048,0.005,0.342
599.76,1.175,0.047,0.745
599.78,1.333,0.057,0.745
599.8,1.442,0.174,0.438
599.82,1.098,0.115,0.671
599.84,1.51,0.047,0.873
599.86,1.326,-0.024,0.595
599.88,0.905,0.01,0.729
599.9,0.886,0.252,0.274
599.92,1.014,0.013,1.046
599.94,1.418,-0.065,0.555
599.96,1.011,0.181,0.626
599.98,0.727,-0.282,0.735
600.0,1.062,0.161,0.635
